instance,ours_vehicles,pyvrp_vehicles,vehicle_gap,ours_distance,pyvrp_distance,distance_gap,distance_gap_percent,winner,budget_seconds,seeds_compared,vehicle_cap,ours_feasible_runs,pyvrp_feasible_runs,ours_best_seed,pyvrp_best_seed
C101,10,10,0,828.937,828.937,0.000,0,tie,0.5,0;1;2,10,3,3,0,0
C102,10,10,0,1139.170,828.937,310.233,37.4254,pyvrp,0.5,0;1;2,10,3,3,0,0
C103,10,10,0,1570.659,828.065,742.594,89.6782,pyvrp,0.5,0;1;2,10,3,3,1,0
C104,10,10,0,1665.288,824.776,840.512,101.9079,pyvrp,0.5,0;1;2,10,3,3,1,0
C105,10,10,0,946.082,828.937,117.145,14.132,pyvrp,0.5,0;1;2,10,3,3,2,0
C106,10,10,0,1019.682,828.937,190.745,23.0108,pyvrp,0.5,0;1;2,10,3,3,2,0
C107,10,10,0,958.121,828.937,129.184,15.5843,pyvrp,0.5,0;1;2,10,3,3,0,0
C108,10,10,0,1168.774,828.937,339.837,40.9967,pyvrp,0.5,0;1;2,10,3,3,2,0
C109,10,10,0,1230.890,828.937,401.953,48.4902,pyvrp,0.5,0;1;2,10,3,3,1,0
C201,3,3,0,680.210,591.555,88.655,14.9868,pyvrp,0.5,0;1;2,3,3,3,0,0
C202,3,3,0,743.639,591.555,152.084,25.7092,pyvrp,0.5,0;1;2,3,3,3,1,0
C203,3,3,0,681.625,591.173,90.452,15.3004,pyvrp,0.5,0;1;2,3,3,3,0,0
C204,3,3,0,735.519,590.598,144.921,24.538,pyvrp,0.5,0;1;2,3,3,3,2,0
C205,3,3,0,744.703,588.875,155.828,26.462,pyvrp,0.5,0;1;2,3,3,3,2,0
C206,3,3,0,671.261,588.493,82.768,14.0644,pyvrp,0.5,0;1;2,3,3,3,0,0
C207,3,3,0,675.953,588.287,87.666,14.9019,pyvrp,0.5,0;1;2,3,3,3,2,0
C208,3,3,0,722.991,588.324,134.667,22.8899,pyvrp,0.5,0;1;2,3,3,3,2,0
R101,21,21,0,1841.918,1666.366,175.552,10.535,pyvrp,0.5,0;1;2,21,3,2,2,0
R102,19,19,0,1605.808,1501.935,103.873,6.9159,pyvrp,0.5,0;1;2,19,3,3,2,0
R103,14,14,0,1542.786,1263.496,279.290,22.1045,pyvrp,0.5,0;1;2,14,3,1,2,2
R104,11,11,0,1184.423,1061.647,122.776,11.5647,pyvrp,0.5,0;1;2,11,3,3,0,0
R105,16,15,1,1686.761,1448.414,,,pyvrp,0.5,0;1;2,16,3,3,0,1
R106,14,14,0,1540.595,1313.594,227.001,17.2809,pyvrp,0.5,0;1;2,14,3,3,0,2
R107,12,12,0,1283.469,1138.264,145.205,12.7567,pyvrp,0.5,0;1;2,12,3,3,0,1
R108,10,10,0,1128.679,961.205,167.474,17.4233,pyvrp,0.5,0;1;2,10,3,3,1,1
R109,14,12,2,1518.493,1159.003,,,pyvrp,0.5,0;1;2,14,3,3,0,1
R110,13,13,0,1523.698,1154.532,369.166,31.9754,pyvrp,0.5,0;1;2,13,3,3,1,0
R111,12,12,0,1307.395,1171.316,136.079,11.6176,pyvrp,0.5,0;1;2,12,3,2,2,1
R112,12,10,2,1348.593,965.097,,,pyvrp,0.5,0;1;2,12,3,3,2,0
R201,4,4,0,1605.282,1294.077,311.205,24.0484,pyvrp,0.5,0;1;2,4,3,3,2,0
R202,4,4,0,1622.244,1130.050,492.194,43.5551,pyvrp,0.5,0;1;2,4,3,3,0,1
R203,3,3,0,1219.438,966.168,253.270,26.2139,pyvrp,0.5,0;1;2,3,3,3,2,2
R204,3,3,0,1310.217,751.067,559.150,74.4474,pyvrp,0.5,0;1;2,3,3,3,2,0
R205,3,3,0,1303.717,994.429,309.288,31.1021,pyvrp,0.5,0;1;2,3,3,3,0,0
R206,3,3,0,1533.607,935.493,598.114,63.9357,pyvrp,0.5,0;1;2,3,3,3,0,0
R207,4,3,1,1302.528,811.502,,,pyvrp,0.5,0;1;2,3,3,3,0,0
R208,3,3,0,957.965,717.325,240.640,33.5469,pyvrp,0.5,0;1;2,3,3,3,0,0
R209,3,3,0,1278.206,917.407,360.799,39.3281,pyvrp,0.5,0;1;2,3,3,3,0,1
R210,3,3,0,1402.444,959.578,442.866,46.1522,pyvrp,0.5,0;1;2,3,3,3,0,0
R211,3,3,0,1516.434,810.160,706.274,87.1771,pyvrp,0.5,0;1;2,3,3,3,0,1
RC101,17,17,0,2197.881,1709.079,488.802,28.6003,pyvrp,0.5,0;1;2,17,3,2,0,0
RC102,15,15,0,1756.601,1515.312,241.289,15.9234,pyvrp,0.5,0;1;2,15,3,3,0,2
RC103,12,12,0,1694.976,1321.637,373.339,28.2482,pyvrp,0.5,0;1;2,12,3,3,1,0
RC104,11,11,0,1482.630,1170.258,312.372,26.6926,pyvrp,0.5,0;1;2,11,3,3,2,1
RC105,16,16,0,1896.495,1583.513,312.982,19.765,pyvrp,0.5,0;1;2,16,3,2,2,2
RC106,15,15,0,1884.642,1462.911,421.731,28.8282,pyvrp,0.5,0;1;2,15,3,3,1,2
RC107,14,13,1,1708.249,1352.098,,,pyvrp,0.5,0;1;2,14,3,3,0,0
RC108,14,13,1,1664.630,1267.940,,,pyvrp,0.5,0;1;2,13,3,3,1,2
RC201,5,4,1,2394.370,1525.618,,,pyvrp,0.5,0;1;2,4,3,3,1,2
RC202,4,4,0,1586.173,1161.290,424.883,36.5872,pyvrp,0.5,0;1;2,4,3,3,2,1
RC203,3,3,0,1400.007,1082.873,317.134,29.2864,pyvrp,0.5,0;1;2,3,3,3,0,0
RC204,3,3,0,1500.132,802.137,697.995,87.0169,pyvrp,0.5,0;1;2,3,3,3,2,1
RC205,4,4,0,1695.820,1427.623,268.197,18.7863,pyvrp,0.5,0;1;2,4,3,3,2,2
RC206,4,4,0,1695.962,1082.283,613.679,56.7023,pyvrp,0.5,0;1;2,4,3,3,2,0
RC207,3,3,0,1405.392,1061.141,344.251,32.4416,pyvrp,0.5,0;1;2,3,3,3,1,0
RC208,3,3,0,1365.201,829.001,536.200,64.6803,pyvrp,0.5,0;1;2,3,3,3,0,0
