instance,budget_seconds,vehicle_cap,runs,feasible_runs,best_vehicles,best_distance,best_distance_ticks,best_seed,status,seeds_run,cap_source,input_sha256
C101,0.5,10,3,3,10,828.937,828937,0,ok,0;1;2,local_bks,a6da75152d182d60ecd2c6f854296f5be452f92282d096adebcf5d99a7f16516
C102,0.5,10,3,3,10,828.937,828937,0,ok,0;1;2,local_bks,f89a0e2a760cc7448a4ca72b88e5b29b94d64b5548f3320f42a6230025ead653
C103,0.5,10,3,3,10,828.065,828065,0,ok,0;1;2,local_bks,a55cabf15e0da9d65696a5fb45c9852889479893f76f772a428ca15d1b415a51
C104,0.5,10,3,3,10,824.776,824776,0,ok,0;1;2,local_bks,fe333e81625ee5a75bb2ce98c2c9f356d07289237865b62a23ba2f32f0de5ee2
C105,0.5,10,3,3,10,828.937,828937,0,ok,0;1;2,local_bks,9a877a3a6fb922e7ad9297cc0308bc8a5652cb1495a0228ee6b81b2d938aa29f
C106,0.5,10,3,3,10,828.937,828937,0,ok,0;1;2,local_bks,ec9b419bed53e9c607cce76e8c6bc59feb6e4d17646905601f008a4141ec7b40
C107,0.5,10,3,3,10,828.937,828937,0,ok,0;1;2,local_bks,cb3cdc10d812fa17370eb52cb753b6b0574426dc6fabeb8b9076ed750ddf05ca
C108,0.5,10,3,3,10,828.937,828937,0,ok,0;1;2,local_bks,b8c7e48f292b66b283d8e71511e3a4eccaa4c4bc66b9313c399e73b0226f5953
C109,0.5,10,3,3,10,828.937,828937,0,ok,0;1;2,local_bks,72d8489e14bf1bb18456f0b21b01110506cbcc2354719dae8481b480150f142a
C201,0.5,3,3,3,3,591.555,591555,0,ok,0;1;2,local_bks,d8d9834087ae2326fa23a8510533060233dc9fb481873be60956eb26a880ad63
C202,0.5,3,3,3,3,591.555,591555,0,ok,0;1;2,local_bks,dfc8ecad79f6c7ffb096cd36994143569f0babe284d5ad194683271d81063772
C203,0.5,3,3,3,3,591.173,591173,0,ok,0;1;2,local_bks,2b79eea2962a848cb29f6153d4fb4ae725d35507686d937da6643b33fcd85062
C204,0.5,3,3,3,3,590.598,590598,0,ok,0;1;2,local_bks,4331b2744d34e32c2987e3fe8a82b782a2039d757d2aac818f7e0fd21117bfb4
C205,0.5,3,3,3,3,588.875,588875,0,ok,0;1;2,local_bks,15be2bb8c3e4ad99a79d1e7ee0472223feb95a4f423d010e032bda0a87266ca5
C206,0.5,3,3,3,3,588.493,588493,0,ok,0;1;2,local_bks,745b6c7042707ffbbfc4d681ee02a84431425f1dfb3c8aa85ecf003fec8f7e53
C207,0.5,3,3,3,3,588.287,588287,0,ok,0;1;2,local_bks,a33f03570a944c8a6d185fd6a173e66c68e67c399a4958b2d5b6d49533ace4a4
C208,0.5,3,3,3,3,588.324,588324,0,ok,0;1;2,local_bks,1c2f2381b8743680dbeb34322869cbf5a6cdd8c281f4bcffdb99b533e601874b
R101,0.5,21,3,2,21,1666.366,1666366,0,ok,0;1;2,m5_best_of_seeds_0_1_2,3f3655182bc0fe44ce5de65fdcd2ee2f9c7fb9ed055f923635151d9d6f76d3ed
R102,0.5,19,3,3,19,1501.935,1501935,0,ok,0;1;2,m5_best_of_seeds_0_1_2,eeb23171b7e4fbfc80bf000ca770329109900fbd7273fa8b9d1f95b7dfe683c3
R103,0.5,14,3,1,14,1263.496,1263496,2,ok,0;1;2,m5_best_of_seeds_0_1_2,1f833e8648ba39e0edc76754fb49e81777a7175cf7b084c3f60a12607bfb3991
R104,0.5,11,3,3,11,1061.647,1061647,0,ok,0;1;2,m5_best_of_seeds_0_1_2,dd087124311d91facd81736debbfc7d0f351d27942917e2d76cbafd01e6183b7
R105,0.5,17,3,3,17,1446.945,1446945,1,ok,0;1;2,m5_best_of_seeds_0_1_2,ff1a614f8458d6339b3f54d8e4ca2dcf0a35c96012f477f6a819ae481de85ca4
R106,0.5,14,3,3,14,1313.594,1313594,2,ok,0;1;2,m5_best_of_seeds_0_1_2,31b8783d177f0fbe1c84b8f085fbf28b1989a80e4c00f49f5654ebef99835e97
R107,0.5,12,3,3,12,1138.264,1138264,1,ok,0;1;2,m5_best_of_seeds_0_1_2,dba2b257a1d43d7c78d5e3a9f09091a2b125d3fbec78c0c8a1782add669a1275
R108,0.5,11,3,3,11,1020.212,1020212,0,ok,0;1;2,m5_best_of_seeds_0_1_2,65cae09f4099b7e70d2b723e0e3a30aa1494c75a367bb894a3fd13241ee639d4
R109,0.5,14,3,3,12,1158.687,1158687,1,ok,0;1;2,m5_best_of_seeds_0_1_2,4ef24030e8c48de5f85dcd90c5739186004fc8dec87533b6467013cf996f4777
R110,0.5,13,3,3,13,1154.532,1154532,0,ok,0;1;2,m5_best_of_seeds_0_1_2,14cb53cb99af61d3d708f07564b9a72d146e7c26b4f10507cfaf3bc828f34bfa
R111,0.5,12,3,2,12,1171.316,1171316,1,ok,0;1;2,m5_best_of_seeds_0_1_2,3d94a73b1f2fe8aae4618b9d9ea254cff2e3924a6a841aa390096ec6c60f258d
R112,0.5,12,3,3,10,965.097,965097,0,ok,0;1;2,m5_best_of_seeds_0_1_2,a0e93149d59d30c356619891d192e86d0f16c3158e1dac3bd9f23c6deb718271
R201,0.5,4,3,3,4,1294.077,1294077,0,ok,0;1;2,m5_best_of_seeds_0_1_2,0be960ec998fff2cab0bdbcc5194c617e5ca0a79c82c5b32b1d4bd98b2cae210
R202,0.5,4,3,3,4,1130.050,1130050,1,ok,0;1;2,m5_best_of_seeds_0_1_2,1f7761bb33e9dd0c94837b32c72280296ffc283dba997379c7ad75ce00dffc8d
R203,0.5,3,3,3,3,948.497,948497,2,ok,0;1;2,m5_best_of_seeds_0_1_2,38c484db31bd7452a94d533e26a2348ef598df600b79d061d9ddc1c61466a731
R204,0.5,3,3,3,3,751.067,751067,0,ok,0;1;2,m5_best_of_seeds_0_1_2,5349e37d8df99bcbee1efa2e970d2662b5265e5f82fc609343a6af0a60257abf
R205,0.5,3,3,3,3,996.459,996459,0,ok,0;1;2,m5_best_of_seeds_0_1_2,1996bf8f10716fb8cfc1a585206a6a6e566f32347c1bb8f36c75ed6c887f77e3
R206,0.5,3,3,3,3,939.706,939706,0,ok,0;1;2,m5_best_of_seeds_0_1_2,c8754a0319264d076c038b1bf023c8c4710e8895fe3e03f485e9ae249f32fe43
R207,0.5,3,3,3,3,811.502,811502,0,ok,0;1;2,m5_best_of_seeds_0_1_2,52dc8eebba43fdc67ca9aadab228b75a297acb55a87db3e4748e82f623e3cbe6
R208,0.5,3,3,3,3,717.325,717325,0,ok,0;1;2,m5_best_of_seeds_0_1_2,7b4a95d500af9329dd08791d39898a619faec0f8fac039d57373e761545b980d
R209,0.5,3,3,3,3,917.407,917407,1,ok,0;1;2,m5_best_of_seeds_0_1_2,5b74156d032babcff853ccc693f94463eca8333cd425aa99a39ed996f6258933
R210,0.5,3,3,3,3,959.578,959578,0,ok,0;1;2,m5_best_of_seeds_0_1_2,4e5772f109fb6183e6a648d6a1edaba3435438c2dc11c42da370fecf7bdf3a14
R211,0.5,3,3,3,3,806.306,806306,1,ok,0;1;2,m5_best_of_seeds_0_1_2,2965507e467a2f92acd59035975910e36ae11e4f49590d4c7d20a883939227ad
RC101,0.5,17,3,2,17,1709.079,1709079,0,ok,0;1;2,m5_best_of_seeds_0_1_2,ef6893ffd9746ad96de8e4da6e64e2c4ba6e08a1c7eb9457276a9f1caf01ca12
RC102,0.5,15,3,3,15,1515.312,1515312,2,ok,0;1;2,m5_best_of_seeds_0_1_2,36acd349d34a577c7fadd61f78517c2cb74bd06a490273800c288f341e5785a4
RC103,0.5,12,3,3,12,1321.637,1321637,0,ok,0;1;2,m5_best_of_seeds_0_1_2,00f384138274d5d2bff5c41601db17cc4ad0cfc6315c27e223d4477bf435cc2d
RC104,0.5,11,3,3,11,1257.020,1257020,2,ok,0;1;2,m5_best_of_seeds_0_1_2,d150b2d61049a488fb89a2320c197d81a7ef9a1864abbbaea1d13a2b451253ee
RC105,0.5,16,3,2,16,1583.513,1583513,2,ok,0;1;2,m5_best_of_seeds_0_1_2,b9e912625c1ed80d2f565e0799ade2f4b17bf4f95056322ca23f1a21b37e7a49
RC106,0.5,15,3,3,15,1462.911,1462911,2,ok,0;1;2,m5_best_of_seeds_0_1_2,bf016ffc567af2d108570357daf1d0cabb7f680c0bd977d2e4366787683fdbaf
RC107,0.5,14,3,3,13,1352.098,1352098,0,ok,0;1;2,m5_best_of_seeds_0_1_2,fff3fd68d110671ed442575f07cc547291586f30b00c5f73934d521d31311582
RC108,0.5,13,3,3,13,1267.940,1267940,2,ok,0;1;2,m5_best_of_seeds_0_1_2,006bc8817bf09f9a8c66af8d6f088bdec239b2eb435556e9d11193cf456f7aeb
RC201,0.5,4,3,3,4,1525.618,1525618,2,ok,0;1;2,m5_best_of_seeds_0_1_2,288836e2d8c2ace83ebbff77e03ac8cdffc574fc134cade21ef92713f8c52d44
RC202,0.5,4,3,3,4,1161.290,1161290,2,ok,0;1;2,m5_best_of_seeds_0_1_2,5a1dee2017ab0ca4fe280b392678c96e8b5bc71f22d02c8058fbde7c4cfebcf4
RC203,0.5,3,3,3,3,1055.285,1055285,0,ok,0;1;2,m5_best_of_seeds_0_1_2,4adcb362c23df91f14b828d4964e9383ffb02ee74217afc2d84571f83ed91f8b
RC204,0.5,3,3,3,3,803.102,803102,2,ok,0;1;2,m5_best_of_seeds_0_1_2,11e827eab51a959ebab66344e7b7cfd1aeed895287653b36a72c86a4440ecd77
RC205,0.5,4,3,3,4,1427.623,1427623,2,ok,0;1;2,m5_best_of_seeds_0_1_2,c061d306cf42310b0f3ca15612089f6c5a8d5604c0733bf26852477c787662c9
RC206,0.5,4,3,3,4,1082.283,1082283,0,ok,0;1;2,m5_best_of_seeds_0_1_2,5203aecf67c84df49e152645312a837ffefde529314ff892ca061538816e43a9
RC207,0.5,4,3,3,4,993.302,993302,2,ok,0;1;2,m5_best_of_seeds_0_1_2,5cab65f99b350cdb8fb1c4d0a12dde85eb4ff6a6d6daf292b182cb73de9a8b63
RC208,0.5,3,3,3,3,829.001,829001,0,ok,0;1;2,m5_best_of_seeds_0_1_2,3d67d2a8e2758a324643f5d6c6ca87e8c56435273eaa04be33f213bb991f1f28
