instance,input_format,input_sha256,seed,threads,status,feasible,vehicles,distance_ticks,distance,first_feasible_seconds,runtime_seconds,iterations,stop_reason,numeric_rule,reference_status,reference_vehicles,reference_distance,distance_gap_percent,error,time_limit_seconds,max_iterations,fleet_attempts_per_k,max_moves,vehicle_limit,code_sha256,diagnostics_enabled,variant,config_sha256
C103,solomon_txt,a55cabf15e0da9d65696a5fb45c9852889479893f76f772a428ca15d1b415a51,0,1,ok,True,10,1760798,1760.798,0.093926,0.500585,1,time_limit,solomon_exact_1000_v1,,,,,,0.5,,100,,25,fb929496ff25d75a23a6c92e658e328e744854f9461343284195d63b3cc2e764,True,uncapped,0428cfbf2bee55bd84c4b9fa40c5a318a60fac4f7f4b78e13b02304f53b7423e
C103,solomon_txt,a55cabf15e0da9d65696a5fb45c9852889479893f76f772a428ca15d1b415a51,1,1,ok,True,10,1760798,1760.798,0.089861,0.500506,1,time_limit,solomon_exact_1000_v1,,,,,,0.5,,100,,25,fb929496ff25d75a23a6c92e658e328e744854f9461343284195d63b3cc2e764,True,uncapped,0428cfbf2bee55bd84c4b9fa40c5a318a60fac4f7f4b78e13b02304f53b7423e
C103,solomon_txt,a55cabf15e0da9d65696a5fb45c9852889479893f76f772a428ca15d1b415a51,2,1,ok,True,10,1759702,1759.702,0.095343,0.500629,1,time_limit,solomon_exact_1000_v1,,,,,,0.5,,100,,25,fb929496ff25d75a23a6c92e658e328e744854f9461343284195d63b3cc2e764,True,uncapped,0428cfbf2bee55bd84c4b9fa40c5a318a60fac4f7f4b78e13b02304f53b7423e
C104,solomon_txt,fe333e81625ee5a75bb2ce98c2c9f356d07289237865b62a23ba2f32f0de5ee2,0,1,ok,True,10,1779707,1779.707,0.092133,0.500539,1,time_limit,solomon_exact_1000_v1,,,,,,0.5,,100,,25,fb929496ff25d75a23a6c92e658e328e744854f9461343284195d63b3cc2e764,True,uncapped,0428cfbf2bee55bd84c4b9fa40c5a318a60fac4f7f4b78e13b02304f53b7423e
C104,solomon_txt,fe333e81625ee5a75bb2ce98c2c9f356d07289237865b62a23ba2f32f0de5ee2,1,1,ok,True,10,1789233,1789.233,0.100537,0.500582,1,time_limit,solomon_exact_1000_v1,,,,,,0.5,,100,,25,fb929496ff25d75a23a6c92e658e328e744854f9461343284195d63b3cc2e764,True,uncapped,0428cfbf2bee55bd84c4b9fa40c5a318a60fac4f7f4b78e13b02304f53b7423e
C104,solomon_txt,fe333e81625ee5a75bb2ce98c2c9f356d07289237865b62a23ba2f32f0de5ee2,2,1,ok,True,10,1806247,1806.247,0.091253,0.50053,1,time_limit,solomon_exact_1000_v1,,,,,,0.5,,100,,25,fb929496ff25d75a23a6c92e658e328e744854f9461343284195d63b3cc2e764,True,uncapped,0428cfbf2bee55bd84c4b9fa40c5a318a60fac4f7f4b78e13b02304f53b7423e
R101,solomon_txt,3f3655182bc0fe44ce5de65fdcd2ee2f9c7fb9ed055f923635151d9d6f76d3ed,0,1,ok,True,22,1906946,1906.946,0.064061,0.500483,1,time_limit,solomon_exact_1000_v1,,,,,,0.5,,100,,25,fb929496ff25d75a23a6c92e658e328e744854f9461343284195d63b3cc2e764,True,uncapped,0428cfbf2bee55bd84c4b9fa40c5a318a60fac4f7f4b78e13b02304f53b7423e
R101,solomon_txt,3f3655182bc0fe44ce5de65fdcd2ee2f9c7fb9ed055f923635151d9d6f76d3ed,1,1,ok,True,21,1903068,1903.068,0.060024,0.500495,1,time_limit,solomon_exact_1000_v1,,,,,,0.5,,100,,25,fb929496ff25d75a23a6c92e658e328e744854f9461343284195d63b3cc2e764,True,uncapped,0428cfbf2bee55bd84c4b9fa40c5a318a60fac4f7f4b78e13b02304f53b7423e
R101,solomon_txt,3f3655182bc0fe44ce5de65fdcd2ee2f9c7fb9ed055f923635151d9d6f76d3ed,2,1,ok,True,21,1860657,1860.657,0.062611,0.500479,1,time_limit,solomon_exact_1000_v1,,,,,,0.5,,100,,25,fb929496ff25d75a23a6c92e658e328e744854f9461343284195d63b3cc2e764,True,uncapped,0428cfbf2bee55bd84c4b9fa40c5a318a60fac4f7f4b78e13b02304f53b7423e
RC101,solomon_txt,ef6893ffd9746ad96de8e4da6e64e2c4ba6e08a1c7eb9457276a9f1caf01ca12,0,1,ok,True,17,2170109,2170.109,0.069824,0.500464,2,time_limit,solomon_exact_1000_v1,,,,,,0.5,,100,,25,fb929496ff25d75a23a6c92e658e328e744854f9461343284195d63b3cc2e764,True,uncapped,0428cfbf2bee55bd84c4b9fa40c5a318a60fac4f7f4b78e13b02304f53b7423e
RC101,solomon_txt,ef6893ffd9746ad96de8e4da6e64e2c4ba6e08a1c7eb9457276a9f1caf01ca12,1,1,ok,True,18,2074763,2074.763,0.073367,0.500516,1,time_limit,solomon_exact_1000_v1,,,,,,0.5,,100,,25,fb929496ff25d75a23a6c92e658e328e744854f9461343284195d63b3cc2e764,True,uncapped,0428cfbf2bee55bd84c4b9fa40c5a318a60fac4f7f4b78e13b02304f53b7423e
RC101,solomon_txt,ef6893ffd9746ad96de8e4da6e64e2c4ba6e08a1c7eb9457276a9f1caf01ca12,2,1,ok,True,18,1981782,1981.782,0.068159,0.500578,1,time_limit,solomon_exact_1000_v1,,,,,,0.5,,100,,25,fb929496ff25d75a23a6c92e658e328e744854f9461343284195d63b3cc2e764,True,uncapped,0428cfbf2bee55bd84c4b9fa40c5a318a60fac4f7f4b78e13b02304f53b7423e
