instance,seed,variant,target,trials,repair_rounds,elapsed_seconds,first_feasible_seconds,status
C101,0,baseline,11,1,,,,found
C101,0,baseline,10,23,,,,found
C101,0,reconstruct,11,1,1,0.06606089999695541,0.06606089999695541,found
C101,0,reconstruct,10,23,23,0.2819195999982185,0.2819195999982185,found
C101,0,route_removal,11,1,1,0.0006552000049850903,0.0006552000049850903,found
C101,0,route_removal,10,100,100,0.10551030000351602,,not_found
C101,0,related,11,1,1,0.0006487999999080785,0.0006487999999080785,found
C101,0,related,10,1,5,0.009998199995607138,0.009998199995607138,found
C101,0,hybrid,11,1,1,0.06655599999794504,0.06655599999794504,found
C101,0,hybrid,10,32,93,0.3425534999987576,,time_limit
C101,1,reconstruct,11,1,1,0.06618800000433112,0.06618800000433112,found
C101,1,reconstruct,10,1,1,0.06586200000310782,0.06586200000310782,found
C101,1,route_removal,11,1,1,0.0006359000035445206,0.0006359000035445206,found
C101,1,route_removal,10,100,100,0.10400900000240654,,not_found
C101,1,related,11,1,1,0.0006481999953393824,0.0006481999953393824,found
C101,1,related,10,1,4,0.006809999998949934,0.006809999998949934,found
C101,1,hybrid,11,1,1,0.06714519999513868,0.06714519999513868,found
C101,1,hybrid,10,1,1,0.07295470000099158,0.07295470000099158,found
C101,1,baseline,11,1,,,,found
C101,1,baseline,10,1,,,,found
C101,2,route_removal,11,1,1,0.0006554999999934807,0.0006554999999934807,found
C101,2,route_removal,10,100,100,0.12012569999933476,,not_found
C101,2,related,11,1,1,0.0006716999996569939,0.0006716999996569939,found
C101,2,related,10,1,4,0.008165699997334741,0.008165699997334741,found
C101,2,hybrid,11,1,1,0.06793440000183182,0.06793440000183182,found
C101,2,hybrid,10,15,43,0.2332853999978397,0.2332853999978397,found
C101,2,baseline,11,1,,,,found
C101,2,baseline,10,8,,,,found
C101,2,reconstruct,11,1,1,0.08441259999381145,0.08441259999381145,found
C101,2,reconstruct,10,8,8,0.15819090000150027,0.15819090000150027,found
C105,0,route_removal,10,100,100,0.10364729999855626,,not_found
C105,0,related,10,35,174,0.4095917000013287,,time_limit
C105,0,hybrid,10,11,31,0.15120130000286736,0.15120130000286736,found
C105,0,baseline,10,6,,,,found
C105,0,reconstruct,10,6,6,0.11923319999914384,0.11923319999914384,found
C105,1,related,10,37,185,0.40790260000358103,,time_limit
C105,1,hybrid,10,1,1,0.06623250000120606,0.06623250000120606,found
C105,1,baseline,10,1,,,,found
C105,1,reconstruct,10,1,1,0.07208469999750378,0.07208469999750378,found
C105,1,route_removal,10,100,100,0.09860920000210172,,not_found
C105,2,hybrid,10,1,1,0.06949629999871831,0.06949629999871831,found
C105,2,baseline,10,1,,,,found
C105,2,reconstruct,10,1,1,0.06701990000146907,0.06701990000146907,found
C105,2,route_removal,10,100,100,0.10226410000177566,,not_found
C105,2,related,10,39,192,0.4107134000005317,,time_limit
C106,0,baseline,11,1,,,,found
C106,0,baseline,10,6,,,,found
C106,0,reconstruct,11,1,1,0.06574140000157058,0.06574140000157058,found
C106,0,reconstruct,10,6,6,0.14287010000407463,0.14287010000407463,found
C106,0,route_removal,11,2,2,0.0019406999999773689,0.0019406999999773689,found
C106,0,route_removal,10,100,100,0.08617129999765893,,not_found
C106,0,related,11,1,2,0.002748500002780929,0.002748500002780929,found
C106,0,related,10,33,165,0.40654989999893587,,time_limit
C106,0,hybrid,11,1,1,0.06442470000183675,0.06442470000183675,found
C106,0,hybrid,10,11,31,0.2042310000033467,0.2042310000033467,found
C106,1,reconstruct,11,1,1,0.062431199999991804,0.062431199999991804,found
C106,1,reconstruct,10,1,1,0.06371649999346118,0.06371649999346118,found
C106,1,route_removal,11,2,2,0.0019673999995575286,0.0019673999995575286,found
C106,1,route_removal,10,100,100,0.08296340000379132,,not_found
C106,1,related,11,1,2,0.003592200002458412,0.003592200002458412,found
C106,1,related,10,35,175,0.4061902999965241,,time_limit
C106,1,hybrid,11,1,1,0.060011499997926876,0.060011499997926876,found
C106,1,hybrid,10,1,1,0.06204109999816865,0.06204109999816865,found
C106,1,baseline,11,1,,,,found
C106,1,baseline,10,1,,,,found
C106,2,route_removal,11,2,2,0.0019287000031908974,0.0019287000031908974,found
C106,2,route_removal,10,100,100,0.09018359999754466,,not_found
C106,2,related,11,1,2,0.0025048999959835783,0.0025048999959835783,found
C106,2,related,10,36,177,0.4096702000024379,,time_limit
C106,2,hybrid,11,1,1,0.0605035000044154,0.0605035000044154,found
C106,2,hybrid,10,1,1,0.06419300000561634,0.06419300000561634,found
C106,2,baseline,11,1,,,,found
C106,2,baseline,10,1,,,,found
C106,2,reconstruct,11,1,1,0.0626099000000977,0.0626099000000977,found
C106,2,reconstruct,10,1,1,0.06656339999608463,0.06656339999608463,found
C107,0,related,10,3,14,0.02377370000613155,0.02377370000613155,found
C107,0,hybrid,10,6,17,0.045373599998129066,0.045373599998129066,found
C107,0,baseline,10,4,,,,found
C107,0,reconstruct,10,4,4,0.08375019999948563,0.08375019999948563,found
C107,0,route_removal,10,100,100,0.0924345000021276,,not_found
C107,1,hybrid,10,1,1,0.06384470000193687,0.06384470000193687,found
C107,1,baseline,10,1,,,,found
C107,1,reconstruct,10,1,1,0.06298729999980424,0.06298729999980424,found
C107,1,route_removal,10,100,100,0.08875500000431202,,not_found
C107,1,related,10,34,170,0.32233650000125635,0.32233650000125635,found
C107,2,baseline,10,1,,,,found
C107,2,reconstruct,10,1,1,0.06758429999899818,0.06758429999899818,found
C107,2,route_removal,10,100,100,0.0914824999999837,,not_found
C107,2,related,10,32,159,0.30689270000584656,0.30689270000584656,found
C107,2,hybrid,10,1,1,0.06973320000543026,0.06973320000543026,found
C108,0,reconstruct,10,14,14,0.37577360000432236,0.37577360000432236,found
C108,0,route_removal,10,100,100,0.08061670000461163,,not_found
C108,0,related,10,36,176,0.4100830000024871,,time_limit
C108,0,hybrid,10,23,67,0.4105654000013601,,time_limit
C108,0,baseline,10,14,,,,found
C108,1,route_removal,10,100,100,0.08527270000195131,,not_found
C108,1,related,10,36,179,0.4119072000030428,,time_limit
C108,1,hybrid,10,1,1,0.06205659999977797,0.06205659999977797,found
C108,1,baseline,10,1,,,,found
C108,1,reconstruct,10,1,1,0.06465350000507897,0.06465350000507897,found
C108,2,related,10,35,175,0.4088478999983636,,time_limit
C108,2,hybrid,10,1,1,0.06026179999753367,0.06026179999753367,found
C108,2,baseline,10,1,,,,found
C108,2,reconstruct,10,1,1,0.061681099999987055,0.061681099999987055,found
C108,2,route_removal,10,100,100,0.07877450000523822,,not_found
C203,0,related,3,1,2,0.00279430000227876,0.00279430000227876,found
C203,0,hybrid,3,1,1,0.1485465000005206,0.1485465000005206,found
C203,0,baseline,3,1,,,,found
C203,0,reconstruct,3,1,1,0.1526603000020259,0.1526603000020259,found
C203,0,route_removal,3,56,56,0.31884220000210917,,time_limit
C203,1,hybrid,3,1,1,0.15978660000109812,0.15978660000109812,found
C203,1,baseline,3,1,,,,found
C203,1,reconstruct,3,1,1,0.15489379999780795,0.15489379999780795,found
C203,1,route_removal,3,44,44,0.3155871999988449,,time_limit
C203,1,related,3,1,2,0.003243899998778943,0.003243899998778943,found
C203,2,baseline,3,1,,,,found
C203,2,reconstruct,3,1,1,0.16297969999868656,0.16297969999868656,found
C203,2,route_removal,3,53,53,0.3191101000047638,,time_limit
C203,2,related,3,1,5,0.016561999997065868,0.016561999997065868,found
C203,2,hybrid,3,1,1,0.15461800000048243,0.15461800000048243,found
C204,0,reconstruct,3,1,1,0.16576010000426322,0.16576010000426322,found
C204,0,route_removal,3,48,48,0.3089968999993289,,time_limit
C204,0,related,3,11,54,0.3048158000019612,,time_limit
C204,0,hybrid,3,1,1,0.1585475999963819,0.1585475999963819,found
C204,0,baseline,3,1,,,,found
C204,1,route_removal,3,58,58,0.29630350000661565,,time_limit
C204,1,related,3,13,61,0.31069299999944633,,time_limit
C204,1,hybrid,3,1,1,0.14313789999869186,0.14313789999869186,found
C204,1,baseline,3,1,,,,found
C204,1,reconstruct,3,1,1,0.14844169999560108,0.14844169999560108,found
C204,2,related,3,11,54,0.30450849999760976,,time_limit
C204,2,hybrid,3,1,1,0.1471356000038213,0.1471356000038213,found
C204,2,baseline,3,1,,,,found
C204,2,reconstruct,3,1,1,0.14432829999714158,0.14432829999714158,found
C204,2,route_removal,3,45,45,0.30746869999711635,,time_limit
C205,0,hybrid,3,1,1,0.18295080000098096,0.18295080000098096,found
C205,0,baseline,3,1,,,,found
C205,0,reconstruct,3,1,1,0.18513740000344114,0.18513740000344114,found
C205,0,route_removal,3,46,46,0.32758620000095107,,time_limit
C205,0,related,3,1,5,0.01825569999346044,0.01825569999346044,found
C205,1,baseline,3,1,,,,found
C205,1,reconstruct,3,1,1,0.17766979999578325,0.17766979999578325,found
C205,1,route_removal,3,44,44,0.31886439999652794,,time_limit
C205,1,related,3,7,35,0.17861579999589594,0.17861579999589594,found
C205,1,hybrid,3,1,1,0.18284940000012284,0.18284940000012284,found
C205,2,reconstruct,3,1,1,0.18973040000128094,0.18973040000128094,found
C205,2,route_removal,3,40,40,0.3128270999950473,,time_limit
C205,2,related,3,4,19,0.09792670000024373,0.09792670000024373,found
C205,2,hybrid,3,1,1,0.17649590000655735,0.17649590000655735,found
C205,2,baseline,3,1,,,,found
C206,0,route_removal,3,39,39,0.30738270000438206,,time_limit
C206,0,related,3,12,60,0.30700899999646936,,time_limit
C206,0,hybrid,3,3,7,0.29437529999995604,,time_limit
C206,0,baseline,3,2,,,,found
C206,0,reconstruct,3,2,2,0.27292129999841563,0.27292129999841563,found
C206,1,related,3,12,59,0.3009868000008282,,time_limit
C206,1,hybrid,3,1,1,0.19604049999907147,0.19604049999907147,found
C206,1,baseline,3,1,,,,found
C206,1,reconstruct,3,1,1,0.1823902000032831,0.1823902000032831,found
C206,1,route_removal,3,37,37,0.3023888999960036,,time_limit
C206,2,hybrid,3,1,1,0.18382959999871673,0.18382959999871673,found
C206,2,baseline,3,1,,,,found
C206,2,reconstruct,3,1,1,0.17321559999982128,0.17321559999982128,found
C206,2,route_removal,3,42,42,0.3051248999981908,,time_limit
C206,2,related,3,7,34,0.17227049999928568,0.17227049999928568,found
C207,0,baseline,3,1,,,,found
C207,0,reconstruct,3,1,1,0.18239599999651546,0.18239599999651546,found
C207,0,route_removal,3,3,3,0.015533300000242889,0.015533300000242889,found
C207,0,related,3,1,4,0.011058699994464405,0.011058699994464405,found
C207,0,hybrid,3,1,1,0.18195769999874756,0.18195769999874756,found
C207,1,reconstruct,3,1,1,0.18258459999924526,0.18258459999924526,found
C207,1,route_removal,3,3,3,0.016456500001368113,0.016456500001368113,found
C207,1,related,3,1,5,0.01624870000523515,0.01624870000523515,found
C207,1,hybrid,3,1,1,0.17365490000520367,0.17365490000520367,found
C207,1,baseline,3,1,,,,found
C207,2,route_removal,3,3,3,0.015650399996957276,0.015650399996957276,found
C207,2,related,3,2,10,0.03878749999421416,0.03878749999421416,found
C207,2,hybrid,3,1,1,0.18392849999509053,0.18392849999509053,found
C207,2,baseline,3,1,,,,found
C207,2,reconstruct,3,1,1,0.18402249999780906,0.18402249999780906,found
C208,0,related,3,6,29,0.13625219999812543,0.13625219999812543,found
C208,0,hybrid,3,3,7,0.3065718000070774,,time_limit
C208,0,baseline,3,2,,,,not_found
C208,0,reconstruct,3,2,2,0.30101019999710843,,time_limit
C208,0,route_removal,3,44,44,0.2959588000012445,,time_limit
C208,1,hybrid,3,2,6,0.18193980000069132,0.18193980000069132,found
C208,1,baseline,3,2,,,,not_found
C208,1,reconstruct,3,2,2,0.3064044000057038,,time_limit
C208,1,route_removal,3,46,46,0.3056323999990127,,time_limit
C208,1,related,3,1,5,0.016946700001426507,0.016946700001426507,found
C208,2,baseline,3,1,,,,found
C208,2,reconstruct,3,1,1,0.17253150000033202,0.17253150000033202,found
C208,2,route_removal,3,50,50,0.3023481000054744,,time_limit
C208,2,related,3,1,4,0.011829000002762768,0.011829000002762768,found
C208,2,hybrid,3,1,1,0.18209690000367118,0.18209690000367118,found
R101,0,reconstruct,22,1,1,0.053113599999051075,0.053113599999051075,found
R101,0,reconstruct,21,24,24,0.3737791000021389,,time_limit
R101,0,route_removal,22,6,6,0.003774099997826852,0.003774099997826852,found
R101,0,route_removal,21,6,6,0.0036700000055134296,0.0036700000055134296,found
R101,0,route_removal,20,7,7,0.004389699999592267,0.004389699999592267,found
R101,0,route_removal,19,100,100,0.07559779999428429,,not_found
R101,0,related,22,1,2,0.002244099996460136,0.002244099996460136,found
R101,0,related,21,1,5,0.009726700001920108,0.009726700001920108,found
R101,0,related,20,3,14,0.02546050000091782,0.02546050000091782,found
R101,0,related,19,36,177,0.38854949999949895,,time_limit
R101,0,hybrid,22,1,1,0.05308399999921676,0.05308399999921676,found
R101,0,hybrid,21,8,23,0.10734930000035092,0.10734930000035092,found
R101,0,hybrid,20,21,61,0.2642596000005142,,time_limit
R101,0,baseline,22,1,,,,found
R101,0,baseline,21,22,,,,not_found
R101,1,route_removal,22,6,6,0.004355299999588169,0.004355299999588169,found
R101,1,route_removal,21,6,6,0.0034147000042139553,0.0034147000042139553,found
R101,1,route_removal,20,7,7,0.004164400001172908,0.004164400001172908,found
R101,1,route_removal,19,100,100,0.07155500000226311,,not_found
R101,1,related,22,1,2,0.0021599999963655137,0.0021599999963655137,found
R101,1,related,21,1,4,0.006681299993942957,0.006681299993942957,found
R101,1,related,20,2,9,0.015992100001312792,0.015992100001312792,found
R101,1,related,19,40,196,0.4007765999995172,,time_limit
R101,1,hybrid,22,2,3,0.016810099994472694,0.016810099994472694,found
R101,1,hybrid,21,2,5,0.02841700000135461,0.02841700000135461,found
R101,1,hybrid,20,4,11,0.060139799999888055,0.060139799999888055,found
R101,1,hybrid,19,29,85,0.31985440000426024,,time_limit
R101,1,baseline,22,3,,,,found
R101,1,baseline,21,4,,,,found
R101,1,baseline,20,13,,,,not_found
R101,1,reconstruct,22,3,3,0.08498779999354156,0.08498779999354156,found
R101,1,reconstruct,21,4,4,0.12028160000045318,0.12028160000045318,found
R101,1,reconstruct,20,13,13,0.21930219999921974,,time_limit
R101,2,related,22,1,2,0.0021492000014404766,0.0021492000014404766,found
R101,2,related,21,3,12,0.02102450000529643,0.02102450000529643,found
R101,2,related,20,1,5,0.009533700002066325,0.009533700002066325,found
R101,2,related,19,10,49,0.09380919999966864,0.09380919999966864,found
R101,2,related,18,30,148,0.30030339999939315,,time_limit
R101,2,hybrid,22,2,3,0.028436099993996322,0.028436099993996322,found
R101,2,hybrid,21,5,13,0.0957020999994711,0.0957020999994711,found
R101,2,hybrid,20,6,14,0.05809369999769842,0.05809369999769842,found
R101,2,hybrid,19,23,67,0.2403751000019838,,time_limit
R101,2,baseline,22,3,,,,found
R101,2,baseline,21,3,,,,found
R101,2,baseline,20,20,,,,not_found
R101,2,reconstruct,22,3,3,0.0921782000004896,0.0921782000004896,found
R101,2,reconstruct,21,3,3,0.0774195999983931,0.0774195999983931,found
R101,2,reconstruct,20,19,19,0.2532100000025821,,time_limit
R101,2,route_removal,22,6,6,0.0035051000013481826,0.0035051000013481826,found
R101,2,route_removal,21,6,6,0.003461500004050322,0.003461500004050322,found
R101,2,route_removal,20,7,7,0.00423919999593636,0.00423919999593636,found
R101,2,route_removal,19,100,100,0.07080560000031255,,not_found
R102,0,hybrid,19,2,6,0.023992300004465505,0.023992300004465505,found
R102,0,hybrid,18,4,11,0.04123200000321958,0.04123200000321958,found
R102,0,hybrid,17,37,109,0.3578847999960999,,time_limit
R102,0,baseline,19,4,,,,found
R102,0,baseline,18,32,,,,not_found
R102,0,reconstruct,19,4,4,0.10280970000167144,0.10280970000167144,found
R102,0,reconstruct,18,29,29,0.3153334000016912,,time_limit
R102,0,route_removal,19,12,12,0.007382900002994575,0.007382900002994575,found
R102,0,route_removal,18,100,100,0.07905619999655755,,not_found
R102,0,related,19,1,5,0.009588399996573571,0.009588399996573571,found
R102,0,related,18,2,9,0.015631000002031215,0.015631000002031215,found
R102,0,related,17,39,194,0.3977579999991576,,time_limit
R102,1,baseline,19,8,,,,found
R102,1,baseline,18,27,,,,not_found
R102,1,reconstruct,19,8,8,0.14021520000096643,0.14021520000096643,found
R102,1,reconstruct,18,26,26,0.2784033999996609,,time_limit
R102,1,route_removal,19,12,12,0.00744470000063302,0.00744470000063302,found
R102,1,route_removal,18,100,100,0.07739269999729004,,not_found
R102,1,related,19,1,2,0.0022712999998475425,0.0022712999998475425,found
R102,1,related,18,12,58,0.11565410000184784,0.11565410000184784,found
R102,1,related,17,29,144,0.30155850000301143,,time_limit
R102,1,hybrid,19,2,3,0.01686179999524029,0.01686179999524029,found
R102,1,hybrid,18,24,70,0.25003039999864995,0.25003039999864995,found
R102,1,hybrid,17,15,43,0.15304559999640333,,time_limit
R102,2,reconstruct,19,3,3,0.0808852999980445,0.0808852999980445,found
R102,2,reconstruct,18,29,29,0.34002609999879496,,time_limit
R102,2,route_removal,19,12,12,0.007780200001434423,0.007780200001434423,found
R102,2,route_removal,18,100,100,0.0762107000045944,,not_found
R102,2,related,19,1,5,0.009999200003221631,0.009999200003221631,found
R102,2,related,18,1,4,0.006838900000730064,0.006838900000730064,found
R102,2,related,17,39,193,0.40231240000139223,,time_limit
R102,2,hybrid,19,2,6,0.020448100003704894,0.020448100003704894,found
R102,2,hybrid,18,2,5,0.015921500002150424,0.015921500002150424,found
R102,2,hybrid,17,39,115,0.38656900000205496,,time_limit
R102,2,baseline,19,3,,,,found
R102,2,baseline,18,32,,,,not_found
R103,0,route_removal,13,100,100,0.10263340000528842,,not_found
R103,0,related,13,41,201,0.4165196999965701,,time_limit
R103,0,hybrid,13,48,140,0.4137180999969132,,time_limit
R103,0,baseline,13,62,,,,not_found
R103,0,reconstruct,13,63,63,0.41383420000056503,,time_limit
R103,1,related,13,39,194,0.4124113999932888,,time_limit
R103,1,hybrid,13,50,148,0.4160413999998127,,time_limit
R103,1,baseline,13,66,,,,not_found
R103,1,reconstruct,13,66,66,0.41661970000131987,,time_limit
R103,1,route_removal,13,100,100,0.08721460000379011,,not_found
R103,2,hybrid,13,51,151,0.4165218000052846,,time_limit
R103,2,baseline,13,61,,,,not_found
R103,2,reconstruct,13,64,64,0.4156949000025634,,time_limit
R103,2,route_removal,13,100,100,0.09229860000050394,,not_found
R103,2,related,13,40,199,0.41478189999907045,,time_limit
R104,0,baseline,11,2,,,,found
R104,0,baseline,10,6,,,,not_found
R104,0,reconstruct,11,2,2,0.12817380000342382,0.12817380000342382,found
R104,0,reconstruct,10,6,6,0.2750822999951197,,time_limit
R104,0,route_removal,11,100,100,0.09603259999857983,,not_found
R104,0,related,11,21,105,0.24783979999483563,0.24783979999483563,found
R104,0,related,10,12,59,0.15805389999877661,,time_limit
R104,0,hybrid,11,3,7,0.13625350000074832,0.13625350000074832,found
R104,0,hybrid,10,9,25,0.2694878000038443,,time_limit
R104,1,reconstruct,11,1,1,0.06943260000116425,0.06943260000116425,found
R104,1,reconstruct,10,6,6,0.3339131999964593,,time_limit
R104,1,route_removal,11,100,100,0.0967571000001044,,not_found
R104,1,related,11,28,139,0.3190078999978141,0.3190078999978141,found
R104,1,related,10,7,35,0.08754680000129156,,time_limit
R104,1,hybrid,11,1,1,0.06852329999674112,0.06852329999674112,found
R104,1,hybrid,10,9,25,0.3346646999998484,,time_limit
R104,1,baseline,11,1,,,,found
R104,1,baseline,10,6,,,,not_found
R104,2,route_removal,11,100,100,0.09457780000229832,,not_found
R104,2,related,11,2,9,0.018392300000414252,0.018392300000414252,found
R104,2,related,10,30,150,0.38830589999997756,,time_limit
R104,2,hybrid,11,1,1,0.06831899999815505,0.06831899999815505,found
R104,2,hybrid,10,11,31,0.3394908000045689,,time_limit
R104,2,baseline,11,1,,,,found
R104,2,baseline,10,6,,,,found
R104,2,baseline,9,1,,,,not_found
R104,2,reconstruct,11,1,1,0.07274580000375863,0.07274580000375863,found
R104,2,reconstruct,10,6,6,0.3314832000032766,,time_limit
R105,0,related,17,1,3,0.004327800001192372,0.004327800001192372,found
R105,0,related,16,1,5,0.011157399996591266,0.011157399996591266,found
R105,0,related,15,36,178,0.4037075000014738,,time_limit
R105,0,hybrid,17,1,1,0.05651009999564849,0.05651009999564849,found
R105,0,hybrid,16,14,39,0.2171438000004855,0.2171438000004855,found
R105,0,hybrid,15,11,31,0.14794839999376563,,time_limit
R105,0,baseline,17,1,,,,found
R105,0,baseline,16,11,,,,found
R105,0,baseline,15,6,,,,not_found
R105,0,reconstruct,17,1,1,0.05690409999806434,0.05690409999806434,found
R105,0,reconstruct,16,11,11,0.27665780000097584,0.27665780000097584,found
R105,0,reconstruct,15,6,6,0.0870091999968281,,time_limit
R105,0,route_removal,17,4,4,0.002647699999215547,0.002647699999215547,found
R105,0,route_removal,16,100,100,0.08067030000529485,,not_found
R105,1,hybrid,17,1,1,0.055844900001829956,0.055844900001829956,found
R105,1,hybrid,16,4,12,0.05513700000301469,0.05513700000301469,found
R105,1,hybrid,15,26,75,0.3106316999983392,,time_limit
R105,1,baseline,17,1,,,,found
R105,1,baseline,16,20,,,,not_found
R105,1,reconstruct,17,1,1,0.058274299997719936,0.058274299997719936,found
R105,1,reconstruct,16,20,20,0.3611421000023256,,time_limit
R105,1,route_removal,17,4,4,0.0027131999959237874,0.0027131999959237874,found
R105,1,route_removal,16,100,100,0.08599749999848427,,not_found
R105,1,related,17,1,5,0.009800299994822126,0.009800299994822126,found
R105,1,related,16,1,4,0.007418799999868497,0.007418799999868497,found
R105,1,related,15,21,105,0.2266613000028883,0.2266613000028883,found
R105,1,related,14,16,80,0.1757805000015651,,time_limit
R105,2,baseline,17,2,,,,found
R105,2,baseline,16,12,,,,found
R105,2,baseline,15,6,,,,not_found
R105,2,reconstruct,17,2,2,0.08081120000133524,0.08081120000133524,found
R105,2,reconstruct,16,12,12,0.25759210000251187,0.25759210000251187,found
R105,2,reconstruct,15,5,5,0.08282550000149058,,time_limit
R105,2,route_removal,17,4,4,0.0028649000014411286,0.0028649000014411286,found
R105,2,route_removal,16,100,100,0.0837312999938149,,not_found
R105,2,related,17,2,9,0.016421300002548378,0.016421300002548378,found
R105,2,related,16,1,4,0.006954899996344466,0.006954899996344466,found
R105,2,related,15,2,7,0.01216990000102669,0.01216990000102669,found
R105,2,related,14,35,174,0.3855208000022685,,time_limit
R105,2,hybrid,17,3,7,0.08450450000236742,0.08450450000236742,found
R105,2,hybrid,16,4,8,0.03808349999599159,0.03808349999599159,found
R105,2,hybrid,15,4,12,0.05401230000279611,0.05401230000279611,found
R105,2,hybrid,14,22,66,0.24502509999729227,,time_limit
R106,0,reconstruct,15,1,1,0.061506600002758205,0.061506600002758205,found
R106,0,reconstruct,14,5,5,0.11711340000329074,0.11711340000329074,found
R106,0,reconstruct,13,20,20,0.2372620999958599,,time_limit
R106,0,route_removal,15,2,2,0.001175500001409091,0.001175500001409091,found
R106,0,route_removal,14,100,100,0.09453989999747137,,not_found
R106,0,related,15,1,5,0.009498799998254981,0.009498799998254981,found
R106,0,related,14,11,54,0.11039049999817507,0.11039049999817507,found
R106,0,related,13,8,39,0.08063740000216058,0.08063740000216058,found
R106,0,related,12,20,99,0.21894279999833088,,time_limit
R106,0,hybrid,15,1,1,0.0592596999995294,0.0592596999995294,found
R106,0,hybrid,14,2,6,0.02181389999896055,0.02181389999896055,found
R106,0,hybrid,13,29,85,0.33814940000593197,,time_limit
R106,0,baseline,15,1,,,,found
R106,0,baseline,14,5,,,,found
R106,0,baseline,13,21,,,,not_found
R106,1,route_removal,15,2,2,0.0011895999996340834,0.0011895999996340834,found
R106,1,route_removal,14,100,100,0.09197539999877336,,not_found
R106,1,related,15,1,4,0.006868299999041483,0.006868299999041483,found
R106,1,related,14,1,4,0.006929000002855901,0.006929000002855901,found
R106,1,related,13,36,177,0.403829399998358,,time_limit
R106,1,hybrid,15,1,1,0.06012120000377763,0.06012120000377763,found
R106,1,hybrid,14,2,2,0.013554400000430178,0.013554400000430178,found
R106,1,hybrid,13,30,89,0.3440545000048587,,time_limit
R106,1,baseline,15,1,,,,found
R106,1,baseline,14,3,,,,found
R106,1,baseline,13,26,,,,not_found
R106,1,reconstruct,15,1,1,0.058654499996919185,0.058654499996919185,found
R106,1,reconstruct,14,3,3,0.07990340000105789,0.07990340000105789,found
R106,1,reconstruct,13,26,26,0.28040310000505997,,time_limit
R106,2,related,15,1,3,0.0036774999971385114,0.0036774999971385114,found
R106,2,related,14,1,2,0.002223199997388292,0.002223199997388292,found
R106,2,related,13,39,194,0.4135435999996844,,time_limit
R106,2,hybrid,15,1,1,0.06118380000407342,0.06118380000407342,found
R106,2,hybrid,14,2,3,0.016958099993644282,0.016958099993644282,found
R106,2,hybrid,13,2,4,0.0153372999993735,0.0153372999993735,found
R106,2,hybrid,12,30,86,0.3251254999995581,,time_limit
R106,2,baseline,15,1,,,,found
R106,2,baseline,14,5,,,,found
R106,2,baseline,13,21,,,,not_found
R106,2,reconstruct,15,1,1,0.060074400003941264,0.060074400003941264,found
R106,2,reconstruct,14,5,5,0.11746019999554846,0.11746019999554846,found
R106,2,reconstruct,13,22,22,0.24175699999614153,,time_limit
R106,2,route_removal,15,2,2,0.001101800000469666,0.001101800000469666,found
R106,2,route_removal,14,100,100,0.0916101000038907,,not_found
R107,0,hybrid,13,1,1,0.061093099997378886,0.061093099997378886,found
R107,0,hybrid,12,2,4,0.06947599999693921,0.06947599999693921,found
R107,0,hybrid,11,13,37,0.27995560000272235,,time_limit
R107,0,baseline,13,1,,,,found
R107,0,baseline,12,2,,,,found
R107,0,baseline,11,7,,,,not_found
R107,0,reconstruct,13,1,1,0.060180799999216106,0.060180799999216106,found
R107,0,reconstruct,12,2,2,0.12984590000269236,0.12984590000269236,found
R107,0,reconstruct,11,7,7,0.22059319999971194,,time_limit
R107,0,route_removal,13,2,2,0.0012505999984568916,0.0012505999984568916,found
R107,0,route_removal,12,100,100,0.09655680000287248,,not_found
R107,0,related,13,1,2,0.002147999999579042,0.002147999999579042,found
R107,0,related,12,35,173,0.40999310000188416,,time_limit
R107,1,baseline,13,1,,,,found
R107,1,baseline,12,1,,,,found
R107,1,baseline,11,12,,,,not_found
R107,1,reconstruct,13,1,1,0.06580529999337159,0.06580529999337159,found
R107,1,reconstruct,12,1,1,0.06566740000562277,0.06566740000562277,found
R107,1,reconstruct,11,11,11,0.27934649999951944,,time_limit
R107,1,route_removal,13,2,2,0.0014257000002544373,0.0014257000002544373,found
R107,1,route_removal,12,100,100,0.09640590000344673,,not_found
R107,1,related,13,1,4,0.0069745000000693835,0.0069745000000693835,found
R107,1,related,12,23,114,0.25957979999657255,0.25957979999657255,found
R107,1,related,11,11,55,0.1435297999996692,,time_limit
R107,1,hybrid,13,1,1,0.06413239999528741,0.06413239999528741,found
R107,1,hybrid,12,1,1,0.06429040000512032,0.06429040000512032,found
R107,1,hybrid,11,11,31,0.28407549999974435,,time_limit
R107,2,reconstruct,13,1,1,0.06561430000147084,0.06561430000147084,found
R107,2,reconstruct,12,1,1,0.07029970000439789,0.07029970000439789,found
R107,2,reconstruct,11,7,7,0.2719322999982978,,time_limit
R107,2,route_removal,13,2,2,0.0012922000023536384,0.0012922000023536384,found
R107,2,route_removal,12,100,100,0.09219979999761563,,not_found
R107,2,related,13,1,3,0.0038549000018974766,0.0038549000018974766,found
R107,2,related,12,36,179,0.4080214999994496,,time_limit
R107,2,hybrid,13,1,1,0.06646710000495659,0.06646710000495659,found
R107,2,hybrid,12,1,1,0.07122350000281585,0.07122350000281585,found
R107,2,hybrid,11,9,25,0.2714118000003509,,time_limit
R107,2,baseline,13,1,,,,found
R107,2,baseline,12,1,,,,found
R107,2,baseline,11,7,,,,not_found
R108,0,route_removal,12,3,3,0.002249199998914264,0.002249199998914264,found
R108,0,route_removal,11,100,100,0.07635770000342745,,not_found
R108,0,related,12,1,4,0.006993499999225605,0.006993499999225605,found
R108,0,related,11,32,160,0.3990655000015977,,time_limit
R108,0,hybrid,12,1,1,0.06635210000240477,0.06635210000240477,found
R108,0,hybrid,11,1,1,0.06545380000170553,0.06545380000170553,found
R108,0,hybrid,10,7,19,0.2752732000008109,,time_limit
R108,0,baseline,12,1,,,,found
R108,0,baseline,11,1,,,,found
R108,0,baseline,10,5,,,,not_found
R108,0,reconstruct,12,1,1,0.06866970000555739,0.06866970000555739,found
R108,0,reconstruct,11,1,1,0.06801529999938793,0.06801529999938793,found
R108,0,reconstruct,10,5,5,0.2674282000007224,,time_limit
R108,1,related,12,1,2,0.0024773999975877814,0.0024773999975877814,found
R108,1,related,11,31,153,0.4021950000023935,,time_limit
R108,1,hybrid,12,1,1,0.06860510000115028,0.06860510000115028,found
R108,1,hybrid,11,1,1,0.07161469999846304,0.07161469999846304,found
R108,1,hybrid,10,3,7,0.11734960000467254,0.11734960000467254,found
R108,1,hybrid,9,7,19,0.14763460000540363,,time_limit
R108,1,baseline,12,1,,,,found
R108,1,baseline,11,1,,,,found
R108,1,baseline,10,2,,,,found
R108,1,baseline,9,5,,,,not_found
R108,1,reconstruct,12,1,1,0.06900669999595266,0.06900669999595266,found
R108,1,reconstruct,11,1,1,0.07251369999721646,0.07251369999721646,found
R108,1,reconstruct,10,2,2,0.10719189999508671,0.10719189999508671,found
R108,1,reconstruct,9,6,6,0.15542339999956312,,time_limit
R108,1,route_removal,12,3,3,0.0023975999938556924,0.0023975999938556924,found
R108,1,route_removal,11,100,100,0.07801019999897107,,not_found
R108,2,hybrid,12,1,1,0.07177930000034394,0.07177930000034394,found
R108,2,hybrid,11,1,1,0.0741924999965704,0.0741924999965704,found
R108,2,hybrid,10,8,22,0.25657740000315243,,time_limit
R108,2,baseline,12,1,,,,found
R108,2,baseline,11,1,,,,found
R108,2,baseline,10,6,,,,not_found
R108,2,reconstruct,12,1,1,0.06593509999947855,0.06593509999947855,found
R108,2,reconstruct,11,1,1,0.06818789999670116,0.06818789999670116,found
R108,2,reconstruct,10,6,6,0.27461139999650186,,time_limit
R108,2,route_removal,12,3,3,0.0023469000007025898,0.0023469000007025898,found
R108,2,route_removal,11,100,100,0.07780890000140062,,not_found
R108,2,related,12,1,2,0.0024978000001283363,0.0024978000001283363,found
R108,2,related,11,30,150,0.40315279999776976,,time_limit
R109,0,baseline,18,1,,,,found
R109,0,baseline,17,1,,,,found
R109,0,baseline,16,1,,,,found
R109,0,baseline,15,3,,,,found
R109,0,baseline,14,2,,,,found
R109,0,baseline,13,2,,,,not_found
R109,0,reconstruct,18,1,1,0.06048020000162069,0.06048020000162069,found
R109,0,reconstruct,17,1,1,0.06280980000155978,0.06280980000155978,found
R109,0,reconstruct,16,1,1,0.062467100004141685,0.062467100004141685,found
R109,0,reconstruct,15,3,3,0.11955670000315877,0.11955670000315877,found
R109,0,reconstruct,14,2,2,0.08054799999808893,0.08054799999808893,found
R109,0,reconstruct,13,2,2,0.03160750000097323,,time_limit
R109,0,route_removal,18,3,3,0.001757099998940248,0.001757099998940248,found
R109,0,route_removal,17,100,100,0.08197330000257352,,not_found
R109,0,related,18,1,2,0.0022992000012891367,0.0022992000012891367,found
R109,0,related,17,1,2,0.0022500999984913506,0.0022500999984913506,found
R109,0,related,16,3,15,0.029488199994375464,0.029488199994375464,found
R109,0,related,15,4,19,0.03868579999834765,0.03868579999834765,found
R109,0,related,14,16,80,0.17544679999991786,0.17544679999991786,found
R109,0,related,13,16,76,0.17352109999774257,,time_limit
R109,0,hybrid,18,1,1,0.058076100001926534,0.058076100001926534,found
R109,0,hybrid,17,1,1,0.05984829999943031,0.05984829999943031,found
R109,0,hybrid,16,1,1,0.059464600002684165,0.059464600002684165,found
R109,0,hybrid,15,2,4,0.03597289999743225,0.03597289999743225,found
R109,0,hybrid,14,2,4,0.025059999999939464,0.025059999999939464,found
R109,0,hybrid,13,6,17,0.08795200000167824,0.08795200000167824,found
R109,0,hybrid,12,8,23,0.09346519999962766,,time_limit
R109,1,reconstruct,18,1,1,0.05836719999933848,0.05836719999933848,found
R109,1,reconstruct,17,1,1,0.0562523999979021,0.0562523999979021,found
R109,1,reconstruct,16,1,1,0.05832940000254894,0.05832940000254894,found
R109,1,reconstruct,15,1,1,0.05906490000052145,0.05906490000052145,found
R109,1,reconstruct,14,7,7,0.18994430000020657,,time_limit
R109,1,route_removal,18,3,3,0.0016709000046830624,0.0016709000046830624,found
R109,1,route_removal,17,100,100,0.07456450000609038,,not_found
R109,1,related,18,1,2,0.002283100002387073,0.002283100002387073,found
R109,1,related,17,1,3,0.0039593000037712045,0.0039593000037712045,found
R109,1,related,16,3,14,0.026735500003269408,0.026735500003269408,found
R109,1,related,15,1,4,0.0068757000044570304,0.0068757000044570304,found
R109,1,related,14,3,14,0.029247200000099838,0.029247200000099838,found
R109,1,related,13,18,90,0.20112130000052275,0.20112130000052275,found
R109,1,related,12,13,62,0.14924089999840362,,time_limit
R109,1,hybrid,18,1,1,0.058838000004470814,0.058838000004470814,found
R109,1,hybrid,17,1,1,0.05776429999968968,0.05776429999968968,found
R109,1,hybrid,16,1,1,0.0590200000006007,0.0590200000006007,found
R109,1,hybrid,15,1,1,0.06153679999988526,0.06153679999988526,found
R109,1,hybrid,14,2,5,0.027872600003320258,0.027872600003320258,found
R109,1,hybrid,13,11,31,0.1546602000016719,,time_limit
R109,1,baseline,18,1,,,,found
R109,1,baseline,17,1,,,,found
R109,1,baseline,16,1,,,,found
R109,1,baseline,15,1,,,,found
R109,1,baseline,14,7,,,,not_found
R109,2,route_removal,18,3,3,0.001760799998010043,0.001760799998010043,found
R109,2,route_removal,17,100,100,0.08006970000133151,,not_found
R109,2,related,18,1,3,0.0038501000017276965,0.0038501000017276965,found
R109,2,related,17,1,2,0.0022199000013642944,0.0022199000013642944,found
R109,2,related,16,1,2,0.002203799995186273,0.002203799995186273,found
R109,2,related,15,2,10,0.0204474999991362,0.0204474999991362,found
R109,2,related,14,36,180,0.39119120000395924,0.39119120000395924,found
R109,2,related,13,1,1,0.00025610000011511147,,time_limit
R109,2,hybrid,18,1,1,0.058428800002729986,0.058428800002729986,found
R109,2,hybrid,17,2,2,0.026624899997841567,0.026624899997841567,found
R109,2,hybrid,16,1,1,0.06078440000419505,0.06078440000419505,found
R109,2,hybrid,15,1,1,0.06095439999626251,0.06095439999626251,found
R109,2,hybrid,14,4,12,0.05520049999904586,0.05520049999904586,found
R109,2,hybrid,13,11,31,0.1594686999960686,,time_limit
R109,2,baseline,18,1,,,,found
R109,2,baseline,17,2,,,,found
R109,2,baseline,16,1,,,,found
R109,2,baseline,15,1,,,,found
R109,2,baseline,14,5,,,,found
R109,2,baseline,13,1,,,,not_found
R109,2,reconstruct,18,1,1,0.058637499998440035,0.058637499998440035,found
R109,2,reconstruct,17,2,2,0.08556379999936325,0.08556379999936325,found
R109,2,reconstruct,16,1,1,0.0605063999973936,0.0605063999973936,found
R109,2,reconstruct,15,1,1,0.061629800002265256,0.061629800002265256,found
R109,2,reconstruct,14,5,5,0.13593789999868022,0.13593789999868022,found
R109,2,reconstruct,13,1,1,0.017961300000024494,,time_limit
R110,0,related,14,1,2,0.002253200000268407,0.002253200000268407,found
R110,0,related,13,35,172,0.4116400999992038,,time_limit
R110,0,hybrid,14,1,1,0.06419340000138618,0.06419340000138618,found
R110,0,hybrid,13,2,2,0.03777059999993071,0.03777059999993071,found
R110,0,hybrid,12,15,43,0.3127649999951245,,time_limit
R110,0,baseline,14,1,,,,found
R110,0,baseline,13,3,,,,found
R110,0,baseline,12,6,,,,not_found
R110,0,reconstruct,14,1,1,0.06264700000610901,0.06264700000610901,found
R110,0,reconstruct,13,3,3,0.15768939999543363,0.15768939999543363,found
R110,0,reconstruct,12,7,7,0.1951591000033659,,time_limit
R110,0,route_removal,14,6,6,0.004596899998432491,0.004596899998432491,found
R110,0,route_removal,13,100,100,0.08006469999963883,,not_found
R110,1,hybrid,14,1,1,0.05994359999749577,0.05994359999749577,found
R110,1,hybrid,13,2,2,0.05563339999935124,0.05563339999935124,found
R110,1,hybrid,12,4,9,0.06530219999694964,0.06530219999694964,found
R110,1,hybrid,11,17,49,0.23446509999484988,,time_limit
R110,1,baseline,14,1,,,,found
R110,1,baseline,13,2,,,,found
R110,1,baseline,12,9,,,,not_found
R110,1,reconstruct,14,1,1,0.058705099996586796,0.058705099996586796,found
R110,1,reconstruct,13,2,2,0.11698279999836814,0.11698279999836814,found
R110,1,reconstruct,12,10,10,0.23905229999945732,,time_limit
R110,1,route_removal,14,6,6,0.004743099998449907,0.004743099998449907,found
R110,1,route_removal,13,100,100,0.0809852000020328,,not_found
R110,1,related,14,2,7,0.011940600001253188,0.011940600001253188,found
R110,1,related,13,4,20,0.04456699999718694,0.04456699999718694,found
R110,1,related,12,3,15,0.03545060000033118,0.03545060000033118,found
R110,1,related,11,25,124,0.32238520000100834,,time_limit
R110,2,baseline,14,2,,,,found
R110,2,baseline,13,2,,,,found
R110,2,baseline,12,8,,,,not_found
R110,2,reconstruct,14,2,2,0.09309149999899091,0.09309149999899091,found
R110,2,reconstruct,13,2,2,0.09218770000006771,0.09218770000006771,found
R110,2,reconstruct,12,8,8,0.22921990000031656,,time_limit
R110,2,route_removal,14,6,6,0.004465199999685865,0.004465199999685865,found
R110,2,route_removal,13,100,100,0.07869850000133738,,not_found
R110,2,related,14,1,2,0.002155299996957183,0.002155299996957183,found
R110,2,related,13,20,100,0.2340323999960674,0.2340323999960674,found
R110,2,related,12,15,73,0.1792485999976634,,time_limit
R110,2,hybrid,14,2,3,0.03158780000376282,0.03158780000376282,found
R110,2,hybrid,13,3,7,0.10115630000655074,0.10115630000655074,found
R110,2,hybrid,12,14,39,0.2841082999948412,,time_limit
R111,0,reconstruct,12,1,1,0.06575159999920288,0.06575159999920288,found
R111,0,reconstruct,11,12,12,0.34659539999847766,,time_limit
R111,0,route_removal,12,100,100,0.10199629999988247,,not_found
R111,0,related,12,2,10,0.02125539999542525,0.02125539999542525,found
R111,0,related,11,31,155,0.38416439999855356,,time_limit
R111,0,hybrid,12,1,1,0.06684900000254856,0.06684900000254856,found
R111,0,hybrid,11,15,43,0.34480489999987185,,time_limit
R111,0,baseline,12,1,,,,found
R111,0,baseline,11,12,,,,not_found
R111,1,route_removal,12,100,100,0.10101189999841154,,not_found
R111,1,related,12,10,48,0.09976679999817861,0.09976679999817861,found
R111,1,related,11,24,119,0.30915100000129314,,time_limit
R111,1,hybrid,12,1,1,0.06757099999958882,0.06757099999958882,found
R111,1,hybrid,11,15,43,0.3433309000029112,,time_limit
R111,1,baseline,12,1,,,,found
R111,1,baseline,11,12,,,,not_found
R111,1,reconstruct,12,1,1,0.06573029999708524,0.06573029999708524,found
R111,1,reconstruct,11,12,12,0.3461012999978266,,time_limit
R111,2,related,12,2,9,0.017483800002082717,0.017483800002082717,found
R111,2,related,11,33,162,0.3943282999971416,,time_limit
R111,2,hybrid,12,4,11,0.11858609999762848,0.11858609999762848,found
R111,2,hybrid,11,12,36,0.2921106000067084,,time_limit
R111,2,baseline,12,3,,,,found
R111,2,baseline,11,7,,,,not_found
R111,2,reconstruct,12,3,3,0.16046479999931762,0.16046479999931762,found
R111,2,reconstruct,11,7,7,0.2532792999991216,,time_limit
R111,2,route_removal,12,100,100,0.09478359999775421,,not_found
R112,0,hybrid,14,1,1,0.06301119999989169,0.06301119999989169,found
R112,0,hybrid,13,1,1,0.06343299999571173,0.06343299999571173,found
R112,0,hybrid,12,2,2,0.05891159999737283,0.05891159999737283,found
R112,0,hybrid,11,9,25,0.22907169999962207,,time_limit
R112,0,baseline,14,1,,,,found
R112,0,baseline,13,1,,,,found
R112,0,baseline,12,3,,,,found
R112,0,baseline,11,3,,,,not_found
R112,0,reconstruct,14,1,1,0.064643799996702,0.064643799996702,found
R112,0,reconstruct,13,1,1,0.064852499999688,0.064852499999688,found
R112,0,reconstruct,12,3,3,0.18302260000200476,0.18302260000200476,found
R112,0,reconstruct,11,3,3,0.10129400000005262,,time_limit
R112,0,route_removal,14,100,100,0.08549810000113212,,not_found
R112,0,related,14,1,5,0.010665400004654657,0.010665400004654657,found
R112,0,related,13,1,4,0.007727099997282494,0.007727099997282494,found
R112,0,related,12,16,79,0.19419740000012098,0.19419740000012098,found
R112,0,related,11,16,78,0.20126410000375472,,time_limit
R112,1,baseline,14,1,,,,found
R112,1,baseline,13,1,,,,found
R112,1,baseline,12,6,,,,not_found
R112,1,reconstruct,14,1,1,0.06438549999438692,0.06438549999438692,found
R112,1,reconstruct,13,1,1,0.06353700000181561,0.06353700000181561,found
R112,1,reconstruct,12,6,6,0.2847974999967846,,time_limit
R112,1,route_removal,14,100,100,0.09281679999548942,,not_found
R112,1,related,14,1,4,0.007804000000760425,0.007804000000760425,found
R112,1,related,13,1,2,0.002808600002026651,0.002808600002026651,found
R112,1,related,12,1,4,0.007566400003270246,0.007566400003270246,found
R112,1,related,11,34,167,0.3929760999963037,,time_limit
R112,1,hybrid,14,1,1,0.05863369999860879,0.05863369999860879,found
R112,1,hybrid,13,1,1,0.06010909999895375,0.06010909999895375,found
R112,1,hybrid,12,2,2,0.05335000000195578,0.05335000000195578,found
R112,1,hybrid,11,4,11,0.09778019999794196,0.09778019999794196,found
R112,1,hybrid,10,9,25,0.1446942999973544,,time_limit
R112,2,reconstruct,14,1,1,0.05985269999655429,0.05985269999655429,found
R112,2,reconstruct,13,2,2,0.11076439999305876,0.11076439999305876,found
R112,2,reconstruct,12,3,3,0.15435170000273502,0.15435170000273502,found
R112,2,reconstruct,11,3,3,0.09033529999578604,,time_limit
R112,2,route_removal,14,100,100,0.08632600000419188,,not_found
R112,2,related,14,1,2,0.002859699998225551,0.002859699998225551,found
R112,2,related,13,1,5,0.010733700000855606,0.010733700000855606,found
R112,2,related,12,33,164,0.4015484000046854,,time_limit
R112,2,hybrid,14,1,1,0.06362529999751132,0.06362529999751132,found
R112,2,hybrid,13,2,2,0.052118999999947846,0.052118999999947846,found
R112,2,hybrid,12,2,4,0.0542455999966478,0.0542455999966478,found
R112,2,hybrid,11,9,25,0.24320849999639904,,time_limit
R112,2,baseline,14,1,,,,found
R112,2,baseline,13,2,,,,found
R112,2,baseline,12,3,,,,found
R112,2,baseline,11,2,,,,not_found
R201,0,route_removal,4,72,72,0.34084209999855375,,time_limit
R201,0,related,4,2,10,0.03403999999864027,0.03403999999864027,found
R201,0,related,3,12,56,0.319999800005462,,time_limit
R201,0,hybrid,4,4,12,0.09262850000231992,0.09262850000231992,found
R201,0,hybrid,3,14,41,0.2558372999992571,,time_limit
R201,0,baseline,4,11,,,,not_found
R201,0,reconstruct,4,11,11,0.34944549999636365,,time_limit
R201,1,related,4,1,5,0.0171732000017073,0.0171732000017073,found
R201,1,related,3,12,56,0.3323515999945812,,time_limit
R201,1,hybrid,4,2,6,0.03077859999757493,0.03077859999757493,found
R201,1,hybrid,3,18,54,0.32350250000308733,,time_limit
R201,1,baseline,4,6,,,,found
R201,1,baseline,3,11,,,,not_found
R201,1,reconstruct,4,6,6,0.3118647000010242,0.3118647000010242,found
R201,1,reconstruct,3,4,4,0.03225340000062715,,time_limit
R201,1,route_removal,4,64,64,0.31637960000080056,,time_limit
R201,2,hybrid,4,1,1,0.14180640000267886,0.14180640000267886,found
R201,2,hybrid,3,12,35,0.2108966000014334,,time_limit
R201,2,baseline,4,1,,,,found
R201,2,baseline,3,31,,,,not_found
R201,2,reconstruct,4,1,1,0.14594539999961853,0.14594539999961853,found
R201,2,reconstruct,3,30,30,0.2055047000030754,,time_limit
R201,2,route_removal,4,69,69,0.34861739999905694,,time_limit
R201,2,related,4,1,4,0.013095700000121724,0.013095700000121724,found
R201,2,related,3,11,53,0.33770910000021104,,time_limit
R202,0,baseline,3,46,,,,not_found
R202,0,reconstruct,3,45,45,0.33238690000143833,,time_limit
R202,0,route_removal,3,46,46,0.33003939999616705,,time_limit
R202,0,related,3,12,60,0.32949419999931706,,time_limit
R202,0,hybrid,3,20,60,0.3346788999988348,,time_limit
R202,1,reconstruct,3,46,46,0.3342333000036888,,time_limit
R202,1,route_removal,3,53,53,0.33061889999953564,,time_limit
R202,1,related,3,12,59,0.3255610999985947,,time_limit
R202,1,hybrid,3,20,59,0.3325295000031474,,time_limit
R202,1,baseline,3,42,,,,not_found
R202,2,route_removal,3,45,45,0.32385790000262205,,time_limit
R202,2,related,3,12,60,0.3301099000018439,,time_limit
R202,2,hybrid,3,20,59,0.33267029999842634,,time_limit
R202,2,baseline,3,49,,,,not_found
R202,2,reconstruct,3,49,49,0.335145700002613,,time_limit
R203,0,related,2,6,30,0.32030800000211457,,time_limit
R203,0,hybrid,2,10,30,0.321119300002465,,time_limit
R203,0,baseline,2,100,,,,not_found
R203,0,reconstruct,2,100,100,0.24265560000640107,,not_found
R203,0,route_removal,2,26,26,0.32042360000195913,,time_limit
R203,1,hybrid,2,12,33,0.3169140000027255,,time_limit
R203,1,baseline,2,100,,,,not_found
R203,1,reconstruct,2,100,100,0.24531610000121873,,not_found
R203,1,route_removal,2,27,27,0.32082660000014585,,time_limit
R203,1,related,2,7,31,0.3253056999965338,,time_limit
R203,2,baseline,2,100,,,,not_found
R203,2,reconstruct,2,100,100,0.2572654999967199,,not_found
R203,2,route_removal,2,28,28,0.32513620000099763,,time_limit
R203,2,related,2,7,33,0.3245645999995759,,time_limit
R203,2,hybrid,2,12,36,0.3226875000036671,,time_limit
R204,0,reconstruct,2,4,4,0.28004179999697953,,time_limit
R204,0,route_removal,2,18,18,0.2812603999991552,,time_limit
R204,0,related,2,6,30,0.27705969999806257,,time_limit
R204,0,hybrid,2,6,14,0.2869750000027125,,time_limit
R204,0,baseline,2,4,,,,not_found
R204,1,route_removal,2,18,18,0.2837381999997888,,time_limit
R204,1,related,2,6,26,0.2695395000046119,,time_limit
R204,1,hybrid,2,4,12,0.2824758999995538,,time_limit
R204,1,baseline,2,3,,,,not_found
R204,1,reconstruct,2,3,3,0.28145629999926314,,time_limit
R204,2,related,2,7,31,0.28313459999480983,,time_limit
R204,2,hybrid,2,6,15,0.282357600000978,,time_limit
R204,2,baseline,2,8,,,,not_found
R204,2,reconstruct,2,8,8,0.2849964000051841,,time_limit
R204,2,route_removal,2,18,18,0.2846722999966005,,time_limit
R205,0,hybrid,3,3,7,0.2514004999975441,0.2514004999975441,found
R205,0,hybrid,2,4,8,0.06778219999978319,,time_limit
R205,0,baseline,3,2,,,,found
R205,0,baseline,2,26,,,,not_found
R205,0,reconstruct,3,2,2,0.2074722000033944,0.2074722000033944,found
R205,0,reconstruct,2,25,25,0.11589790000289213,,time_limit
R205,0,route_removal,3,46,46,0.32776559999911115,,time_limit
R205,0,related,3,2,10,0.046068399999057874,0.046068399999057874,found
R205,0,related,2,6,27,0.27783289999933913,,time_limit
R205,1,baseline,3,11,,,,not_found
R205,1,reconstruct,3,11,11,0.31771609999850625,,time_limit
R205,1,route_removal,3,43,43,0.32436479999887524,,time_limit
R205,1,related,3,6,30,0.15363910000451142,0.15363910000451142,found
R205,1,related,2,4,17,0.17016689999582013,,time_limit
R205,1,hybrid,3,11,31,0.3223738999950001,,time_limit
R205,2,reconstruct,3,4,4,0.2748457999987295,0.2748457999987295,found
R205,2,reconstruct,2,10,10,0.04840839999815216,,time_limit
R205,2,route_removal,3,48,48,0.3243185000028461,,time_limit
R205,2,related,3,12,60,0.28963849999854574,0.28963849999854574,found
R205,2,related,2,1,4,0.034338600002229214,,time_limit
R205,2,hybrid,3,7,19,0.3225386999984039,,time_limit
R205,2,baseline,3,4,,,,found
R205,2,baseline,2,9,,,,not_found
R206,0,route_removal,2,32,32,0.31800859999930253,,time_limit
R206,0,related,2,6,30,0.31386360000033164,,time_limit
R206,0,hybrid,2,12,33,0.314584300002025,,time_limit
R206,0,baseline,2,64,,,,not_found
R206,0,reconstruct,2,66,66,0.31986329999926966,,time_limit
R206,1,related,2,7,31,0.3206426999968244,,time_limit
R206,1,hybrid,2,12,34,0.3158142999964184,,time_limit
R206,1,baseline,2,57,,,,not_found
R206,1,reconstruct,2,60,60,0.3061069999967003,,time_limit
R206,1,route_removal,2,33,33,0.3186550000027637,,time_limit
R206,2,hybrid,2,12,36,0.31950140000117244,,time_limit
R206,2,baseline,2,59,,,,not_found
R206,2,reconstruct,2,59,59,0.3133646999995108,,time_limit
R206,2,route_removal,2,30,30,0.31440690000454197,,time_limit
R206,2,related,2,7,31,0.3133536999957869,,time_limit
R207,0,baseline,3,1,,,,found
R207,0,baseline,2,2,,,,not_found
R207,0,reconstruct,3,1,1,0.1587160999988555,0.1587160999988555,found
R207,0,reconstruct,2,2,2,0.1328845000025467,,time_limit
R207,0,route_removal,3,2,2,0.004042000000481494,0.004042000000481494,found
R207,0,route_removal,2,23,23,0.28372639999724925,,time_limit
R207,0,related,3,1,2,0.002923300002294127,0.002923300002294127,found
R207,0,related,2,7,31,0.2873498999979347,,time_limit
R207,0,hybrid,3,1,1,0.15255959999922197,0.15255959999922197,found
R207,0,hybrid,2,2,5,0.13612599999760278,,time_limit
R207,1,reconstruct,3,1,1,0.1561063999979524,0.1561063999979524,found
R207,1,reconstruct,2,2,2,0.13430019999941578,,time_limit
R207,1,route_removal,3,2,2,0.004316200000175741,0.004316200000175741,found
R207,1,route_removal,2,22,22,0.2812785999994958,,time_limit
R207,1,related,3,1,2,0.0030849000031594187,0.0030849000031594187,found
R207,1,related,2,6,30,0.2842296000017086,,time_limit
R207,1,hybrid,3,1,1,0.16251270000066143,0.16251270000066143,found
R207,1,hybrid,2,2,4,0.11459209999884479,,time_limit
R207,1,baseline,3,1,,,,found
R207,1,baseline,2,2,,,,not_found
R207,2,route_removal,3,2,2,0.004400599995278753,0.004400599995278753,found
R207,2,route_removal,2,21,21,0.27257449999888195,,time_limit
R207,2,related,3,1,2,0.003348600002937019,0.003348600002937019,found
R207,2,related,2,6,27,0.27557119999983115,,time_limit
R207,2,hybrid,3,1,1,0.163325999994413,0.163325999994413,found
R207,2,hybrid,2,2,2,0.12796959999832325,,time_limit
R207,2,baseline,3,1,,,,found
R207,2,baseline,2,1,,,,not_found
R207,2,reconstruct,3,1,1,0.16185720000066794,0.16185720000066794,found
R207,2,reconstruct,2,2,2,0.12892979999742238,,time_limit
R208,0,related,2,1,4,0.013864699998521246,0.013864699998521246,found
R208,0,hybrid,2,2,5,0.20224360000429442,0.20224360000429442,found
R208,0,baseline,2,2,,,,not_found
R208,0,reconstruct,2,2,2,0.26998969999840483,,time_limit
R208,0,route_removal,2,17,17,0.27009040000120876,,time_limit
R208,1,hybrid,2,2,6,0.14637039999797707,0.14637039999797707,found
R208,1,baseline,2,3,,,,not_found
R208,1,reconstruct,2,3,3,0.27515699999639764,,time_limit
R208,1,route_removal,2,21,21,0.2662689999997383,,time_limit
R208,1,related,2,1,5,0.02112749999650987,0.02112749999650987,found
R208,2,baseline,2,2,,,,not_found
R208,2,reconstruct,2,2,2,0.26495620000059716,,time_limit
R208,2,route_removal,2,18,18,0.27671469999768306,,time_limit
R208,2,related,2,1,4,0.01393629999802215,0.01393629999802215,found
R208,2,hybrid,2,2,5,0.2128156000035233,0.2128156000035233,found
R209,0,reconstruct,3,2,2,0.19950100000278326,0.19950100000278326,found
R209,0,reconstruct,2,15,15,0.13006839999434305,,time_limit
R209,0,route_removal,3,39,39,0.31979470000078436,,time_limit
R209,0,related,3,1,5,0.024837000004481524,0.024837000004481524,found
R209,0,related,2,6,29,0.3004298999949242,,time_limit
R209,0,hybrid,3,2,6,0.05662029999803053,0.05662029999803053,found
R209,0,hybrid,2,10,27,0.27540610000141896,,time_limit
R209,0,baseline,3,2,,,,found
R209,0,baseline,2,14,,,,not_found
R209,1,route_removal,3,39,39,0.3218295999977272,,time_limit
R209,1,related,3,1,5,0.02204830000118818,0.02204830000118818,found
R209,1,related,2,6,29,0.3006059000035748,,time_limit
R209,1,hybrid,3,1,1,0.16347870000026887,0.16347870000026887,found
R209,1,hybrid,2,6,17,0.16630070000246633,,time_limit
R209,1,baseline,3,1,,,,found
R209,1,baseline,2,18,,,,not_found
R209,1,reconstruct,3,1,1,0.16890710000006948,0.16890710000006948,found
R209,1,reconstruct,2,17,17,0.1598188999996637,,time_limit
R209,2,related,3,3,15,0.0702409000004991,0.0702409000004991,found
R209,2,related,2,5,24,0.2550670999989961,,time_limit
R209,2,hybrid,3,3,7,0.21209470000030706,0.21209470000030706,found
R209,2,hybrid,2,4,12,0.11932900000101654,,time_limit
R209,2,baseline,3,2,,,,found
R209,2,baseline,2,18,,,,not_found
R209,2,reconstruct,3,2,2,0.1989434999995865,0.1989434999995865,found
R209,2,reconstruct,2,16,16,0.12964279999869177,,time_limit
R209,2,route_removal,3,41,41,0.3265784999966854,,time_limit
R210,0,hybrid,2,12,36,0.31914010000036797,,time_limit
R210,0,baseline,2,100,,,,not_found
R210,0,reconstruct,2,100,100,0.1829866000043694,,not_found
R210,0,route_removal,2,26,26,0.30838349999976344,,time_limit
R210,0,related,2,6,30,0.3076567000025534,,time_limit
R210,1,baseline,2,100,,,,not_found
R210,1,reconstruct,2,100,100,0.18241540000599343,,not_found
R210,1,route_removal,2,28,28,0.3130648000005749,,time_limit
R210,1,related,2,6,29,0.30469540000194684,,time_limit
R210,1,hybrid,2,12,35,0.3110582000008435,,time_limit
R210,2,reconstruct,2,100,100,0.16885880000336329,,not_found
R210,2,route_removal,2,26,26,0.30844059999799356,,time_limit
R210,2,related,2,7,31,0.3167881999979727,,time_limit
R210,2,hybrid,2,12,36,0.3170003999985056,,time_limit
R210,2,baseline,2,100,,,,not_found
R211,0,route_removal,2,29,29,0.297774800004845,,time_limit
R211,0,related,2,6,29,0.29988620000222,,time_limit
R211,0,hybrid,2,8,22,0.30374540000048,,time_limit
R211,0,baseline,2,10,,,,not_found
R211,0,reconstruct,2,10,10,0.2964533999984269,,time_limit
R211,1,related,2,6,30,0.2967840999990585,,time_limit
R211,1,hybrid,2,8,20,0.2967071000020951,,time_limit
R211,1,baseline,2,10,,,,not_found
R211,1,reconstruct,2,10,10,0.3002704999962589,,time_limit
R211,1,route_removal,2,28,28,0.29781480000383453,,time_limit
R211,2,hybrid,2,8,22,0.2971028000029037,,time_limit
R211,2,baseline,2,11,,,,not_found
R211,2,reconstruct,2,12,12,0.3027132999995956,,time_limit
R211,2,route_removal,2,33,33,0.30496669999411097,,time_limit
R211,2,related,2,6,30,0.29715310000028694,,time_limit
RC101,0,baseline,19,1,,,,found
RC101,0,baseline,18,8,,,,found
RC101,0,baseline,17,2,,,,found
RC101,0,baseline,16,8,,,,not_found
RC101,0,reconstruct,19,1,1,0.05711779999546707,0.05711779999546707,found
RC101,0,reconstruct,18,8,8,0.1780166000025929,0.1780166000025929,found
RC101,0,reconstruct,17,2,2,0.07944510000379523,0.07944510000379523,found
RC101,0,reconstruct,16,9,9,0.1064808000010089,,time_limit
RC101,0,route_removal,19,1,1,0.0006844999952591024,0.0006844999952591024,found
RC101,0,route_removal,18,100,100,0.07773189999716124,,not_found
RC101,0,related,19,1,1,0.0006880000000819564,0.0006880000000819564,found
RC101,0,related,18,1,4,0.006731900000886526,0.006731900000886526,found
RC101,0,related,17,3,13,0.022233299998333678,0.022233299998333678,found
RC101,0,related,16,1,4,0.006770300002244767,0.006770300002244767,found
RC101,0,related,15,34,169,0.38533340000140015,,time_limit
RC101,0,hybrid,19,1,1,0.05968050000228686,0.05968050000228686,found
RC101,0,hybrid,18,2,2,0.020557299998472445,0.020557299998472445,found
RC101,0,hybrid,17,2,2,0.019352300005266443,0.019352300005266443,found
RC101,0,hybrid,16,6,18,0.07263809999858495,0.07263809999858495,found
RC101,0,hybrid,15,23,67,0.24646470000152476,,time_limit
RC101,1,reconstruct,19,3,3,0.10630160000437172,0.10630160000437172,found
RC101,1,reconstruct,18,5,5,0.14594239999860292,0.14594239999860292,found
RC101,1,reconstruct,17,9,9,0.1665011999939452,,time_limit
RC101,1,route_removal,19,1,1,0.0007442999994964339,0.0007442999994964339,found
RC101,1,route_removal,18,100,100,0.0814306000029319,,not_found
RC101,1,related,19,1,1,0.0007429999968735501,0.0007429999968735501,found
RC101,1,related,18,1,5,0.010110399998666253,0.010110399998666253,found
RC101,1,related,17,3,12,0.022393100000044797,0.022393100000044797,found
RC101,1,related,16,34,166,0.3863262999948347,,time_limit
RC101,1,hybrid,19,2,2,0.02373710000392748,0.02373710000392748,found
RC101,1,hybrid,18,2,6,0.03308629999810364,0.03308629999810364,found
RC101,1,hybrid,17,6,15,0.07132589999673655,0.07132589999673655,found
RC101,1,hybrid,16,23,67,0.2936196000009659,,time_limit
RC101,1,baseline,19,3,,,,found
RC101,1,baseline,18,5,,,,found
RC101,1,baseline,17,11,,,,not_found
RC101,2,route_removal,19,1,1,0.0007847000015317462,0.0007847000015317462,found
RC101,2,route_removal,18,100,100,0.08101060000626603,,not_found
RC101,2,related,19,1,1,0.0007406000004266389,0.0007406000004266389,found
RC101,2,related,18,1,4,0.007245699998748023,0.007245699998748023,found
RC101,2,related,17,1,3,0.0037545000013778917,0.0037545000013778917,found
RC101,2,related,16,6,28,0.05341309999494115,0.05341309999494115,found
RC101,2,related,15,33,162,0.3541780000014114,,time_limit
RC101,2,hybrid,19,2,2,0.017771799997717608,0.017771799997717608,found
RC101,2,hybrid,18,2,5,0.026087699996423908,0.026087699996423908,found
RC101,2,hybrid,17,2,4,0.023022800000035204,0.023022800000035204,found
RC101,2,hybrid,16,12,34,0.13269109999964712,0.13269109999964712,found
RC101,2,hybrid,15,20,60,0.22006370000599418,,time_limit
RC101,2,baseline,19,4,,,,found
RC101,2,baseline,18,4,,,,found
RC101,2,baseline,17,11,,,,not_found
RC101,2,reconstruct,19,4,4,0.11067929999990156,0.11067929999990156,found
RC101,2,reconstruct,18,4,4,0.10941200000524987,0.10941200000524987,found
RC101,2,reconstruct,17,10,10,0.1980009000035352,,time_limit
RC102,0,related,16,1,1,0.000891099996806588,0.000891099996806588,found
RC102,0,related,15,1,4,0.007579099998110905,0.007579099998110905,found
RC102,0,related,14,24,119,0.2700990000012098,0.2700990000012098,found
RC102,0,related,13,11,55,0.13712669999949867,,time_limit
RC102,0,hybrid,16,2,2,0.018508200002543163,0.018508200002543163,found
RC102,0,hybrid,15,2,5,0.01968249999481486,0.01968249999481486,found
RC102,0,hybrid,14,33,97,0.3768765999993775,,time_limit
RC102,0,baseline,16,9,,,,found
RC102,0,baseline,15,4,,,,found
RC102,0,baseline,14,5,,,,not_found
RC102,0,reconstruct,16,9,9,0.17356719999952475,0.17356719999952475,found
RC102,0,reconstruct,15,4,4,0.09638889999769162,0.09638889999769162,found
RC102,0,reconstruct,14,13,13,0.1491219000017736,,time_limit
RC102,0,route_removal,16,1,1,0.0007569000008516014,0.0007569000008516014,found
RC102,0,route_removal,15,2,2,0.0014484999992419034,0.0014484999992419034,found
RC102,0,route_removal,14,100,100,0.08421670000097947,,not_found
RC102,1,hybrid,16,1,1,0.07580330000200775,0.07580330000200775,found
RC102,1,hybrid,15,4,10,0.03978590000042459,0.03978590000042459,found
RC102,1,hybrid,14,2,2,0.01414669999940088,0.01414669999940088,found
RC102,1,hybrid,13,29,85,0.28780449999612756,,time_limit
RC102,1,baseline,16,1,,,,found
RC102,1,baseline,15,5,,,,found
RC102,1,baseline,14,24,,,,not_found
RC102,1,reconstruct,16,1,1,0.05604219999804627,0.05604219999804627,found
RC102,1,reconstruct,15,5,5,0.1053537999978289,0.1053537999978289,found
RC102,1,reconstruct,14,23,23,0.25852470000245376,,time_limit
RC102,1,route_removal,16,1,1,0.0007952000014483929,0.0007952000014483929,found
RC102,1,route_removal,15,2,2,0.0014534000001731329,0.0014534000001731329,found
RC102,1,route_removal,14,100,100,0.08338999999978114,,not_found
RC102,1,related,16,1,1,0.000810900004580617,0.000810900004580617,found
RC102,1,related,15,1,4,0.0071707999959471636,0.0071707999959471636,found
RC102,1,related,14,20,99,0.2130990000005113,0.2130990000005113,found
RC102,1,related,13,18,89,0.19710850000410574,,time_limit
RC102,2,baseline,16,2,,,,found
RC102,2,baseline,15,24,,,,not_found
RC102,2,reconstruct,16,2,2,0.07374659999914002,0.07374659999914002,found
RC102,2,reconstruct,15,24,24,0.34552049999911105,,time_limit
RC102,2,route_removal,16,1,1,0.0008159999997587875,0.0008159999997587875,found
RC102,2,route_removal,15,2,2,0.0014788000044063665,0.0014788000044063665,found
RC102,2,route_removal,14,100,100,0.08352020000165794,,not_found
RC102,2,related,16,1,1,0.0008103000000119209,0.0008103000000119209,found
RC102,2,related,15,1,2,0.0024190999974962324,0.0024190999974962324,found
RC102,2,related,14,2,9,0.01692170000023907,0.01692170000023907,found
RC102,2,related,13,35,175,0.3926352999988012,,time_limit
RC102,2,hybrid,16,2,2,0.01609900000039488,0.01609900000039488,found
RC102,2,hybrid,15,2,3,0.01738900000054855,0.01738900000054855,found
RC102,2,hybrid,14,4,11,0.035008799997740425,0.035008799997740425,found
RC102,2,hybrid,13,34,102,0.3473587000044063,,time_limit
RC103,0,reconstruct,12,11,11,0.36647509999602335,0.36647509999602335,found
RC103,0,reconstruct,11,4,4,0.04552239999611629,,time_limit
RC103,0,route_removal,12,100,100,0.07295959999464685,,not_found
RC103,0,related,12,18,90,0.21970030000375118,0.21970030000375118,found
RC103,0,related,11,15,75,0.18975130000035278,,time_limit
RC103,0,hybrid,12,18,54,0.4101209000000381,,time_limit
RC103,0,baseline,12,11,,,,found
RC103,0,baseline,11,4,,,,not_found
RC103,1,route_removal,12,100,100,0.06976730000315001,,not_found
RC103,1,related,12,34,167,0.4089365000036196,,time_limit
RC103,1,hybrid,12,1,1,0.06681759999628412,0.06681759999628412,found
RC103,1,hybrid,11,31,91,0.3454965999990236,,time_limit
RC103,1,baseline,12,1,,,,found
RC103,1,baseline,11,37,,,,not_found
RC103,1,reconstruct,12,1,1,0.06454900000244379,0.06454900000244379,found
RC103,1,reconstruct,11,38,38,0.3476594000021578,,time_limit
RC103,2,related,12,33,164,0.4114728999993531,,time_limit
RC103,2,hybrid,12,17,49,0.41133280000212835,,time_limit
RC103,2,baseline,12,15,,,,not_found
RC103,2,reconstruct,12,15,15,0.41216759999952046,,time_limit
RC103,2,route_removal,12,100,100,0.07432219999463996,,not_found
RC104,0,hybrid,13,1,1,0.06572900000173831,0.06572900000173831,found
RC104,0,hybrid,12,1,1,0.06211019999318523,0.06211019999318523,found
RC104,0,hybrid,11,9,25,0.27973210000345716,,time_limit
RC104,0,baseline,13,1,,,,found
RC104,0,baseline,12,1,,,,found
RC104,0,baseline,11,6,,,,not_found
RC104,0,reconstruct,13,1,1,0.06541419999848586,0.06541419999848586,found
RC104,0,reconstruct,12,1,1,0.06278029999521095,0.06278029999521095,found
RC104,0,reconstruct,11,5,5,0.2796805999969365,,time_limit
RC104,0,route_removal,13,100,100,0.09002880000480218,,not_found
RC104,0,related,13,1,4,0.007711400001426227,0.007711400001426227,found
RC104,0,related,12,35,173,0.4028330000001006,,time_limit
RC104,1,baseline,13,1,,,,found
RC104,1,baseline,12,1,,,,found
RC104,1,baseline,11,6,,,,not_found
RC104,1,reconstruct,13,1,1,0.05794849999801954,0.05794849999801954,found
RC104,1,reconstruct,12,1,1,0.06430529999488499,0.06430529999488499,found
RC104,1,reconstruct,11,6,6,0.28451070000301115,,time_limit
RC104,1,route_removal,13,100,100,0.09321230000205105,,not_found
RC104,1,related,13,1,5,0.010886099997151177,0.010886099997151177,found
RC104,1,related,12,32,160,0.4015921000027447,,time_limit
RC104,1,hybrid,13,1,1,0.05760550000559306,0.05760550000559306,found
RC104,1,hybrid,12,1,1,0.06529240000236314,0.06529240000236314,found
RC104,1,hybrid,11,9,25,0.28811190000124043,,time_limit
RC104,2,reconstruct,13,1,1,0.06014309999591205,0.06014309999591205,found
RC104,2,reconstruct,12,1,1,0.05873589999828255,0.05873589999828255,found
RC104,2,reconstruct,11,4,4,0.20052030000078958,0.20052030000078958,found
RC104,2,reconstruct,10,3,3,0.08814810000330908,,time_limit
RC104,2,route_removal,13,100,100,0.08727570000337437,,not_found
RC104,2,related,13,38,189,0.403778500003682,,time_limit
RC104,2,hybrid,13,1,1,0.05686259999492904,0.05686259999492904,found
RC104,2,hybrid,12,1,1,0.05513359999895329,0.05513359999895329,found
RC104,2,hybrid,11,2,2,0.04066679999959888,0.04066679999959888,found
RC104,2,hybrid,10,13,37,0.25868610000179615,,time_limit
RC104,2,baseline,13,1,,,,found
RC104,2,baseline,12,1,,,,found
RC104,2,baseline,11,4,,,,found
RC104,2,baseline,10,4,,,,not_found
RC105,0,route_removal,16,10,10,0.0077459000021917745,0.0077459000021917745,found
RC105,0,route_removal,15,100,100,0.08224709999922197,,not_found
RC105,0,related,16,2,9,0.01656869999715127,0.01656869999715127,found
RC105,0,related,15,1,3,0.004208699996524956,0.004208699996524956,found
RC105,0,related,14,7,34,0.07255109999823617,0.07255109999823617,found
RC105,0,related,13,27,135,0.3255263000028208,,time_limit
RC105,0,hybrid,16,4,11,0.06088270000327611,0.06088270000327611,found
RC105,0,hybrid,15,2,4,0.016368700002203695,0.016368700002203695,found
RC105,0,hybrid,14,14,41,0.17669320000277366,0.17669320000277366,found
RC105,0,hybrid,13,17,49,0.1636058999938541,,time_limit
RC105,0,baseline,16,13,,,,found
RC105,0,baseline,15,5,,,,not_found
RC105,0,reconstruct,16,13,13,0.2959874000007403,0.2959874000007403,found
RC105,0,reconstruct,15,6,6,0.12317240000265883,,time_limit
RC105,1,related,16,1,5,0.009560499995131977,0.009560499995131977,found
RC105,1,related,15,12,59,0.12064169999939622,0.12064169999939622,found
RC105,1,related,14,27,131,0.2889918000000762,,time_limit
RC105,1,hybrid,16,2,6,0.05177120000007562,0.05177120000007562,found
RC105,1,hybrid,15,23,67,0.36490080000658054,,time_limit
RC105,1,baseline,16,3,,,,found
RC105,1,baseline,15,14,,,,not_found
RC105,1,reconstruct,16,3,3,0.12151689999882365,0.12151689999882365,found
RC105,1,reconstruct,15,15,15,0.2942639000029885,,time_limit
RC105,1,route_removal,16,10,10,0.007193600002210587,0.007193600002210587,found
RC105,1,route_removal,15,100,100,0.08011319999786792,,not_found
RC105,2,hybrid,16,1,1,0.05930630000511883,0.05930630000511883,found
RC105,2,hybrid,15,6,17,0.05578679999598535,0.05578679999598535,found
RC105,2,hybrid,14,30,89,0.30442390000098385,,time_limit
RC105,2,baseline,16,1,,,,found
RC105,2,baseline,15,29,,,,not_found
RC105,2,reconstruct,16,1,1,0.05804119999811519,0.05804119999811519,found
RC105,2,reconstruct,15,28,28,0.360256500003743,,time_limit
RC105,2,route_removal,16,10,10,0.00715910000144504,0.00715910000144504,found
RC105,2,route_removal,15,100,100,0.08460919999924954,,not_found
RC105,2,related,16,1,5,0.009541600004013162,0.009541600004013162,found
RC105,2,related,15,13,65,0.1353841000018292,0.1353841000018292,found
RC105,2,related,14,25,122,0.2741753999944194,,time_limit
RC106,0,baseline,17,1,,,,found
RC106,0,baseline,16,1,,,,found
RC106,0,baseline,15,2,,,,found
RC106,0,baseline,14,8,,,,not_found
RC106,0,reconstruct,17,1,1,0.06064969999715686,0.06064969999715686,found
RC106,0,reconstruct,16,1,1,0.06202960000518942,0.06202960000518942,found
RC106,0,reconstruct,15,2,2,0.0929718999977922,0.0929718999977922,found
RC106,0,reconstruct,14,8,8,0.20456999999441905,,time_limit
RC106,0,route_removal,17,6,6,0.003899800001818221,0.003899800001818221,found
RC106,0,route_removal,16,100,100,0.07671129999653203,,not_found
RC106,0,related,17,1,3,0.003670499994768761,0.003670499994768761,found
RC106,0,related,16,1,4,0.006814799999119714,0.006814799999119714,found
RC106,0,related,15,6,29,0.05836660000204574,0.05836660000204574,found
RC106,0,related,14,33,163,0.35196040000300854,,time_limit
RC106,0,hybrid,17,1,1,0.05783460000384366,0.05783460000384366,found
RC106,0,hybrid,16,1,1,0.05972309999924619,0.05972309999924619,found
RC106,0,hybrid,15,2,2,0.030771500001719687,0.030771500001719687,found
RC106,0,hybrid,14,2,4,0.02952950000326382,0.02952950000326382,found
RC106,0,hybrid,13,16,46,0.23621409999759635,,time_limit
RC106,1,reconstruct,17,1,1,0.061044400004902855,0.061044400004902855,found
RC106,1,reconstruct,16,1,1,0.06170099999872036,0.06170099999872036,found
RC106,1,reconstruct,15,3,3,0.1520784000022104,0.1520784000022104,found
RC106,1,reconstruct,14,5,5,0.14354480000474723,,time_limit
RC106,1,route_removal,17,6,6,0.004193799999484327,0.004193799999484327,found
RC106,1,route_removal,16,100,100,0.08376490000227932,,not_found
RC106,1,related,17,1,2,0.00219170000491431,0.00219170000491431,found
RC106,1,related,16,1,5,0.00953049999952782,0.00953049999952782,found
RC106,1,related,15,5,25,0.049895100004505366,0.049895100004505366,found
RC106,1,related,14,31,155,0.35839470000064466,,time_limit
RC106,1,hybrid,17,1,1,0.06275379999715369,0.06275379999715369,found
RC106,1,hybrid,16,1,1,0.06327140000212239,0.06327140000212239,found
RC106,1,hybrid,15,2,3,0.042646699999750126,0.042646699999750126,found
RC106,1,hybrid,14,8,24,0.174451400001999,0.174451400001999,found
RC106,1,hybrid,13,6,15,0.07361300000047777,,time_limit
RC106,1,baseline,17,1,,,,found
RC106,1,baseline,16,1,,,,found
RC106,1,baseline,15,3,,,,found
RC106,1,baseline,14,5,,,,not_found
RC106,2,route_removal,17,6,6,0.004490700004680548,0.004490700004680548,found
RC106,2,route_removal,16,100,100,0.08486919999995735,,not_found
RC106,2,related,17,1,3,0.003754600002139341,0.003754600002139341,found
RC106,2,related,16,2,8,0.014764500003366265,0.014764500003366265,found
RC106,2,related,15,1,5,0.010393600001407322,0.010393600001407322,found
RC106,2,related,14,36,178,0.3912501000013435,,time_limit
RC106,2,hybrid,17,1,1,0.05548350000026403,0.05548350000026403,found
RC106,2,hybrid,16,1,1,0.058269799999834504,0.058269799999834504,found
RC106,2,hybrid,15,2,2,0.041451899996900465,0.041451899996900465,found
RC106,2,hybrid,14,2,4,0.025228899998182897,0.025228899998182897,found
RC106,2,hybrid,13,17,49,0.23968929999682587,,time_limit
RC106,2,baseline,17,1,,,,found
RC106,2,baseline,16,1,,,,found
RC106,2,baseline,15,3,,,,found
RC106,2,baseline,14,6,,,,not_found
RC106,2,reconstruct,17,1,1,0.057625699999334756,0.057625699999334756,found
RC106,2,reconstruct,16,1,1,0.06003120000241324,0.06003120000241324,found
RC106,2,reconstruct,15,3,3,0.14797519999410724,0.14797519999410724,found
RC106,2,reconstruct,14,5,5,0.15198830000008456,,time_limit
RC107,0,related,16,1,4,0.007568599998194259,0.007568599998194259,found
RC107,0,related,15,1,4,0.007226599998830352,0.007226599998830352,found
RC107,0,related,14,1,4,0.0071739999984856695,0.0071739999984856695,found
RC107,0,related,13,33,163,0.3928968000036548,,time_limit
RC107,0,hybrid,16,1,1,0.05885850000049686,0.05885850000049686,found
RC107,0,hybrid,15,1,1,0.05941329999768641,0.05941329999768641,found
RC107,0,hybrid,14,1,1,0.06076089999987744,0.06076089999987744,found
RC107,0,hybrid,13,6,14,0.11872320000111358,0.11872320000111358,found
RC107,0,hybrid,12,7,19,0.1190439999991213,,time_limit
RC107,0,baseline,16,1,,,,found
RC107,0,baseline,15,1,,,,found
RC107,0,baseline,14,1,,,,found
RC107,0,baseline,13,7,,,,not_found
RC107,0,reconstruct,16,1,1,0.05961299999762559,0.05961299999762559,found
RC107,0,reconstruct,15,1,1,0.05997600000409875,0.05997600000409875,found
RC107,0,reconstruct,14,1,1,0.06170679999922868,0.06170679999922868,found
RC107,0,reconstruct,13,7,7,0.23535460000130115,,time_limit
RC107,0,route_removal,16,2,2,0.0015146000005188398,0.0015146000005188398,found
RC107,0,route_removal,15,100,100,0.08346929999970598,,not_found
RC107,1,hybrid,16,1,1,0.059316999999282416,0.059316999999282416,found
RC107,1,hybrid,15,1,1,0.06270720000611618,0.06270720000611618,found
RC107,1,hybrid,14,2,2,0.04183410000405274,0.04183410000405274,found
RC107,1,hybrid,13,6,18,0.12325589999818476,0.12325589999818476,found
RC107,1,hybrid,12,7,19,0.12836850000167033,,time_limit
RC107,1,baseline,16,1,,,,found
RC107,1,baseline,15,1,,,,found
RC107,1,baseline,14,3,,,,found
RC107,1,baseline,13,5,,,,not_found
RC107,1,reconstruct,16,1,1,0.06281060000037542,0.06281060000037542,found
RC107,1,reconstruct,15,1,1,0.06530670000211103,0.06530670000211103,found
RC107,1,reconstruct,14,3,3,0.14786650000314694,0.14786650000314694,found
RC107,1,reconstruct,13,5,5,0.13417789999948582,,time_limit
RC107,1,route_removal,16,2,2,0.0015932000023894943,0.0015932000023894943,found
RC107,1,route_removal,15,100,100,0.0840743000007933,,not_found
RC107,1,related,16,1,2,0.0025964000014937483,0.0025964000014937483,found
RC107,1,related,15,1,1,0.0009040000004461035,0.0009040000004461035,found
RC107,1,related,14,28,140,0.3468616000027396,0.3468616000027396,found
RC107,1,related,13,1,5,0.011390300001949072,0.011390300001949072,found
RC107,1,related,12,5,23,0.05388489999313606,,time_limit
RC107,2,baseline,16,1,,,,found
RC107,2,baseline,15,1,,,,found
RC107,2,baseline,14,4,,,,found
RC107,2,baseline,13,3,,,,not_found
RC107,2,reconstruct,16,1,1,0.05992849999893224,0.05992849999893224,found
RC107,2,reconstruct,15,1,1,0.06943989999854239,0.06943989999854239,found
RC107,2,reconstruct,14,4,4,0.2137127000023611,0.2137127000023611,found
RC107,2,reconstruct,13,2,2,0.07276020000426797,,time_limit
RC107,2,route_removal,16,2,2,0.001571299995703157,0.001571299995703157,found
RC107,2,route_removal,15,100,100,0.08208799999556504,,not_found
RC107,2,related,16,1,2,0.0026464999973541126,0.0026464999973541126,found
RC107,2,related,15,9,45,0.094067999998515,0.094067999998515,found
RC107,2,related,14,29,145,0.3180142000055639,,time_limit
RC107,2,hybrid,16,1,1,0.05889719999686349,0.05889719999686349,found
RC107,2,hybrid,15,1,1,0.062327100000402424,0.062327100000402424,found
RC107,2,hybrid,14,2,6,0.043091600004117936,0.043091600004117936,found
RC107,2,hybrid,13,2,6,0.038974399998551235,0.038974399998551235,found
RC107,2,hybrid,12,12,36,0.21397759999672417,,time_limit
RC108,0,reconstruct,14,1,1,0.055816599997342564,0.055816599997342564,found
RC108,0,reconstruct,13,9,9,0.35941149999416666,,time_limit
RC108,0,route_removal,14,100,100,0.07517150000057882,,not_found
RC108,0,related,14,1,4,0.008137100005114917,0.008137100005114917,found
RC108,0,related,13,1,2,0.002617699996335432,0.002617699996335432,found
RC108,0,related,12,31,155,0.4016381999972509,,time_limit
RC108,0,hybrid,14,1,1,0.05689480000000913,0.05689480000000913,found
RC108,0,hybrid,13,10,29,0.2141808000014862,0.2141808000014862,found
RC108,0,hybrid,12,4,12,0.06790759999421425,0.06790759999421425,found
RC108,0,hybrid,11,5,13,0.07533780000085244,,time_limit
RC108,0,baseline,14,1,,,,found
RC108,0,baseline,13,9,,,,not_found
RC108,1,route_removal,14,100,100,0.07554879999952391,,not_found
RC108,1,related,14,5,25,0.05361129999801051,0.05361129999801051,found
RC108,1,related,13,1,5,0.010816399997565895,0.010816399997565895,found
RC108,1,related,12,30,149,0.3509178000022075,,time_limit
RC108,1,hybrid,14,1,1,0.058158200001344085,0.058158200001344085,found
RC108,1,hybrid,13,2,2,0.02601460000005318,0.02601460000005318,found
RC108,1,hybrid,12,2,4,0.025200700001732912,0.025200700001732912,found
RC108,1,hybrid,11,20,60,0.30530629999702796,,time_limit
RC108,1,baseline,14,1,,,,found
RC108,1,baseline,13,10,,,,not_found
RC108,1,reconstruct,14,1,1,0.05716319999919506,0.05716319999919506,found
RC108,1,reconstruct,13,10,10,0.35859650000202237,,time_limit
RC108,2,related,14,2,10,0.021310299998731352,0.021310299998731352,found
RC108,2,related,13,12,60,0.1368399999992107,0.1368399999992107,found
RC108,2,related,12,6,30,0.06635119999555172,0.06635119999555172,found
RC108,2,related,11,17,81,0.19186579999950482,,time_limit
RC108,2,hybrid,14,1,1,0.06354490000376245,0.06354490000376245,found
RC108,2,hybrid,13,2,3,0.04988089999824297,0.04988089999824297,found
RC108,2,hybrid,12,2,4,0.027948000002652407,0.027948000002652407,found
RC108,2,hybrid,11,17,49,0.2747302999996464,,time_limit
RC108,2,baseline,14,1,,,,found
RC108,2,baseline,13,8,,,,not_found
RC108,2,reconstruct,14,1,1,0.06628899999486748,0.06628899999486748,found
RC108,2,reconstruct,13,8,8,0.3501362999959383,,time_limit
RC108,2,route_removal,14,100,100,0.0748475000000326,,not_found
RC201,0,hybrid,4,17,49,0.3450594000023557,,time_limit
RC201,0,baseline,4,20,,,,not_found
RC201,0,reconstruct,4,19,19,0.3577664999975241,,time_limit
RC201,0,route_removal,4,74,74,0.35327310000138823,,time_limit
RC201,0,related,4,18,86,0.35991619999549584,,time_limit
RC201,1,baseline,4,24,,,,not_found
RC201,1,reconstruct,4,24,24,0.35256729999673553,,time_limit
RC201,1,route_removal,4,80,80,0.35282400000141934,,time_limit
RC201,1,related,4,18,88,0.3585934000002453,,time_limit
RC201,1,hybrid,4,20,59,0.35540309999487363,,time_limit
RC201,2,reconstruct,4,24,24,0.35808750000433065,,time_limit
RC201,2,route_removal,4,83,83,0.3536292999997386,,time_limit
RC201,2,related,4,17,84,0.3538258000044152,,time_limit
RC201,2,hybrid,4,18,54,0.3542044999994687,,time_limit
RC201,2,baseline,4,23,,,,not_found
RC202,0,route_removal,4,72,72,0.3594721000044956,,time_limit
RC202,0,related,4,2,9,0.03172419999464182,0.03172419999464182,found
RC202,0,related,3,12,56,0.3310249999994994,,time_limit
RC202,0,hybrid,4,1,1,0.1376356000037049,0.1376356000037049,found
RC202,0,hybrid,3,12,34,0.22283520000200951,,time_limit
RC202,0,baseline,4,1,,,,found
RC202,0,baseline,3,30,,,,not_found
RC202,0,reconstruct,4,1,1,0.13805850000062492,0.13805850000062492,found
RC202,0,reconstruct,3,30,30,0.22364179999567568,,time_limit
RC202,1,related,4,2,10,0.03462549999676412,0.03462549999676412,found
RC202,1,related,3,12,57,0.3290125999992597,,time_limit
RC202,1,hybrid,4,1,1,0.1424096999980975,0.1424096999980975,found
RC202,1,hybrid,3,14,38,0.21477210000011837,,time_limit
RC202,1,baseline,4,1,,,,found
RC202,1,baseline,3,31,,,,not_found
RC202,1,reconstruct,4,1,1,0.14087929999368498,0.14087929999368498,found
RC202,1,reconstruct,3,30,30,0.21935539999685716,,time_limit
RC202,1,route_removal,4,75,75,0.3590957000051276,,time_limit
RC202,2,hybrid,4,1,1,0.13828949999879114,0.13828949999879114,found
RC202,2,hybrid,3,14,39,0.21917630000098143,,time_limit
RC202,2,baseline,4,1,,,,found
RC202,2,baseline,3,30,,,,not_found
RC202,2,reconstruct,4,1,1,0.14102290000300854,0.14102290000300854,found
RC202,2,reconstruct,3,29,29,0.2186779999974533,,time_limit
RC202,2,route_removal,4,69,69,0.35990899999887915,,time_limit
RC202,2,related,4,4,20,0.07306380000227364,0.07306380000227364,found
RC202,2,related,3,10,46,0.2927157000012812,,time_limit
RC203,0,baseline,4,1,,,,found
RC203,0,baseline,3,2,,,,found
RC203,0,baseline,2,24,,,,not_found
RC203,0,reconstruct,4,1,1,0.13596520000282908,0.13596520000282908,found
RC203,0,reconstruct,3,2,2,0.1699497000008705,0.1699497000008705,found
RC203,0,reconstruct,2,20,20,0.04815979999693809,,time_limit
RC203,0,route_removal,4,66,66,0.35908220000419533,,time_limit
RC203,0,related,4,1,3,0.006603399997402448,0.006603399997402448,found
RC203,0,related,3,3,15,0.07542539999849396,0.07542539999849396,found
RC203,0,related,2,6,26,0.2766715999969165,,time_limit
RC203,0,hybrid,4,1,1,0.13143480000144336,0.13143480000144336,found
RC203,0,hybrid,3,2,2,0.011185700001078658,0.011185700001078658,found
RC203,0,hybrid,2,8,24,0.2091602000000421,,time_limit
RC203,1,reconstruct,4,1,1,0.1302700999949593,0.1302700999949593,found
RC203,1,reconstruct,3,1,1,0.1566132000007201,0.1566132000007201,found
RC203,1,reconstruct,2,37,37,0.07083140000031563,,time_limit
RC203,1,route_removal,4,72,72,0.35648829999990994,,time_limit
RC203,1,related,4,1,3,0.00642570000491105,0.00642570000491105,found
RC203,1,related,3,13,65,0.3459939000022132,,time_limit
RC203,1,hybrid,4,1,1,0.13123579999955837,0.13123579999955837,found
RC203,1,hybrid,3,1,1,0.16148360000079265,0.16148360000079265,found
RC203,1,hybrid,2,4,9,0.0670830000017304,,time_limit
RC203,1,baseline,4,1,,,,found
RC203,1,baseline,3,1,,,,found
RC203,1,baseline,2,32,,,,not_found
RC203,2,route_removal,4,67,67,0.35549889999674633,,time_limit
RC203,2,related,4,1,2,0.004593100005877204,0.004593100005877204,found
RC203,2,related,3,5,25,0.1331824000008055,0.1331824000008055,found
RC203,2,related,2,4,20,0.21677980000094976,,time_limit
RC203,2,hybrid,4,1,1,0.12747790000139503,0.12747790000139503,found
RC203,2,hybrid,3,1,1,0.1567196999967564,0.1567196999967564,found
RC203,2,hybrid,2,4,11,0.07466820000263397,,time_limit
RC203,2,baseline,4,1,,,,found
RC203,2,baseline,3,1,,,,found
RC203,2,baseline,2,33,,,,not_found
RC203,2,reconstruct,4,1,1,0.1248628000030294,0.1248628000030294,found
RC203,2,reconstruct,3,1,1,0.16832209999847692,0.16832209999847692,found
RC203,2,reconstruct,2,33,33,0.06630170000426006,,time_limit
RC204,0,related,2,6,29,0.2920880000019679,,time_limit
RC204,0,hybrid,2,5,13,0.29924530000425875,,time_limit
RC204,0,baseline,2,8,,,,not_found
RC204,0,reconstruct,2,9,9,0.29496540000400273,,time_limit
RC204,0,route_removal,2,30,30,0.29818130000057863,,time_limit
RC204,1,hybrid,2,5,13,0.29864439999801107,,time_limit
RC204,1,baseline,2,6,,,,not_found
RC204,1,reconstruct,2,4,4,0.29401909999432974,,time_limit
RC204,1,route_removal,2,34,34,0.29709169999841833,,time_limit
RC204,1,related,2,6,28,0.2927974999984144,,time_limit
RC204,2,baseline,2,10,,,,not_found
RC204,2,reconstruct,2,10,10,0.3010668000060832,,time_limit
RC204,2,route_removal,2,31,31,0.30045800000516465,,time_limit
RC204,2,related,2,7,31,0.3026599000004353,,time_limit
RC204,2,hybrid,2,8,23,0.301489199999196,,time_limit
RC205,0,reconstruct,4,1,1,0.13499440000305185,0.13499440000305185,found
RC205,0,reconstruct,3,57,57,0.21071459999802755,,time_limit
RC205,0,route_removal,4,73,73,0.34773480000148993,,time_limit
RC205,0,related,4,6,29,0.1076729999986128,0.1076729999986128,found
RC205,0,related,3,8,39,0.23410989999683807,,time_limit
RC205,0,hybrid,4,1,1,0.13401290000183508,0.13401290000183508,found
RC205,0,hybrid,3,14,38,0.21420129999751225,,time_limit
RC205,0,baseline,4,1,,,,found
RC205,0,baseline,3,55,,,,not_found
RC205,1,route_removal,4,79,79,0.3463456999961636,,time_limit
RC205,1,related,4,2,10,0.031819999996514525,0.031819999996514525,found
RC205,1,related,3,11,51,0.3084459000019706,,time_limit
RC205,1,hybrid,4,4,12,0.05957479999779025,0.05957479999779025,found
RC205,1,hybrid,3,16,48,0.28549419999762904,,time_limit
RC205,1,baseline,4,7,,,,found
RC205,1,baseline,3,26,,,,not_found
RC205,1,reconstruct,4,7,7,0.23716280000371626,0.23716280000371626,found
RC205,1,reconstruct,3,26,26,0.1121599000034621,,time_limit
RC205,2,related,4,1,2,0.003734099998837337,0.003734099998837337,found
RC205,2,related,3,11,55,0.343652600000496,,time_limit
RC205,2,hybrid,4,2,3,0.018357400003878865,0.018357400003878865,found
RC205,2,hybrid,3,18,53,0.3250569000010728,,time_limit
RC205,2,baseline,4,4,,,,found
RC205,2,baseline,3,31,,,,not_found
RC205,2,reconstruct,4,4,4,0.17951200000243261,0.17951200000243261,found
RC205,2,reconstruct,3,36,36,0.16861219999555033,,time_limit
RC205,2,route_removal,4,83,83,0.3474547000005259,,time_limit
RC206,0,hybrid,4,1,1,0.13901630000327714,0.13901630000327714,found
RC206,0,hybrid,3,9,25,0.21168860000034329,,time_limit
RC206,0,baseline,4,1,,,,found
RC206,0,baseline,3,13,,,,not_found
RC206,0,reconstruct,4,1,1,0.14104849999421276,0.14104849999421276,found
RC206,0,reconstruct,3,14,14,0.20791660000395495,,time_limit
RC206,0,route_removal,4,4,4,0.014794700000493322,0.014794700000493322,found
RC206,0,route_removal,3,53,53,0.3329978999972809,,time_limit
RC206,0,related,4,1,3,0.0068442000047070906,0.0068442000047070906,found
RC206,0,related,3,11,55,0.3451421999998274,,time_limit
RC206,1,baseline,4,1,,,,found
RC206,1,baseline,3,14,,,,not_found
RC206,1,reconstruct,4,1,1,0.14478329999838024,0.14478329999838024,found
RC206,1,reconstruct,3,13,13,0.20244930000626482,,time_limit
RC206,1,route_removal,4,4,4,0.01422380000440171,0.01422380000440171,found
RC206,1,route_removal,3,56,56,0.33722929999930784,,time_limit
RC206,1,related,4,1,3,0.0070001999993110076,0.0070001999993110076,found
RC206,1,related,3,12,58,0.3416101999973762,,time_limit
RC206,1,hybrid,4,1,1,0.13790069999959087,0.13790069999959087,found
RC206,1,hybrid,3,10,30,0.20862920000217855,,time_limit
RC206,2,reconstruct,4,1,1,0.13765749999583932,0.13765749999583932,found
RC206,2,reconstruct,3,12,12,0.21153729999787174,,time_limit
RC206,2,route_removal,4,4,4,0.014673600002424791,0.014673600002424791,found
RC206,2,route_removal,3,61,61,0.33129980000376236,,time_limit
RC206,2,related,4,1,4,0.011476899999252055,0.011476899999252055,found
RC206,2,related,3,12,56,0.33777569999801926,,time_limit
RC206,2,hybrid,4,1,1,0.14489399999729358,0.14489399999729358,found
RC206,2,hybrid,3,9,25,0.20268380000197794,,time_limit
RC206,2,baseline,4,1,,,,found
RC206,2,baseline,3,11,,,,not_found
RC207,0,route_removal,3,54,54,0.3359118000007584,,time_limit
RC207,0,related,3,12,56,0.3373898999998346,,time_limit
RC207,0,hybrid,3,11,31,0.32876099999703,,time_limit
RC207,0,baseline,3,8,,,,not_found
RC207,0,reconstruct,3,8,8,0.3342973999970127,,time_limit
RC207,1,related,3,12,57,0.33727839999482967,,time_limit
RC207,1,hybrid,3,11,31,0.3343289000040386,,time_limit
RC207,1,baseline,3,6,,,,found
RC207,1,baseline,2,10,,,,not_found
RC207,1,reconstruct,3,6,6,0.3040489000050002,0.3040489000050002,found
RC207,1,reconstruct,2,12,12,0.033755299999029376,,time_limit
RC207,1,route_removal,3,51,51,0.33405389999825275,,time_limit
RC207,2,hybrid,3,10,29,0.3328977999990457,,time_limit
RC207,2,baseline,3,11,,,,not_found
RC207,2,reconstruct,3,11,11,0.3382309000007808,,time_limit
RC207,2,route_removal,3,53,53,0.3362822999988566,,time_limit
RC207,2,related,3,12,56,0.33341400000063004,,time_limit
RC208,0,baseline,3,1,,,,found
RC208,0,baseline,2,9,,,,not_found
RC208,0,reconstruct,3,1,1,0.16279990000475664,0.16279990000475664,found
RC208,0,reconstruct,2,10,10,0.17590789999667322,,time_limit
RC208,0,route_removal,3,42,42,0.33752040000399575,,time_limit
RC208,0,related,3,1,5,0.025807600002735853,0.025807600002735853,found
RC208,0,related,2,6,30,0.3108649999994668,,time_limit
RC208,0,hybrid,3,1,1,0.16182679999474203,0.16182679999474203,found
RC208,0,hybrid,2,6,15,0.17559579999942798,,time_limit
RC208,1,reconstruct,3,3,3,0.3380630000028759,,time_limit
RC208,1,route_removal,3,42,42,0.3349318000036874,,time_limit
RC208,1,related,3,5,25,0.13572660000500036,0.13572660000500036,found
RC208,1,related,2,4,20,0.19682840000314172,,time_limit
RC208,1,hybrid,3,5,13,0.3372305000011693,,time_limit
RC208,1,baseline,3,3,,,,not_found
RC208,2,route_removal,3,49,49,0.3399846000029356,,time_limit
RC208,2,related,3,1,4,0.017922299994097557,0.017922299994097557,found
RC208,2,related,2,7,33,0.3194444000037038,,time_limit
RC208,2,hybrid,3,2,5,0.1771567999967374,0.1771567999967374,found
RC208,2,hybrid,2,5,13,0.15530410000064876,,time_limit
RC208,2,baseline,3,3,,,,not_found
RC208,2,reconstruct,3,3,3,0.3375127999970573,,time_limit
