instance,seed,variant,phase,elapsed_seconds,inclusive_seconds,calls,candidates,feasible_candidates,infeasible_candidates,route_evaluations,validation_calls,accepted,capacity_prefilter_skips,rejected_capacity,rejected_time_window,rejected_depot_close,rejected_empty_route,trials,failures,removed_customers,route_cache_builds,incremental_route_evaluations,reused_prefix_customers,reused_suffix_customers,neighbour_filtered
C103,0,adaptive_high,construction,0.0830284000003303,0.0830284000003303,1,5715,498,5217,5815,1,100,0,1514,5158,2749,0,0,0,0,0,0,0,0,0
C103,0,adaptive_high,fleet_reduction,0.0001868999988801079,0.0001868999988801079,1,0,0,0,10,1,0,0,0,0,0,0,0,0,0,0,0,0,0,0
C103,0,adaptive_high,perturbation,0.0037829000011697644,0.0037829000011697644,1,0,0,0,649,0,0,0,0,0,0,0,0,0,6,0,0,0,0,0
C103,0,adaptive_high,repair,0,0,0,0,0,0,0,0,0,0,0,0,0,0,0,0,0,0,0,0,0,0
C103,0,adaptive_high,local_search,0.41197250000004715,0.41197250000004715,1,26249,881,25368,48665,34,44,0,0,0,0,47,0,0,0,0,0,0,0,0
C103,0,adaptive_high,ils_control,0.0009316999985458096,0.4166870999997627,1,0,0,0,10,1,0,0,0,0,0,0,0,0,0,0,0,0,0,0
C103,0,adaptive_high,validation,0.0003313000015623402,0.0003313000015623402,2,0,0,0,20,2,0,0,0,0,0,0,0,0,0,0,0,0,0,0
C103,0,adaptive_high,other,8.229999912146013e-05,8.229999912146013e-05,0,0,0,0,0,0,0,0,0,0,0,0,0,0,0,0,0,0,0,0
C103,1,adaptive_high,construction,0.08317870000064431,0.08317870000064431,1,5715,498,5217,5815,1,100,0,1514,5158,2749,0,0,0,0,0,0,0,0,0
C103,1,adaptive_high,fleet_reduction,0.00018959999943035655,0.00018959999943035655,1,0,0,0,10,1,0,0,0,0,0,0,0,0,0,0,0,0,0,0
C103,1,adaptive_high,perturbation,0.0024361999985558214,0.0024361999985558214,1,0,0,0,440,0,0,0,0,0,0,0,0,0,4,0,0,0,0,0
C103,1,adaptive_high,repair,0,0,0,0,0,0,0,0,0,0,0,0,0,0,0,0,0,0,0,0,0,0
C103,1,adaptive_high,local_search,0.41315510000094946,0.41315510000094946,1,28060,19,28041,51543,3,50,0,0,0,0,84,0,0,0,0,0,0,0,0
C103,1,adaptive_high,ils_control,0.0009390000013809185,0.4165303000008862,1,0,0,0,10,1,0,0,0,0,0,0,0,0,0,0,0,0,0,0
C103,1,adaptive_high,validation,0.00035369999932299834,0.00035369999932299834,2,0,0,0,20,2,0,0,0,0,0,0,0,0,0,0,0,0,0,0
C103,1,adaptive_high,other,8.259999958681874e-05,8.259999958681874e-05,0,0,0,0,0,0,0,0,0,0,0,0,0,0,0,0,0,0,0,0
C103,2,adaptive_high,construction,0.08564919999844278,0.08564919999844278,1,5715,498,5217,5815,1,100,0,1514,5158,2749,0,0,0,0,0,0,0,0,0
C103,2,adaptive_high,fleet_reduction,0.00018799999998009298,0.00018799999998009298,1,0,0,0,10,1,0,0,0,0,0,0,0,0,0,0,0,0,0,0
C103,2,adaptive_high,perturbation,0.0019167999998899177,0.0019167999998899177,1,0,0,0,334,0,0,0,0,0,0,0,0,0,3,0,0,0,0,0
C103,2,adaptive_high,repair,0,0,0,0,0,0,0,0,0,0,0,0,0,0,0,0,0,0,0,0,0,0
C103,2,adaptive_high,local_search,0.41118900000037684,0.41118900000037684,1,26319,899,25420,49219,42,60,0,0,0,0,119,0,0,0,0,0,0,0,0
C103,2,adaptive_high,ils_control,0.0009494000005361158,0.41405520000080287,1,0,0,0,10,1,0,0,0,0,0,0,0,0,0,0,0,0,0,0
C103,2,adaptive_high,validation,0.00032779999855847564,0.00032779999855847564,2,0,0,0,20,2,0,0,0,0,0,0,0,0,0,0,0,0,0,0
C103,2,adaptive_high,other,8.110000089800451e-05,8.110000089800451e-05,0,0,0,0,0,0,0,0,0,0,0,0,0,0,0,0,0,0,0,0
C104,0,adaptive_high,construction,0.0853170999998838,0.0853170999998838,1,5575,511,5064,5675,1,100,0,2314,4499,3354,0,0,0,0,0,0,0,0,0
C104,0,adaptive_high,fleet_reduction,0.00018460000137565657,0.00018460000137565657,1,0,0,0,10,1,0,0,0,0,0,0,0,0,0,0,0,0,0,0
C104,0,adaptive_high,perturbation,0.0034593000000313623,0.0034593000000313623,1,0,0,0,649,0,0,0,0,0,0,0,0,0,6,0,0,0,0,0
C104,0,adaptive_high,repair,0,0,0,0,0,0,0,0,0,0,0,0,0,0,0,0,0,0,0,0,0,0
C104,0,adaptive_high,local_search,0.4100266000004922,0.4100266000004922,1,26944,22,26922,49521,1,52,0,0,0,0,78,0,0,0,0,0,0,0,0
C104,0,adaptive_high,ils_control,0.0009372999993502162,0.41442319999987376,1,0,0,0,10,1,0,0,0,0,0,0,0,0,0,0,0,0,0,0
C104,0,adaptive_high,validation,0.0003635000030044466,0.0003635000030044466,2,0,0,0,20,2,0,0,0,0,0,0,0,0,0,0,0,0,0,0
C104,0,adaptive_high,other,8.309999611810781e-05,8.309999611810781e-05,0,0,0,0,0,0,0,0,0,0,0,0,0,0,0,0,0,0,0,0
C104,1,adaptive_high,construction,0.08663549999982934,0.08663549999982934,1,5575,511,5064,5675,1,100,0,2314,4499,3354,0,0,0,0,0,0,0,0,0
C104,1,adaptive_high,fleet_reduction,0.00021629999901051633,0.00021629999901051633,1,0,0,0,10,1,0,0,0,0,0,0,0,0,0,0,0,0,0,0
C104,1,adaptive_high,perturbation,0.0024740999997447943,0.0024740999997447943,1,0,0,0,440,0,0,0,0,0,0,0,0,0,4,0,0,0,0,0
C104,1,adaptive_high,repair,0,0,0,0,0,0,0,0,0,0,0,0,0,0,0,0,0,0,0,0,0,0
C104,1,adaptive_high,local_search,0.40956759999971837,0.40956759999971837,1,25696,29,25667,47361,3,38,0,0,0,0,83,0,0,0,0,0,0,0,0
C104,1,adaptive_high,ils_control,0.001001100001303712,0.4130428000007669,1,0,0,0,10,1,0,0,0,0,0,0,0,0,0,0,0,0,0,0
C104,1,adaptive_high,validation,0.00038979999953880906,0.00038979999953880906,2,0,0,0,20,2,0,0,0,0,0,0,0,0,0,0,0,0,0,0
C104,1,adaptive_high,other,8.150000212481245e-05,8.150000212481245e-05,0,0,0,0,0,0,0,0,0,0,0,0,0,0,0,0,0,0,0,0
C104,2,adaptive_high,construction,0.08951270000034128,0.08951270000034128,1,5575,511,5064,5675,1,100,0,2314,4499,3354,0,0,0,0,0,0,0,0,0
C104,2,adaptive_high,fleet_reduction,0.00019979999888164457,0.00019979999888164457,1,0,0,0,10,1,0,0,0,0,0,0,0,0,0,0,0,0,0,0
C104,2,adaptive_high,perturbation,0.0019131000008201227,0.0019131000008201227,1,0,0,0,334,0,0,0,0,0,0,0,0,0,3,0,0,0,0,0
C104,2,adaptive_high,repair,0,0,0,0,0,0,0,0,0,0,0,0,0,0,0,0,0,0,0,0,0,0
C104,2,adaptive_high,local_search,0.40726940000058676,0.40726940000058676,1,25824,6,25818,47465,1,49,0,0,0,0,148,0,0,0,0,0,0,0,0
C104,2,adaptive_high,ils_control,0.0010015999996539904,0.41018410000106087,1,0,0,0,10,1,0,0,0,0,0,0,0,0,0,0,0,0,0,0
C104,2,adaptive_high,validation,0.00035829999796987977,0.00035829999796987977,2,0,0,0,20,2,0,0,0,0,0,0,0,0,0,0,0,0,0,0
C104,2,adaptive_high,other,8.540000089851674e-05,8.540000089851674e-05,0,0,0,0,0,0,0,0,0,0,0,0,0,0,0,0,0,0,0,0
R101,0,adaptive_high,construction,0.060946800000238,0.060946800000238,1,6754,444,6310,6854,1,100,0,0,6310,2604,0,0,0,0,0,0,0,0,0
R101,0,adaptive_high,fleet_reduction,0.05779470000015863,0.32945870000003197,1,0,0,0,415,5,0,0,0,0,0,0,29,27,656,0,0,0,0,0
R101,0,adaptive_high,perturbation,0.0031061999998200918,0.0031061999998200918,1,0,0,0,726,0,0,0,0,0,0,0,0,0,6,0,0,0,0,0
R101,0,adaptive_high,repair,0.27166399999987334,0.27166399999987334,84,148450,6385,142065,2956,0,1251,0,0,142065,67385,0,0,0,0,2956,148450,0,0,0
R101,0,adaptive_high,local_search,0.10526479999862204,0.10526479999862204,1,7605,0,7605,13890,0,15,0,0,0,0,88,0,0,0,0,0,0,0,0
R101,0,adaptive_high,ils_control,0.0011204000020370586,0.10949140000047919,1,0,0,0,21,1,0,0,0,0,0,0,0,0,0,0,0,0,0,0
R101,0,adaptive_high,validation,0.0004034999983559828,0.0004034999983559828,2,0,0,0,44,2,0,0,0,0,0,0,0,0,0,0,0,0,0,0
R101,0,adaptive_high,other,0.0001067000011971686,0.0001067000011971686,0,0,0,0,0,0,0,0,0,0,0,0,0,0,0,0,0,0,0,0
R101,1,adaptive_high,construction,0.058881800001472584,0.058881800001472584,1,6754,444,6310,6854,1,100,0,0,6310,2604,0,0,0,0,0,0,0,0,0
R101,1,adaptive_high,fleet_reduction,0.056553800000983756,0.3307161000011547,1,0,0,0,460,7,0,0,0,0,0,0,32,29,656,0,0,0,0,0
R101,1,adaptive_high,perturbation,0.002108000000589527,0.002108000000589527,1,0,0,0,490,0,0,0,0,0,0,0,0,0,4,0,0,0,0,0
R101,1,adaptive_high,repair,0.27416230000017094,0.27416230000017094,88,150388,6119,144269,2932,0,1230,0,0,144269,75769,0,0,0,0,2932,150388,0,0,0
R101,1,adaptive_high,local_search,0.10715219999838155,0.10715219999838155,1,8030,0,8030,15099,0,10,0,0,0,0,55,0,0,0,0,0,0,0,0
R101,1,adaptive_high,ils_control,0.0010483000023668865,0.11030850000133796,1,0,0,0,20,1,0,0,0,0,0,0,0,0,0,0,0,0,0,0
R101,1,adaptive_high,validation,0.0003923999993276084,0.0003923999993276084,2,0,0,0,43,2,0,0,0,0,0,0,0,0,0,0,0,0,0,0
R101,1,adaptive_high,other,9.739999586599879e-05,9.739999586599879e-05,0,0,0,0,0,0,0,0,0,0,0,0,0,0,0,0,0,0,0,0
R101,2,adaptive_high,construction,0.05839209999976447,0.05839209999976447,1,6754,444,6310,6854,1,100,0,0,6310,2604,0,0,0,0,0,0,0,0,0
R101,2,adaptive_high,fleet_reduction,0.059318900006473996,0.3310808000005636,1,0,0,0,484,7,0,0,0,0,0,0,33,30,680,0,0,0,0,0
R101,2,adaptive_high,perturbation,0.0015440000006492482,0.0015440000006492482,1,0,0,0,374,0,0,0,0,0,0,0,0,0,3,0,0,0,0,0
R101,2,adaptive_high,repair,0.2717618999940896,0.2717618999940896,90,150809,6228,144581,3008,0,1249,0,0,144581,75100,0,0,0,0,3008,150809,0,0,0
R101,2,adaptive_high,local_search,0.10783769999943615,0.10783769999943615,1,8395,0,8395,15256,0,16,0,0,0,0,154,0,0,0,0,0,0,0,0
R101,2,adaptive_high,ils_control,0.001028700000460958,0.11041040000054636,1,0,0,0,20,1,0,0,0,0,0,0,0,0,0,0,0,0,0,0
R101,2,adaptive_high,validation,0.00037799999881826807,0.00037799999881826807,2,0,0,0,43,2,0,0,0,0,0,0,0,0,0,0,0,0,0,0
R101,2,adaptive_high,other,9.609999870008323e-05,9.609999870008323e-05,0,0,0,0,0,0,0,0,0,0,0,0,0,0,0,0,0,0,0,0
RC101,0,adaptive_high,construction,0.06558120000045164,0.06558120000045164,1,6468,380,6088,6568,1,100,0,0,6088,3291,0,0,0,0,0,0,0,0,0
RC101,0,adaptive_high,fleet_reduction,0.048247900003843824,0.32568819999869447,1,0,0,0,412,9,0,0,0,0,0,0,31,27,624,0,0,0,0,0
RC101,0,adaptive_high,perturbation,0.0032744999989517964,0.0032744999989517964,1,0,0,0,691,0,0,0,0,0,0,0,0,0,6,0,0,0,0,0
RC101,0,adaptive_high,repair,0.27744029999485065,0.27744029999485065,83,152561,6907,145654,2538,0,1261,193,0,145654,105827,0,0,0,0,2538,152561,0,0,0
RC101,0,adaptive_high,local_search,0.10429870000007213,0.10429870000007213,1,6863,0,6863,13171,0,11,0,0,0,0,47,0,0,0,0,0,0,0,0
RC101,0,adaptive_high,ils_control,0.0010368000002927147,0.10860999999931664,1,0,0,0,16,1,0,0,0,0,0,0,0,0,0,0,0,0,0,0
RC101,0,adaptive_high,validation,0.00038210000093386043,0.00038210000093386043,2,0,0,0,36,2,0,0,0,0,0,0,0,0,0,0,0,0,0,0
RC101,0,adaptive_high,other,0.00010149999980058055,0.00010149999980058055,0,0,0,0,0,0,0,0,0,0,0,0,0,0,0,0,0,0,0,0
RC101,1,adaptive_high,construction,0.0653652000000875,0.0653652000000875,1,6468,380,6088,6568,1,100,0,0,6088,3291,0,0,0,0,0,0,0,0,0
RC101,1,adaptive_high,fleet_reduction,0.04837599999700615,0.32592079999994894,1,0,0,0,392,7,0,0,0,0,0,0,32,29,632,0,0,0,0,0
RC101,1,adaptive_high,perturbation,0.0021612000000459375,0.0021612000000459375,1,0,0,0,475,0,0,0,0,0,0,0,0,0,4,0,0,0,0,0
RC101,1,adaptive_high,repair,0.2775448000029428,0.2775448000029428,85,155533,6966,148567,2677,0,1284,17,0,148567,104012,0,0,0,0,2677,155533,0,0,0
RC101,1,adaptive_high,local_search,0.10544710000067425,0.10544710000067425,1,7513,9,7504,14318,5,24,0,0,0,0,71,0,0,0,0,0,0,0,0
RC101,1,adaptive_high,ils_control,0.0009958999999071239,0.10860420000062732,1,0,0,0,17,1,0,0,0,0,0,0,0,0,0,0,0,0,0,0
RC101,1,adaptive_high,validation,0.0003789999991568038,0.0003789999991568038,2,0,0,0,37,2,0,0,0,0,0,0,0,0,0,0,0,0,0,0
RC101,1,adaptive_high,other,9.810000119614415e-05,9.810000119614415e-05,0,0,0,0,0,0,0,0,0,0,0,0,0,0,0,0,0,0,0,0
RC101,2,adaptive_high,construction,0.06303099999968254,0.06303099999968254,1,6468,380,6088,6568,1,100,0,0,6088,3291,0,0,0,0,0,0,0,0,0
RC101,2,adaptive_high,fleet_reduction,0.05083189999277238,0.32759749999968335,1,0,0,0,430,9,0,0,0,0,0,0,34,30,648,0,0,0,0,0
RC101,2,adaptive_high,perturbation,0.0016852000007929746,0.0016852000007929746,1,0,0,0,358,0,0,0,0,0,0,0,0,0,3,0,0,0,0,0
RC101,2,adaptive_high,repair,0.276765600006911,0.276765600006911,90,151337,6764,144573,2686,0,1271,41,0,144573,101494,0,0,0,0,2686,151337,0,0,0
RC101,2,adaptive_high,local_search,0.1065653999994538,0.1065653999994538,1,7312,4,7308,14168,2,9,0,0,0,0,42,0,0,0,0,0,0,0,0
RC101,2,adaptive_high,ils_control,0.001023900000291178,0.10927450000053796,1,0,0,0,16,1,0,0,0,0,0,0,0,0,0,0,0,0,0,0
RC101,2,adaptive_high,validation,0.00039029999970807694,0.00039029999970807694,2,0,0,0,36,2,0,0,0,0,0,0,0,0,0,0,0,0,0,0
RC101,2,adaptive_high,other,0.0001081000009435229,0.0001081000009435229,0,0,0,0,0,0,0,0,0,0,0,0,0,0,0,0,0,0,0,0
