instance,input_format,input_sha256,seed,threads,status,feasible,vehicles,distance_ticks,distance,first_feasible_seconds,runtime_seconds,iterations,stop_reason,numeric_rule,reference_status,reference_vehicles,reference_distance,distance_gap_percent,error,time_limit_seconds,max_iterations,fleet_attempts_per_k,max_moves,vehicle_limit,code_sha256,diagnostics_enabled
C101,solomon_txt,a6da75152d182d60ecd2c6f854296f5be452f92282d096adebcf5d99a7f16516,0,1,ok,True,11,1015038,1015.038,0.067311,0.51367,0,time_limit,solomon_exact_1000_v1,different_vehicles,10,828.94,,,0.5,,100,2,25,3db77f4aec675bd9467937da2dc168bbd3d4632dc8e14fbee006ca51dd7fbfc9,False
C101,solomon_txt,a6da75152d182d60ecd2c6f854296f5be452f92282d096adebcf5d99a7f16516,1,1,ok,True,10,828937,828.937,0.068952,0.50045,1,time_limit,solomon_exact_1000_v1,same_vehicles,10,828.94,-0.0004,,0.5,,100,2,25,3db77f4aec675bd9467937da2dc168bbd3d4632dc8e14fbee006ca51dd7fbfc9,False
C101,solomon_txt,a6da75152d182d60ecd2c6f854296f5be452f92282d096adebcf5d99a7f16516,2,1,ok,True,10,828937,828.937,0.068908,0.500475,1,time_limit,solomon_exact_1000_v1,same_vehicles,10,828.94,-0.0004,,0.5,,100,2,25,3db77f4aec675bd9467937da2dc168bbd3d4632dc8e14fbee006ca51dd7fbfc9,False
C102,solomon_txt,f89a0e2a760cc7448a4ca72b88e5b29b94d64b5548f3320f42a6230025ead653,0,1,ok,True,10,1258253,1258.253,0.07376,0.500423,2,time_limit,solomon_exact_1000_v1,same_vehicles,10,828.94,51.7906,,0.5,,100,2,25,3db77f4aec675bd9467937da2dc168bbd3d4632dc8e14fbee006ca51dd7fbfc9,False
C102,solomon_txt,f89a0e2a760cc7448a4ca72b88e5b29b94d64b5548f3320f42a6230025ead653,1,1,ok,True,10,1187893,1187.893,0.069831,0.500446,4,time_limit,solomon_exact_1000_v1,same_vehicles,10,828.94,43.3027,,0.5,,100,2,25,3db77f4aec675bd9467937da2dc168bbd3d4632dc8e14fbee006ca51dd7fbfc9,False
C102,solomon_txt,f89a0e2a760cc7448a4ca72b88e5b29b94d64b5548f3320f42a6230025ead653,2,1,ok,True,10,1258253,1258.253,0.069853,0.500472,2,time_limit,solomon_exact_1000_v1,same_vehicles,10,828.94,51.7906,,0.5,,100,2,25,3db77f4aec675bd9467937da2dc168bbd3d4632dc8e14fbee006ca51dd7fbfc9,False
C103,solomon_txt,a55cabf15e0da9d65696a5fb45c9852889479893f76f772a428ca15d1b415a51,0,1,ok,True,10,1809960,1809.96,0.079731,0.500465,2,time_limit,solomon_exact_1000_v1,same_vehicles,10,828.06,118.5784,,0.5,,100,2,25,3db77f4aec675bd9467937da2dc168bbd3d4632dc8e14fbee006ca51dd7fbfc9,False
C103,solomon_txt,a55cabf15e0da9d65696a5fb45c9852889479893f76f772a428ca15d1b415a51,1,1,ok,True,10,1812148,1812.148,0.080863,0.500455,5,time_limit,solomon_exact_1000_v1,same_vehicles,10,828.06,118.8426,,0.5,,100,2,25,3db77f4aec675bd9467937da2dc168bbd3d4632dc8e14fbee006ca51dd7fbfc9,False
C103,solomon_txt,a55cabf15e0da9d65696a5fb45c9852889479893f76f772a428ca15d1b415a51,2,1,ok,True,10,1821945,1821.945,0.081658,0.500488,4,time_limit,solomon_exact_1000_v1,same_vehicles,10,828.06,120.0257,,0.5,,100,2,25,3db77f4aec675bd9467937da2dc168bbd3d4632dc8e14fbee006ca51dd7fbfc9,False
C104,solomon_txt,fe333e81625ee5a75bb2ce98c2c9f356d07289237865b62a23ba2f32f0de5ee2,0,1,ok,True,10,1832644,1832.644,0.080862,0.500447,4,time_limit,solomon_exact_1000_v1,same_vehicles,10,824.78,122.1979,,0.5,,100,2,25,3db77f4aec675bd9467937da2dc168bbd3d4632dc8e14fbee006ca51dd7fbfc9,False
C104,solomon_txt,fe333e81625ee5a75bb2ce98c2c9f356d07289237865b62a23ba2f32f0de5ee2,1,1,ok,True,10,1948625,1948.625,0.084596,0.500482,3,time_limit,solomon_exact_1000_v1,same_vehicles,10,824.78,136.26,,0.5,,100,2,25,3db77f4aec675bd9467937da2dc168bbd3d4632dc8e14fbee006ca51dd7fbfc9,False
C104,solomon_txt,fe333e81625ee5a75bb2ce98c2c9f356d07289237865b62a23ba2f32f0de5ee2,2,1,ok,True,10,1870030,1870.03,0.084123,0.500432,4,time_limit,solomon_exact_1000_v1,same_vehicles,10,824.78,126.7308,,0.5,,100,2,25,3db77f4aec675bd9467937da2dc168bbd3d4632dc8e14fbee006ca51dd7fbfc9,False
C105,solomon_txt,9a877a3a6fb922e7ad9297cc0308bc8a5652cb1495a0228ee6b81b2d938aa29f,0,1,ok,True,11,1244285,1244.285,0.067737,0.503561,0,time_limit,solomon_exact_1000_v1,different_vehicles,10,828.94,,,0.5,,100,2,25,3db77f4aec675bd9467937da2dc168bbd3d4632dc8e14fbee006ca51dd7fbfc9,False
C105,solomon_txt,9a877a3a6fb922e7ad9297cc0308bc8a5652cb1495a0228ee6b81b2d938aa29f,1,1,ok,True,10,1039051,1039.051,0.07234,0.500444,1,time_limit,solomon_exact_1000_v1,same_vehicles,10,828.94,25.3469,,0.5,,100,2,25,3db77f4aec675bd9467937da2dc168bbd3d4632dc8e14fbee006ca51dd7fbfc9,False
C105,solomon_txt,9a877a3a6fb922e7ad9297cc0308bc8a5652cb1495a0228ee6b81b2d938aa29f,2,1,ok,True,10,1066901,1066.901,0.071881,0.50045,1,time_limit,solomon_exact_1000_v1,same_vehicles,10,828.94,28.7067,,0.5,,100,2,25,3db77f4aec675bd9467937da2dc168bbd3d4632dc8e14fbee006ca51dd7fbfc9,False
C106,solomon_txt,ec9b419bed53e9c607cce76e8c6bc59feb6e4d17646905601f008a4141ec7b40,0,1,ok,True,11,1084360,1084.36,0.071075,0.517955,0,time_limit,solomon_exact_1000_v1,different_vehicles,10,828.94,,,0.5,,100,2,25,3db77f4aec675bd9467937da2dc168bbd3d4632dc8e14fbee006ca51dd7fbfc9,False
C106,solomon_txt,ec9b419bed53e9c607cce76e8c6bc59feb6e4d17646905601f008a4141ec7b40,1,1,ok,True,10,1057640,1057.64,0.07018,0.500408,2,time_limit,solomon_exact_1000_v1,same_vehicles,10,828.94,27.5895,,0.5,,100,2,25,3db77f4aec675bd9467937da2dc168bbd3d4632dc8e14fbee006ca51dd7fbfc9,False
C106,solomon_txt,ec9b419bed53e9c607cce76e8c6bc59feb6e4d17646905601f008a4141ec7b40,2,1,ok,True,10,1084470,1084.47,0.066588,0.50047,1,time_limit,solomon_exact_1000_v1,same_vehicles,10,828.94,30.8261,,0.5,,100,2,25,3db77f4aec675bd9467937da2dc168bbd3d4632dc8e14fbee006ca51dd7fbfc9,False
C107,solomon_txt,cb3cdc10d812fa17370eb52cb753b6b0574426dc6fabeb8b9076ed750ddf05ca,0,1,ok,True,10,1037431,1037.431,0.070804,0.500436,1,time_limit,solomon_exact_1000_v1,same_vehicles,10,828.06,25.2845,,0.5,,100,2,25,3db77f4aec675bd9467937da2dc168bbd3d4632dc8e14fbee006ca51dd7fbfc9,False
C107,solomon_txt,cb3cdc10d812fa17370eb52cb753b6b0574426dc6fabeb8b9076ed750ddf05ca,1,1,ok,True,10,1119053,1119.053,0.071692,0.500417,1,time_limit,solomon_exact_1000_v1,same_vehicles,10,828.06,35.1415,,0.5,,100,2,25,3db77f4aec675bd9467937da2dc168bbd3d4632dc8e14fbee006ca51dd7fbfc9,False
C107,solomon_txt,cb3cdc10d812fa17370eb52cb753b6b0574426dc6fabeb8b9076ed750ddf05ca,2,1,ok,True,10,1087988,1087.988,0.076554,0.500458,1,time_limit,solomon_exact_1000_v1,same_vehicles,10,828.06,31.39,,0.5,,100,2,25,3db77f4aec675bd9467937da2dc168bbd3d4632dc8e14fbee006ca51dd7fbfc9,False
C108,solomon_txt,b8c7e48f292b66b283d8e71511e3a4eccaa4c4bc66b9313c399e73b0226f5953,0,1,ok,True,10,1310760,1310.76,0.072179,0.500453,1,time_limit,solomon_exact_1000_v1,same_vehicles,10,828.94,58.1248,,0.5,,100,2,25,3db77f4aec675bd9467937da2dc168bbd3d4632dc8e14fbee006ca51dd7fbfc9,False
C108,solomon_txt,b8c7e48f292b66b283d8e71511e3a4eccaa4c4bc66b9313c399e73b0226f5953,1,1,ok,True,10,1562897,1562.897,0.071803,0.500482,2,time_limit,solomon_exact_1000_v1,same_vehicles,10,828.94,88.5416,,0.5,,100,2,25,3db77f4aec675bd9467937da2dc168bbd3d4632dc8e14fbee006ca51dd7fbfc9,False
C108,solomon_txt,b8c7e48f292b66b283d8e71511e3a4eccaa4c4bc66b9313c399e73b0226f5953,2,1,ok,True,10,1413548,1413.548,0.068619,0.500475,3,time_limit,solomon_exact_1000_v1,same_vehicles,10,828.94,70.5248,,0.5,,100,2,25,3db77f4aec675bd9467937da2dc168bbd3d4632dc8e14fbee006ca51dd7fbfc9,False
C109,solomon_txt,72d8489e14bf1bb18456f0b21b01110506cbcc2354719dae8481b480150f142a,0,1,ok,True,10,1664883,1664.883,0.07628,0.500513,4,time_limit,solomon_exact_1000_v1,same_vehicles,10,828.94,100.8448,,0.5,,100,2,25,3db77f4aec675bd9467937da2dc168bbd3d4632dc8e14fbee006ca51dd7fbfc9,False
C109,solomon_txt,72d8489e14bf1bb18456f0b21b01110506cbcc2354719dae8481b480150f142a,1,1,ok,True,10,1609856,1609.856,0.074425,0.500439,5,time_limit,solomon_exact_1000_v1,same_vehicles,10,828.94,94.2066,,0.5,,100,2,25,3db77f4aec675bd9467937da2dc168bbd3d4632dc8e14fbee006ca51dd7fbfc9,False
C109,solomon_txt,72d8489e14bf1bb18456f0b21b01110506cbcc2354719dae8481b480150f142a,2,1,ok,True,10,1663345,1663.345,0.076943,0.50042,3,time_limit,solomon_exact_1000_v1,same_vehicles,10,828.94,100.6593,,0.5,,100,2,25,3db77f4aec675bd9467937da2dc168bbd3d4632dc8e14fbee006ca51dd7fbfc9,False
C201,solomon_txt,d8d9834087ae2326fa23a8510533060233dc9fb481873be60956eb26a880ad63,0,1,ok,True,3,704252,704.252,0.185523,0.500598,1,time_limit,solomon_exact_1000_v1,same_vehicles,3,591.56,19.05,,0.5,,100,2,25,3db77f4aec675bd9467937da2dc168bbd3d4632dc8e14fbee006ca51dd7fbfc9,False
C201,solomon_txt,d8d9834087ae2326fa23a8510533060233dc9fb481873be60956eb26a880ad63,1,1,ok,True,3,704252,704.252,0.1893,0.500507,1,time_limit,solomon_exact_1000_v1,same_vehicles,3,591.56,19.05,,0.5,,100,2,25,3db77f4aec675bd9467937da2dc168bbd3d4632dc8e14fbee006ca51dd7fbfc9,False
C201,solomon_txt,d8d9834087ae2326fa23a8510533060233dc9fb481873be60956eb26a880ad63,2,1,ok,True,3,704252,704.252,0.186814,0.500587,1,time_limit,solomon_exact_1000_v1,same_vehicles,3,591.56,19.05,,0.5,,100,2,25,3db77f4aec675bd9467937da2dc168bbd3d4632dc8e14fbee006ca51dd7fbfc9,False
C202,solomon_txt,dfc8ecad79f6c7ffb096cd36994143569f0babe284d5ad194683271d81063772,0,1,ok,True,3,749519,749.519,0.176118,0.500466,1,time_limit,solomon_exact_1000_v1,same_vehicles,3,591.56,26.7021,,0.5,,100,2,25,3db77f4aec675bd9467937da2dc168bbd3d4632dc8e14fbee006ca51dd7fbfc9,False
C202,solomon_txt,dfc8ecad79f6c7ffb096cd36994143569f0babe284d5ad194683271d81063772,1,1,ok,True,3,746236,746.236,0.180613,0.500426,1,time_limit,solomon_exact_1000_v1,same_vehicles,3,591.56,26.1471,,0.5,,100,2,25,3db77f4aec675bd9467937da2dc168bbd3d4632dc8e14fbee006ca51dd7fbfc9,False
C202,solomon_txt,dfc8ecad79f6c7ffb096cd36994143569f0babe284d5ad194683271d81063772,2,1,ok,True,3,746236,746.236,0.179464,0.500485,1,time_limit,solomon_exact_1000_v1,same_vehicles,3,591.56,26.1471,,0.5,,100,2,25,3db77f4aec675bd9467937da2dc168bbd3d4632dc8e14fbee006ca51dd7fbfc9,False
C203,solomon_txt,2b79eea2962a848cb29f6153d4fb4ae725d35507686d937da6643b33fcd85062,0,1,ok,True,3,681508,681.508,0.174018,0.500474,1,time_limit,solomon_exact_1000_v1,same_vehicles,3,591.17,15.2812,,0.5,,100,2,25,3db77f4aec675bd9467937da2dc168bbd3d4632dc8e14fbee006ca51dd7fbfc9,False
C203,solomon_txt,2b79eea2962a848cb29f6153d4fb4ae725d35507686d937da6643b33fcd85062,1,1,ok,True,3,753894,753.894,0.166769,0.500478,2,time_limit,solomon_exact_1000_v1,same_vehicles,3,591.17,27.5258,,0.5,,100,2,25,3db77f4aec675bd9467937da2dc168bbd3d4632dc8e14fbee006ca51dd7fbfc9,False
C203,solomon_txt,2b79eea2962a848cb29f6153d4fb4ae725d35507686d937da6643b33fcd85062,2,1,ok,True,3,694744,694.744,0.173279,0.500517,1,time_limit,solomon_exact_1000_v1,same_vehicles,3,591.17,17.5202,,0.5,,100,2,25,3db77f4aec675bd9467937da2dc168bbd3d4632dc8e14fbee006ca51dd7fbfc9,False
C204,solomon_txt,4331b2744d34e32c2987e3fe8a82b782a2039d757d2aac818f7e0fd21117bfb4,0,1,ok,True,3,947934,947.934,0.182681,0.50049,1,time_limit,solomon_exact_1000_v1,same_vehicles,3,590.6,60.5036,,0.5,,100,2,25,3db77f4aec675bd9467937da2dc168bbd3d4632dc8e14fbee006ca51dd7fbfc9,False
C204,solomon_txt,4331b2744d34e32c2987e3fe8a82b782a2039d757d2aac818f7e0fd21117bfb4,1,1,ok,True,3,780549,780.549,0.185596,0.500469,1,time_limit,solomon_exact_1000_v1,same_vehicles,3,590.6,32.162,,0.5,,100,2,25,3db77f4aec675bd9467937da2dc168bbd3d4632dc8e14fbee006ca51dd7fbfc9,False
C204,solomon_txt,4331b2744d34e32c2987e3fe8a82b782a2039d757d2aac818f7e0fd21117bfb4,2,1,ok,True,3,743140,743.14,0.190777,0.500511,1,time_limit,solomon_exact_1000_v1,same_vehicles,3,590.6,25.828,,0.5,,100,2,25,3db77f4aec675bd9467937da2dc168bbd3d4632dc8e14fbee006ca51dd7fbfc9,False
C205,solomon_txt,15be2bb8c3e4ad99a79d1e7ee0472223feb95a4f423d010e032bda0a87266ca5,0,1,ok,True,3,786435,786.435,0.173697,0.500537,1,time_limit,solomon_exact_1000_v1,same_vehicles,3,588.88,33.5476,,0.5,,100,2,25,3db77f4aec675bd9467937da2dc168bbd3d4632dc8e14fbee006ca51dd7fbfc9,False
C205,solomon_txt,15be2bb8c3e4ad99a79d1e7ee0472223feb95a4f423d010e032bda0a87266ca5,1,1,ok,True,3,790996,790.996,0.168825,0.500479,1,time_limit,solomon_exact_1000_v1,same_vehicles,3,588.88,34.3221,,0.5,,100,2,25,3db77f4aec675bd9467937da2dc168bbd3d4632dc8e14fbee006ca51dd7fbfc9,False
C205,solomon_txt,15be2bb8c3e4ad99a79d1e7ee0472223feb95a4f423d010e032bda0a87266ca5,2,1,ok,True,3,743690,743.69,0.167676,0.500454,2,time_limit,solomon_exact_1000_v1,same_vehicles,3,588.88,26.2889,,0.5,,100,2,25,3db77f4aec675bd9467937da2dc168bbd3d4632dc8e14fbee006ca51dd7fbfc9,False
C206,solomon_txt,745b6c7042707ffbbfc4d681ee02a84431425f1dfb3c8aa85ecf003fec8f7e53,0,1,ok,True,3,683819,683.819,0.176218,0.500376,1,time_limit,solomon_exact_1000_v1,same_vehicles,3,588.49,16.1989,,0.5,,100,2,25,3db77f4aec675bd9467937da2dc168bbd3d4632dc8e14fbee006ca51dd7fbfc9,False
C206,solomon_txt,745b6c7042707ffbbfc4d681ee02a84431425f1dfb3c8aa85ecf003fec8f7e53,1,1,ok,True,3,954280,954.28,0.176723,0.514272,2,time_limit,solomon_exact_1000_v1,same_vehicles,3,588.49,62.1574,,0.5,,100,2,25,3db77f4aec675bd9467937da2dc168bbd3d4632dc8e14fbee006ca51dd7fbfc9,False
C206,solomon_txt,745b6c7042707ffbbfc4d681ee02a84431425f1dfb3c8aa85ecf003fec8f7e53,2,1,ok,True,3,757439,757.439,0.192056,0.500416,2,time_limit,solomon_exact_1000_v1,same_vehicles,3,588.49,28.7089,,0.5,,100,2,25,3db77f4aec675bd9467937da2dc168bbd3d4632dc8e14fbee006ca51dd7fbfc9,False
C207,solomon_txt,a33f03570a944c8a6d185fd6a173e66c68e67c399a4958b2d5b6d49533ace4a4,0,1,ok,True,3,902449,902.449,0.18327,0.500514,2,time_limit,solomon_exact_1000_v1,same_vehicles,3,588.29,53.4021,,0.5,,100,2,25,3db77f4aec675bd9467937da2dc168bbd3d4632dc8e14fbee006ca51dd7fbfc9,False
C207,solomon_txt,a33f03570a944c8a6d185fd6a173e66c68e67c399a4958b2d5b6d49533ace4a4,1,1,ok,True,3,849659,849.659,0.177171,0.500484,2,time_limit,solomon_exact_1000_v1,same_vehicles,3,588.29,44.4286,,0.5,,100,2,25,3db77f4aec675bd9467937da2dc168bbd3d4632dc8e14fbee006ca51dd7fbfc9,False
C207,solomon_txt,a33f03570a944c8a6d185fd6a173e66c68e67c399a4958b2d5b6d49533ace4a4,2,1,ok,True,3,661621,661.621,0.180972,0.500481,2,time_limit,solomon_exact_1000_v1,same_vehicles,3,588.29,12.4651,,0.5,,100,2,25,3db77f4aec675bd9467937da2dc168bbd3d4632dc8e14fbee006ca51dd7fbfc9,False
C208,solomon_txt,1c2f2381b8743680dbeb34322869cbf5a6cdd8c281f4bcffdb99b533e601874b,0,1,ok,True,3,717683,717.683,0.191124,0.554046,0,time_limit,solomon_exact_1000_v1,same_vehicles,3,588.32,21.9885,,0.5,,100,2,25,3db77f4aec675bd9467937da2dc168bbd3d4632dc8e14fbee006ca51dd7fbfc9,False
C208,solomon_txt,1c2f2381b8743680dbeb34322869cbf5a6cdd8c281f4bcffdb99b533e601874b,1,1,ok,True,4,957831,957.831,0.188297,0.544497,0,time_limit,solomon_exact_1000_v1,different_vehicles,3,588.32,,,0.5,,100,2,25,3db77f4aec675bd9467937da2dc168bbd3d4632dc8e14fbee006ca51dd7fbfc9,False
C208,solomon_txt,1c2f2381b8743680dbeb34322869cbf5a6cdd8c281f4bcffdb99b533e601874b,2,1,ok,True,3,729527,729.527,0.181875,0.500384,2,time_limit,solomon_exact_1000_v1,same_vehicles,3,588.32,24.0017,,0.5,,100,2,25,3db77f4aec675bd9467937da2dc168bbd3d4632dc8e14fbee006ca51dd7fbfc9,False
R101,solomon_txt,3f3655182bc0fe44ce5de65fdcd2ee2f9c7fb9ed055f923635151d9d6f76d3ed,0,1,ok,True,22,1914025,1914.025,0.05071,0.532005,0,time_limit,solomon_exact_1000_v1,missing,,,,,0.5,,100,2,25,3db77f4aec675bd9467937da2dc168bbd3d4632dc8e14fbee006ca51dd7fbfc9,False
R101,solomon_txt,3f3655182bc0fe44ce5de65fdcd2ee2f9c7fb9ed055f923635151d9d6f76d3ed,1,1,ok,True,21,1948827,1948.827,0.054507,0.507232,0,time_limit,solomon_exact_1000_v1,missing,,,,,0.5,,100,2,25,3db77f4aec675bd9467937da2dc168bbd3d4632dc8e14fbee006ca51dd7fbfc9,False
R101,solomon_txt,3f3655182bc0fe44ce5de65fdcd2ee2f9c7fb9ed055f923635151d9d6f76d3ed,2,1,ok,True,22,1939166,1939.166,0.053468,0.536629,0,time_limit,solomon_exact_1000_v1,missing,,,,,0.5,,100,2,25,3db77f4aec675bd9467937da2dc168bbd3d4632dc8e14fbee006ca51dd7fbfc9,False
R102,solomon_txt,eeb23171b7e4fbfc80bf000ca770329109900fbd7273fa8b9d1f95b7dfe683c3,0,1,ok,True,19,1803088,1803.088,0.056853,0.511528,0,time_limit,solomon_exact_1000_v1,missing,,,,,0.5,,100,2,25,3db77f4aec675bd9467937da2dc168bbd3d4632dc8e14fbee006ca51dd7fbfc9,False
R102,solomon_txt,eeb23171b7e4fbfc80bf000ca770329109900fbd7273fa8b9d1f95b7dfe683c3,1,1,ok,True,19,1744933,1744.933,0.058726,0.500653,0,time_limit,solomon_exact_1000_v1,missing,,,,,0.5,,100,2,25,3db77f4aec675bd9467937da2dc168bbd3d4632dc8e14fbee006ca51dd7fbfc9,False
R102,solomon_txt,eeb23171b7e4fbfc80bf000ca770329109900fbd7273fa8b9d1f95b7dfe683c3,2,1,ok,True,19,1765826,1765.826,0.057307,0.533986,0,time_limit,solomon_exact_1000_v1,missing,,,,,0.5,,100,2,25,3db77f4aec675bd9467937da2dc168bbd3d4632dc8e14fbee006ca51dd7fbfc9,False
R103,solomon_txt,1f833e8648ba39e0edc76754fb49e81777a7175cf7b084c3f60a12607bfb3991,0,1,ok,True,14,1546015,1546.015,0.065947,0.507763,0,time_limit,solomon_exact_1000_v1,missing,,,,,0.5,,100,2,25,3db77f4aec675bd9467937da2dc168bbd3d4632dc8e14fbee006ca51dd7fbfc9,False
R103,solomon_txt,1f833e8648ba39e0edc76754fb49e81777a7175cf7b084c3f60a12607bfb3991,1,1,ok,True,14,1546015,1546.015,0.063416,0.500439,0,time_limit,solomon_exact_1000_v1,missing,,,,,0.5,,100,2,25,3db77f4aec675bd9467937da2dc168bbd3d4632dc8e14fbee006ca51dd7fbfc9,False
R103,solomon_txt,1f833e8648ba39e0edc76754fb49e81777a7175cf7b084c3f60a12607bfb3991,2,1,ok,True,14,1546015,1546.015,0.060939,0.512436,0,time_limit,solomon_exact_1000_v1,missing,,,,,0.5,,100,2,25,3db77f4aec675bd9467937da2dc168bbd3d4632dc8e14fbee006ca51dd7fbfc9,False
R104,solomon_txt,dd087124311d91facd81736debbfc7d0f351d27942917e2d76cbafd01e6183b7,0,1,ok,True,11,1380992,1380.992,0.071566,0.536793,0,time_limit,solomon_exact_1000_v1,missing,,,,,0.5,,100,2,25,3db77f4aec675bd9467937da2dc168bbd3d4632dc8e14fbee006ca51dd7fbfc9,False
R104,solomon_txt,dd087124311d91facd81736debbfc7d0f351d27942917e2d76cbafd01e6183b7,1,1,ok,True,11,1241810,1241.81,0.076762,0.519155,0,time_limit,solomon_exact_1000_v1,missing,,,,,0.5,,100,2,25,3db77f4aec675bd9467937da2dc168bbd3d4632dc8e14fbee006ca51dd7fbfc9,False
R104,solomon_txt,dd087124311d91facd81736debbfc7d0f351d27942917e2d76cbafd01e6183b7,2,1,ok,True,11,1321819,1321.819,0.071506,0.541193,0,time_limit,solomon_exact_1000_v1,missing,,,,,0.5,,100,2,25,3db77f4aec675bd9467937da2dc168bbd3d4632dc8e14fbee006ca51dd7fbfc9,False
R105,solomon_txt,ff1a614f8458d6339b3f54d8e4ca2dcf0a35c96012f477f6a819ae481de85ca4,0,1,ok,True,17,1734216,1734.216,0.05621,0.510374,0,time_limit,solomon_exact_1000_v1,missing,,,,,0.5,,100,2,25,3db77f4aec675bd9467937da2dc168bbd3d4632dc8e14fbee006ca51dd7fbfc9,False
R105,solomon_txt,ff1a614f8458d6339b3f54d8e4ca2dcf0a35c96012f477f6a819ae481de85ca4,1,1,ok,True,17,1683209,1683.209,0.056012,0.514292,0,time_limit,solomon_exact_1000_v1,missing,,,,,0.5,,100,2,25,3db77f4aec675bd9467937da2dc168bbd3d4632dc8e14fbee006ca51dd7fbfc9,False
R105,solomon_txt,ff1a614f8458d6339b3f54d8e4ca2dcf0a35c96012f477f6a819ae481de85ca4,2,1,ok,True,17,1834998,1834.998,0.058281,0.519453,0,time_limit,solomon_exact_1000_v1,missing,,,,,0.5,,100,2,25,3db77f4aec675bd9467937da2dc168bbd3d4632dc8e14fbee006ca51dd7fbfc9,False
R106,solomon_txt,31b8783d177f0fbe1c84b8f085fbf28b1989a80e4c00f49f5654ebef99835e97,0,1,ok,True,14,1545086,1545.086,0.061298,0.523049,0,time_limit,solomon_exact_1000_v1,missing,,,,,0.5,,100,2,25,3db77f4aec675bd9467937da2dc168bbd3d4632dc8e14fbee006ca51dd7fbfc9,False
R106,solomon_txt,31b8783d177f0fbe1c84b8f085fbf28b1989a80e4c00f49f5654ebef99835e97,1,1,ok,True,15,1572430,1572.43,0.060091,0.502759,0,time_limit,solomon_exact_1000_v1,missing,,,,,0.5,,100,2,25,3db77f4aec675bd9467937da2dc168bbd3d4632dc8e14fbee006ca51dd7fbfc9,False
R106,solomon_txt,31b8783d177f0fbe1c84b8f085fbf28b1989a80e4c00f49f5654ebef99835e97,2,1,ok,True,14,1559373,1559.373,0.059932,0.513816,0,time_limit,solomon_exact_1000_v1,missing,,,,,0.5,,100,2,25,3db77f4aec675bd9467937da2dc168bbd3d4632dc8e14fbee006ca51dd7fbfc9,False
R107,solomon_txt,dba2b257a1d43d7c78d5e3a9f09091a2b125d3fbec78c0c8a1782add669a1275,0,1,ok,True,12,1479101,1479.101,0.069658,0.550426,0,time_limit,solomon_exact_1000_v1,missing,,,,,0.5,,100,2,25,3db77f4aec675bd9467937da2dc168bbd3d4632dc8e14fbee006ca51dd7fbfc9,False
R107,solomon_txt,dba2b257a1d43d7c78d5e3a9f09091a2b125d3fbec78c0c8a1782add669a1275,1,1,ok,True,12,1525686,1525.686,0.06822,0.535535,0,time_limit,solomon_exact_1000_v1,missing,,,,,0.5,,100,2,25,3db77f4aec675bd9467937da2dc168bbd3d4632dc8e14fbee006ca51dd7fbfc9,False
R107,solomon_txt,dba2b257a1d43d7c78d5e3a9f09091a2b125d3fbec78c0c8a1782add669a1275,2,1,ok,True,12,1486083,1486.083,0.067805,0.502927,0,time_limit,solomon_exact_1000_v1,missing,,,,,0.5,,100,2,25,3db77f4aec675bd9467937da2dc168bbd3d4632dc8e14fbee006ca51dd7fbfc9,False
R108,solomon_txt,65cae09f4099b7e70d2b723e0e3a30aa1494c75a367bb894a3fd13241ee639d4,0,1,ok,True,11,1315436,1315.436,0.071626,0.541648,0,time_limit,solomon_exact_1000_v1,missing,,,,,0.5,,100,2,25,3db77f4aec675bd9467937da2dc168bbd3d4632dc8e14fbee006ca51dd7fbfc9,False
R108,solomon_txt,65cae09f4099b7e70d2b723e0e3a30aa1494c75a367bb894a3fd13241ee639d4,1,1,ok,True,11,1274109,1274.109,0.075102,0.50998,0,time_limit,solomon_exact_1000_v1,missing,,,,,0.5,,100,2,25,3db77f4aec675bd9467937da2dc168bbd3d4632dc8e14fbee006ca51dd7fbfc9,False
R108,solomon_txt,65cae09f4099b7e70d2b723e0e3a30aa1494c75a367bb894a3fd13241ee639d4,2,1,ok,True,11,1360850,1360.85,0.072744,0.528527,0,time_limit,solomon_exact_1000_v1,missing,,,,,0.5,,100,2,25,3db77f4aec675bd9467937da2dc168bbd3d4632dc8e14fbee006ca51dd7fbfc9,False
R109,solomon_txt,4ef24030e8c48de5f85dcd90c5739186004fc8dec87533b6467013cf996f4777,0,1,ok,True,15,1669186,1669.186,0.055517,0.523051,0,time_limit,solomon_exact_1000_v1,missing,,,,,0.5,,100,2,25,3db77f4aec675bd9467937da2dc168bbd3d4632dc8e14fbee006ca51dd7fbfc9,False
R109,solomon_txt,4ef24030e8c48de5f85dcd90c5739186004fc8dec87533b6467013cf996f4777,1,1,ok,True,14,1458883,1458.883,0.056033,0.503642,0,time_limit,solomon_exact_1000_v1,missing,,,,,0.5,,100,2,25,3db77f4aec675bd9467937da2dc168bbd3d4632dc8e14fbee006ca51dd7fbfc9,False
R109,solomon_txt,4ef24030e8c48de5f85dcd90c5739186004fc8dec87533b6467013cf996f4777,2,1,ok,True,14,1585816,1585.816,0.057618,0.514935,0,time_limit,solomon_exact_1000_v1,missing,,,,,0.5,,100,2,25,3db77f4aec675bd9467937da2dc168bbd3d4632dc8e14fbee006ca51dd7fbfc9,False
R110,solomon_txt,14cb53cb99af61d3d708f07564b9a72d146e7c26b4f10507cfaf3bc828f34bfa,0,1,ok,True,13,1463925,1463.925,0.071305,0.52219,0,time_limit,solomon_exact_1000_v1,missing,,,,,0.5,,100,2,25,3db77f4aec675bd9467937da2dc168bbd3d4632dc8e14fbee006ca51dd7fbfc9,False
R110,solomon_txt,14cb53cb99af61d3d708f07564b9a72d146e7c26b4f10507cfaf3bc828f34bfa,1,1,ok,True,13,1581399,1581.399,0.063034,0.509144,0,time_limit,solomon_exact_1000_v1,missing,,,,,0.5,,100,2,25,3db77f4aec675bd9467937da2dc168bbd3d4632dc8e14fbee006ca51dd7fbfc9,False
R110,solomon_txt,14cb53cb99af61d3d708f07564b9a72d146e7c26b4f10507cfaf3bc828f34bfa,2,1,ok,True,13,1590432,1590.432,0.062945,0.534184,0,time_limit,solomon_exact_1000_v1,missing,,,,,0.5,,100,2,25,3db77f4aec675bd9467937da2dc168bbd3d4632dc8e14fbee006ca51dd7fbfc9,False
R111,solomon_txt,3d94a73b1f2fe8aae4618b9d9ea254cff2e3924a6a841aa390096ec6c60f258d,0,1,ok,True,12,1453553,1453.553,0.071654,0.537833,0,time_limit,solomon_exact_1000_v1,missing,,,,,0.5,,100,2,25,3db77f4aec675bd9467937da2dc168bbd3d4632dc8e14fbee006ca51dd7fbfc9,False
R111,solomon_txt,3d94a73b1f2fe8aae4618b9d9ea254cff2e3924a6a841aa390096ec6c60f258d,1,1,ok,True,13,1675090,1675.09,0.064932,0.508572,0,time_limit,solomon_exact_1000_v1,missing,,,,,0.5,,100,2,25,3db77f4aec675bd9467937da2dc168bbd3d4632dc8e14fbee006ca51dd7fbfc9,False
R111,solomon_txt,3d94a73b1f2fe8aae4618b9d9ea254cff2e3924a6a841aa390096ec6c60f258d,2,1,ok,True,12,1461553,1461.553,0.0675,0.510914,0,time_limit,solomon_exact_1000_v1,missing,,,,,0.5,,100,2,25,3db77f4aec675bd9467937da2dc168bbd3d4632dc8e14fbee006ca51dd7fbfc9,False
R112,solomon_txt,a0e93149d59d30c356619891d192e86d0f16c3158e1dac3bd9f23c6deb718271,0,1,ok,True,12,1508833,1508.833,0.063915,0.506331,0,time_limit,solomon_exact_1000_v1,missing,,,,,0.5,,100,2,25,3db77f4aec675bd9467937da2dc168bbd3d4632dc8e14fbee006ca51dd7fbfc9,False
R112,solomon_txt,a0e93149d59d30c356619891d192e86d0f16c3158e1dac3bd9f23c6deb718271,1,1,ok,True,13,1430395,1430.395,0.065316,0.534604,0,time_limit,solomon_exact_1000_v1,missing,,,,,0.5,,100,2,25,3db77f4aec675bd9467937da2dc168bbd3d4632dc8e14fbee006ca51dd7fbfc9,False
R112,solomon_txt,a0e93149d59d30c356619891d192e86d0f16c3158e1dac3bd9f23c6deb718271,2,1,ok,True,13,1273526,1273.526,0.06438,0.548993,0,time_limit,solomon_exact_1000_v1,missing,,,,,0.5,,100,2,25,3db77f4aec675bd9467937da2dc168bbd3d4632dc8e14fbee006ca51dd7fbfc9,False
R201,solomon_txt,0be960ec998fff2cab0bdbcc5194c617e5ca0a79c82c5b32b1d4bd98b2cae210,0,1,ok,True,5,1726658,1726.658,0.130627,0.519843,0,time_limit,solomon_exact_1000_v1,missing,,,,,0.5,,100,2,25,3db77f4aec675bd9467937da2dc168bbd3d4632dc8e14fbee006ca51dd7fbfc9,False
R201,solomon_txt,0be960ec998fff2cab0bdbcc5194c617e5ca0a79c82c5b32b1d4bd98b2cae210,1,1,ok,True,4,1764819,1764.819,0.130273,0.535505,0,time_limit,solomon_exact_1000_v1,missing,,,,,0.5,,100,2,25,3db77f4aec675bd9467937da2dc168bbd3d4632dc8e14fbee006ca51dd7fbfc9,False
R201,solomon_txt,0be960ec998fff2cab0bdbcc5194c617e5ca0a79c82c5b32b1d4bd98b2cae210,2,1,ok,True,4,1534914,1534.914,0.132487,0.532516,0,time_limit,solomon_exact_1000_v1,missing,,,,,0.5,,100,2,25,3db77f4aec675bd9467937da2dc168bbd3d4632dc8e14fbee006ca51dd7fbfc9,False
R202,solomon_txt,1f7761bb33e9dd0c94837b32c72280296ffc283dba997379c7ad75ce00dffc8d,0,1,ok,True,4,1622244,1622.244,0.148702,0.537857,0,time_limit,solomon_exact_1000_v1,missing,,,,,0.5,,100,2,25,3db77f4aec675bd9467937da2dc168bbd3d4632dc8e14fbee006ca51dd7fbfc9,False
R202,solomon_txt,1f7761bb33e9dd0c94837b32c72280296ffc283dba997379c7ad75ce00dffc8d,1,1,ok,True,4,1622244,1622.244,0.153646,0.52458,0,time_limit,solomon_exact_1000_v1,missing,,,,,0.5,,100,2,25,3db77f4aec675bd9467937da2dc168bbd3d4632dc8e14fbee006ca51dd7fbfc9,False
R202,solomon_txt,1f7761bb33e9dd0c94837b32c72280296ffc283dba997379c7ad75ce00dffc8d,2,1,ok,True,4,1622244,1622.244,0.15334,0.573227,0,time_limit,solomon_exact_1000_v1,missing,,,,,0.5,,100,2,25,3db77f4aec675bd9467937da2dc168bbd3d4632dc8e14fbee006ca51dd7fbfc9,False
R203,solomon_txt,38c484db31bd7452a94d533e26a2348ef598df600b79d061d9ddc1c61466a731,0,1,ok,True,3,1300221,1300.221,0.170859,0.527713,0,time_limit,solomon_exact_1000_v1,missing,,,,,0.5,,100,2,25,3db77f4aec675bd9467937da2dc168bbd3d4632dc8e14fbee006ca51dd7fbfc9,False
R203,solomon_txt,38c484db31bd7452a94d533e26a2348ef598df600b79d061d9ddc1c61466a731,1,1,ok,True,3,1300221,1300.221,0.163532,0.501033,0,time_limit,solomon_exact_1000_v1,missing,,,,,0.5,,100,2,25,3db77f4aec675bd9467937da2dc168bbd3d4632dc8e14fbee006ca51dd7fbfc9,False
R203,solomon_txt,38c484db31bd7452a94d533e26a2348ef598df600b79d061d9ddc1c61466a731,2,1,ok,True,3,1300221,1300.221,0.164894,0.530683,0,time_limit,solomon_exact_1000_v1,missing,,,,,0.5,,100,2,25,3db77f4aec675bd9467937da2dc168bbd3d4632dc8e14fbee006ca51dd7fbfc9,False
R204,solomon_txt,5349e37d8df99bcbee1efa2e970d2662b5265e5f82fc609343a6af0a60257abf,0,1,ok,True,3,1331038,1331.038,0.205525,0.564366,0,time_limit,solomon_exact_1000_v1,missing,,,,,0.5,,100,2,25,3db77f4aec675bd9467937da2dc168bbd3d4632dc8e14fbee006ca51dd7fbfc9,False
R204,solomon_txt,5349e37d8df99bcbee1efa2e970d2662b5265e5f82fc609343a6af0a60257abf,1,1,ok,True,3,1331038,1331.038,0.20014,0.563107,0,time_limit,solomon_exact_1000_v1,missing,,,,,0.5,,100,2,25,3db77f4aec675bd9467937da2dc168bbd3d4632dc8e14fbee006ca51dd7fbfc9,False
R204,solomon_txt,5349e37d8df99bcbee1efa2e970d2662b5265e5f82fc609343a6af0a60257abf,2,1,ok,True,3,1331038,1331.038,0.206256,0.525338,0,time_limit,solomon_exact_1000_v1,missing,,,,,0.5,,100,2,25,3db77f4aec675bd9467937da2dc168bbd3d4632dc8e14fbee006ca51dd7fbfc9,False
R205,solomon_txt,1996bf8f10716fb8cfc1a585206a6a6e566f32347c1bb8f36c75ed6c887f77e3,0,1,ok,True,3,1303717,1303.717,0.164819,0.515962,0,time_limit,solomon_exact_1000_v1,missing,,,,,0.5,,100,2,25,3db77f4aec675bd9467937da2dc168bbd3d4632dc8e14fbee006ca51dd7fbfc9,False
R205,solomon_txt,1996bf8f10716fb8cfc1a585206a6a6e566f32347c1bb8f36c75ed6c887f77e3,1,1,ok,True,4,1700248,1700.248,0.164201,0.507765,0,time_limit,solomon_exact_1000_v1,missing,,,,,0.5,,100,2,25,3db77f4aec675bd9467937da2dc168bbd3d4632dc8e14fbee006ca51dd7fbfc9,False
R205,solomon_txt,1996bf8f10716fb8cfc1a585206a6a6e566f32347c1bb8f36c75ed6c887f77e3,2,1,ok,True,3,1399253,1399.253,0.163902,0.551502,0,time_limit,solomon_exact_1000_v1,missing,,,,,0.5,,100,2,25,3db77f4aec675bd9467937da2dc168bbd3d4632dc8e14fbee006ca51dd7fbfc9,False
R206,solomon_txt,c8754a0319264d076c038b1bf023c8c4710e8895fe3e03f485e9ae249f32fe43,0,1,ok,True,3,1533607,1533.607,0.169664,0.52051,0,time_limit,solomon_exact_1000_v1,missing,,,,,0.5,,100,2,25,3db77f4aec675bd9467937da2dc168bbd3d4632dc8e14fbee006ca51dd7fbfc9,False
R206,solomon_txt,c8754a0319264d076c038b1bf023c8c4710e8895fe3e03f485e9ae249f32fe43,1,1,ok,True,3,1533607,1533.607,0.164327,0.519854,0,time_limit,solomon_exact_1000_v1,missing,,,,,0.5,,100,2,25,3db77f4aec675bd9467937da2dc168bbd3d4632dc8e14fbee006ca51dd7fbfc9,False
R206,solomon_txt,c8754a0319264d076c038b1bf023c8c4710e8895fe3e03f485e9ae249f32fe43,2,1,ok,True,3,1533607,1533.607,0.16477,0.52732,0,time_limit,solomon_exact_1000_v1,missing,,,,,0.5,,100,2,25,3db77f4aec675bd9467937da2dc168bbd3d4632dc8e14fbee006ca51dd7fbfc9,False
R207,solomon_txt,52dc8eebba43fdc67ca9aadab228b75a297acb55a87db3e4748e82f623e3cbe6,0,1,ok,True,3,1157028,1157.028,0.197054,0.517138,0,time_limit,solomon_exact_1000_v1,missing,,,,,0.5,,100,2,25,3db77f4aec675bd9467937da2dc168bbd3d4632dc8e14fbee006ca51dd7fbfc9,False
R207,solomon_txt,52dc8eebba43fdc67ca9aadab228b75a297acb55a87db3e4748e82f623e3cbe6,1,1,ok,True,3,1090293,1090.293,0.204197,0.50758,0,time_limit,solomon_exact_1000_v1,missing,,,,,0.5,,100,2,25,3db77f4aec675bd9467937da2dc168bbd3d4632dc8e14fbee006ca51dd7fbfc9,False
R207,solomon_txt,52dc8eebba43fdc67ca9aadab228b75a297acb55a87db3e4748e82f623e3cbe6,2,1,ok,True,3,1035524,1035.524,0.201812,0.536094,0,time_limit,solomon_exact_1000_v1,missing,,,,,0.5,,100,2,25,3db77f4aec675bd9467937da2dc168bbd3d4632dc8e14fbee006ca51dd7fbfc9,False
R208,solomon_txt,7b4a95d500af9329dd08791d39898a619faec0f8fac039d57373e761545b980d,0,1,ok,True,3,957965,957.965,0.213979,0.52509,0,time_limit,solomon_exact_1000_v1,missing,,,,,0.5,,100,2,25,3db77f4aec675bd9467937da2dc168bbd3d4632dc8e14fbee006ca51dd7fbfc9,False
R208,solomon_txt,7b4a95d500af9329dd08791d39898a619faec0f8fac039d57373e761545b980d,1,1,ok,True,3,957965,957.965,0.210325,0.547049,0,time_limit,solomon_exact_1000_v1,missing,,,,,0.5,,100,2,25,3db77f4aec675bd9467937da2dc168bbd3d4632dc8e14fbee006ca51dd7fbfc9,False
R208,solomon_txt,7b4a95d500af9329dd08791d39898a619faec0f8fac039d57373e761545b980d,2,1,ok,True,3,957965,957.965,0.220379,0.57906,0,time_limit,solomon_exact_1000_v1,missing,,,,,0.5,,100,2,25,3db77f4aec675bd9467937da2dc168bbd3d4632dc8e14fbee006ca51dd7fbfc9,False
R209,solomon_txt,5b74156d032babcff853ccc693f94463eca8333cd425aa99a39ed996f6258933,0,1,ok,True,3,1484375,1484.375,0.151356,0.525157,0,time_limit,solomon_exact_1000_v1,missing,,,,,0.5,,100,2,25,3db77f4aec675bd9467937da2dc168bbd3d4632dc8e14fbee006ca51dd7fbfc9,False
R209,solomon_txt,5b74156d032babcff853ccc693f94463eca8333cd425aa99a39ed996f6258933,1,1,ok,True,3,1303297,1303.297,0.153782,0.507564,0,time_limit,solomon_exact_1000_v1,missing,,,,,0.5,,100,2,25,3db77f4aec675bd9467937da2dc168bbd3d4632dc8e14fbee006ca51dd7fbfc9,False
R209,solomon_txt,5b74156d032babcff853ccc693f94463eca8333cd425aa99a39ed996f6258933,2,1,ok,True,3,1416872,1416.872,0.153733,0.529665,0,time_limit,solomon_exact_1000_v1,missing,,,,,0.5,,100,2,25,3db77f4aec675bd9467937da2dc168bbd3d4632dc8e14fbee006ca51dd7fbfc9,False
R210,solomon_txt,4e5772f109fb6183e6a648d6a1edaba3435438c2dc11c42da370fecf7bdf3a14,0,1,ok,True,3,1443660,1443.66,0.169413,0.501304,0,time_limit,solomon_exact_1000_v1,missing,,,,,0.5,,100,2,25,3db77f4aec675bd9467937da2dc168bbd3d4632dc8e14fbee006ca51dd7fbfc9,False
R210,solomon_txt,4e5772f109fb6183e6a648d6a1edaba3435438c2dc11c42da370fecf7bdf3a14,1,1,ok,True,3,1443660,1443.66,0.170425,0.512766,0,time_limit,solomon_exact_1000_v1,missing,,,,,0.5,,100,2,25,3db77f4aec675bd9467937da2dc168bbd3d4632dc8e14fbee006ca51dd7fbfc9,False
R210,solomon_txt,4e5772f109fb6183e6a648d6a1edaba3435438c2dc11c42da370fecf7bdf3a14,2,1,ok,True,3,1443660,1443.66,0.174901,0.505267,0,time_limit,solomon_exact_1000_v1,missing,,,,,0.5,,100,2,25,3db77f4aec675bd9467937da2dc168bbd3d4632dc8e14fbee006ca51dd7fbfc9,False
R211,solomon_txt,2965507e467a2f92acd59035975910e36ae11e4f49590d4c7d20a883939227ad,0,1,ok,True,3,1516434,1516.434,0.180184,0.516371,0,time_limit,solomon_exact_1000_v1,missing,,,,,0.5,,100,2,25,3db77f4aec675bd9467937da2dc168bbd3d4632dc8e14fbee006ca51dd7fbfc9,False
R211,solomon_txt,2965507e467a2f92acd59035975910e36ae11e4f49590d4c7d20a883939227ad,1,1,ok,True,3,1516434,1516.434,0.186947,0.52508,0,time_limit,solomon_exact_1000_v1,missing,,,,,0.5,,100,2,25,3db77f4aec675bd9467937da2dc168bbd3d4632dc8e14fbee006ca51dd7fbfc9,False
R211,solomon_txt,2965507e467a2f92acd59035975910e36ae11e4f49590d4c7d20a883939227ad,2,1,ok,True,3,1516434,1516.434,0.184918,0.525086,0,time_limit,solomon_exact_1000_v1,missing,,,,,0.5,,100,2,25,3db77f4aec675bd9467937da2dc168bbd3d4632dc8e14fbee006ca51dd7fbfc9,False
RC101,solomon_txt,ef6893ffd9746ad96de8e4da6e64e2c4ba6e08a1c7eb9457276a9f1caf01ca12,0,1,ok,True,17,2197881,2197.881,0.057595,0.508891,0,time_limit,solomon_exact_1000_v1,missing,,,,,0.5,,100,2,25,3db77f4aec675bd9467937da2dc168bbd3d4632dc8e14fbee006ca51dd7fbfc9,False
RC101,solomon_txt,ef6893ffd9746ad96de8e4da6e64e2c4ba6e08a1c7eb9457276a9f1caf01ca12,1,1,ok,True,18,2077534,2077.534,0.056604,0.544512,0,time_limit,solomon_exact_1000_v1,missing,,,,,0.5,,100,2,25,3db77f4aec675bd9467937da2dc168bbd3d4632dc8e14fbee006ca51dd7fbfc9,False
RC101,solomon_txt,ef6893ffd9746ad96de8e4da6e64e2c4ba6e08a1c7eb9457276a9f1caf01ca12,2,1,ok,True,18,2065913,2065.913,0.060764,0.522795,0,time_limit,solomon_exact_1000_v1,missing,,,,,0.5,,100,2,25,3db77f4aec675bd9467937da2dc168bbd3d4632dc8e14fbee006ca51dd7fbfc9,False
RC102,solomon_txt,36acd349d34a577c7fadd61f78517c2cb74bd06a490273800c288f341e5785a4,0,1,ok,True,16,1976705,1976.705,0.059372,0.503502,0,time_limit,solomon_exact_1000_v1,missing,,,,,0.5,,100,2,25,3db77f4aec675bd9467937da2dc168bbd3d4632dc8e14fbee006ca51dd7fbfc9,False
RC102,solomon_txt,36acd349d34a577c7fadd61f78517c2cb74bd06a490273800c288f341e5785a4,1,1,ok,True,15,1834933,1834.933,0.059967,0.520448,0,time_limit,solomon_exact_1000_v1,missing,,,,,0.5,,100,2,25,3db77f4aec675bd9467937da2dc168bbd3d4632dc8e14fbee006ca51dd7fbfc9,False
RC102,solomon_txt,36acd349d34a577c7fadd61f78517c2cb74bd06a490273800c288f341e5785a4,2,1,ok,True,16,1931992,1931.992,0.058024,0.512699,0,time_limit,solomon_exact_1000_v1,missing,,,,,0.5,,100,2,25,3db77f4aec675bd9467937da2dc168bbd3d4632dc8e14fbee006ca51dd7fbfc9,False
RC103,solomon_txt,00f384138274d5d2bff5c41601db17cc4ad0cfc6315c27e223d4477bf435cc2d,0,1,ok,True,13,1952068,1952.068,0.078675,0.529861,0,time_limit,solomon_exact_1000_v1,missing,,,,,0.5,,100,2,25,3db77f4aec675bd9467937da2dc168bbd3d4632dc8e14fbee006ca51dd7fbfc9,False
RC103,solomon_txt,00f384138274d5d2bff5c41601db17cc4ad0cfc6315c27e223d4477bf435cc2d,1,1,ok,True,12,1731095,1731.095,0.065886,0.521069,0,time_limit,solomon_exact_1000_v1,missing,,,,,0.5,,100,2,25,3db77f4aec675bd9467937da2dc168bbd3d4632dc8e14fbee006ca51dd7fbfc9,False
RC103,solomon_txt,00f384138274d5d2bff5c41601db17cc4ad0cfc6315c27e223d4477bf435cc2d,2,1,ok,True,13,1952068,1952.068,0.06511,0.508175,0,time_limit,solomon_exact_1000_v1,missing,,,,,0.5,,100,2,25,3db77f4aec675bd9467937da2dc168bbd3d4632dc8e14fbee006ca51dd7fbfc9,False
RC104,solomon_txt,d150b2d61049a488fb89a2320c197d81a7ef9a1864abbbaea1d13a2b451253ee,0,1,ok,True,12,1624060,1624.06,0.067455,0.503038,0,time_limit,solomon_exact_1000_v1,missing,,,,,0.5,,100,2,25,3db77f4aec675bd9467937da2dc168bbd3d4632dc8e14fbee006ca51dd7fbfc9,False
RC104,solomon_txt,d150b2d61049a488fb89a2320c197d81a7ef9a1864abbbaea1d13a2b451253ee,1,1,ok,True,11,1384807,1384.807,0.066472,0.529219,0,time_limit,solomon_exact_1000_v1,missing,,,,,0.5,,100,2,25,3db77f4aec675bd9467937da2dc168bbd3d4632dc8e14fbee006ca51dd7fbfc9,False
RC104,solomon_txt,d150b2d61049a488fb89a2320c197d81a7ef9a1864abbbaea1d13a2b451253ee,2,1,ok,True,12,1325631,1325.631,0.067894,0.535846,0,time_limit,solomon_exact_1000_v1,missing,,,,,0.5,,100,2,25,3db77f4aec675bd9467937da2dc168bbd3d4632dc8e14fbee006ca51dd7fbfc9,False
RC105,solomon_txt,b9e912625c1ed80d2f565e0799ade2f4b17bf4f95056322ca23f1a21b37e7a49,0,1,ok,True,17,2128736,2128.736,0.058693,0.514685,0,time_limit,solomon_exact_1000_v1,missing,,,,,0.5,,100,2,25,3db77f4aec675bd9467937da2dc168bbd3d4632dc8e14fbee006ca51dd7fbfc9,False
RC105,solomon_txt,b9e912625c1ed80d2f565e0799ade2f4b17bf4f95056322ca23f1a21b37e7a49,1,1,ok,True,16,2094861,2094.861,0.059232,0.506941,0,time_limit,solomon_exact_1000_v1,missing,,,,,0.5,,100,2,25,3db77f4aec675bd9467937da2dc168bbd3d4632dc8e14fbee006ca51dd7fbfc9,False
RC105,solomon_txt,b9e912625c1ed80d2f565e0799ade2f4b17bf4f95056322ca23f1a21b37e7a49,2,1,ok,True,16,1901679,1901.679,0.057317,0.509703,0,time_limit,solomon_exact_1000_v1,missing,,,,,0.5,,100,2,25,3db77f4aec675bd9467937da2dc168bbd3d4632dc8e14fbee006ca51dd7fbfc9,False
RC106,solomon_txt,bf016ffc567af2d108570357daf1d0cabb7f680c0bd977d2e4366787683fdbaf,0,1,ok,True,15,2118036,2118.036,0.058231,0.543826,0,time_limit,solomon_exact_1000_v1,missing,,,,,0.5,,100,2,25,3db77f4aec675bd9467937da2dc168bbd3d4632dc8e14fbee006ca51dd7fbfc9,False
RC106,solomon_txt,bf016ffc567af2d108570357daf1d0cabb7f680c0bd977d2e4366787683fdbaf,1,1,ok,True,15,1848588,1848.588,0.057159,0.52872,0,time_limit,solomon_exact_1000_v1,missing,,,,,0.5,,100,2,25,3db77f4aec675bd9467937da2dc168bbd3d4632dc8e14fbee006ca51dd7fbfc9,False
RC106,solomon_txt,bf016ffc567af2d108570357daf1d0cabb7f680c0bd977d2e4366787683fdbaf,2,1,ok,True,15,1864051,1864.051,0.057954,0.511276,0,time_limit,solomon_exact_1000_v1,missing,,,,,0.5,,100,2,25,3db77f4aec675bd9467937da2dc168bbd3d4632dc8e14fbee006ca51dd7fbfc9,False
RC107,solomon_txt,fff3fd68d110671ed442575f07cc547291586f30b00c5f73934d521d31311582,0,1,ok,True,14,1714626,1714.626,0.061273,0.516032,0,time_limit,solomon_exact_1000_v1,missing,,,,,0.5,,100,2,25,3db77f4aec675bd9467937da2dc168bbd3d4632dc8e14fbee006ca51dd7fbfc9,False
RC107,solomon_txt,fff3fd68d110671ed442575f07cc547291586f30b00c5f73934d521d31311582,1,1,ok,True,14,1926373,1926.373,0.063147,0.504446,0,time_limit,solomon_exact_1000_v1,missing,,,,,0.5,,100,2,25,3db77f4aec675bd9467937da2dc168bbd3d4632dc8e14fbee006ca51dd7fbfc9,False
RC107,solomon_txt,fff3fd68d110671ed442575f07cc547291586f30b00c5f73934d521d31311582,2,1,ok,True,14,1919496,1919.496,0.062324,0.52479,0,time_limit,solomon_exact_1000_v1,missing,,,,,0.5,,100,2,25,3db77f4aec675bd9467937da2dc168bbd3d4632dc8e14fbee006ca51dd7fbfc9,False
RC108,solomon_txt,006bc8817bf09f9a8c66af8d6f088bdec239b2eb435556e9d11193cf456f7aeb,0,1,ok,True,13,1642483,1642.483,0.063739,0.507145,0,time_limit,solomon_exact_1000_v1,missing,,,,,0.5,,100,2,25,3db77f4aec675bd9467937da2dc168bbd3d4632dc8e14fbee006ca51dd7fbfc9,False
RC108,solomon_txt,006bc8817bf09f9a8c66af8d6f088bdec239b2eb435556e9d11193cf456f7aeb,1,1,ok,True,14,1606564,1606.564,0.062177,0.532394,0,time_limit,solomon_exact_1000_v1,missing,,,,,0.5,,100,2,25,3db77f4aec675bd9467937da2dc168bbd3d4632dc8e14fbee006ca51dd7fbfc9,False
RC108,solomon_txt,006bc8817bf09f9a8c66af8d6f088bdec239b2eb435556e9d11193cf456f7aeb,2,1,ok,True,13,1691281,1691.281,0.062128,0.533875,0,time_limit,solomon_exact_1000_v1,missing,,,,,0.5,,100,2,25,3db77f4aec675bd9467937da2dc168bbd3d4632dc8e14fbee006ca51dd7fbfc9,False
RC201,solomon_txt,288836e2d8c2ace83ebbff77e03ac8cdffc574fc134cade21ef92713f8c52d44,0,1,ok,True,5,2429811,2429.811,0.126667,0.515504,0,time_limit,solomon_exact_1000_v1,missing,,,,,0.5,,100,2,25,3db77f4aec675bd9467937da2dc168bbd3d4632dc8e14fbee006ca51dd7fbfc9,False
RC201,solomon_txt,288836e2d8c2ace83ebbff77e03ac8cdffc574fc134cade21ef92713f8c52d44,1,1,ok,True,4,1837909,1837.909,0.12868,0.504425,0,time_limit,solomon_exact_1000_v1,missing,,,,,0.5,,100,2,25,3db77f4aec675bd9467937da2dc168bbd3d4632dc8e14fbee006ca51dd7fbfc9,False
RC201,solomon_txt,288836e2d8c2ace83ebbff77e03ac8cdffc574fc134cade21ef92713f8c52d44,2,1,ok,True,5,2429811,2429.811,0.126566,0.513823,0,time_limit,solomon_exact_1000_v1,missing,,,,,0.5,,100,2,25,3db77f4aec675bd9467937da2dc168bbd3d4632dc8e14fbee006ca51dd7fbfc9,False
RC202,solomon_txt,5a1dee2017ab0ca4fe280b392678c96e8b5bc71f22d02c8058fbde7c4cfebcf4,0,1,ok,True,4,1920411,1920.411,0.118823,0.556227,0,time_limit,solomon_exact_1000_v1,missing,,,,,0.5,,100,2,25,3db77f4aec675bd9467937da2dc168bbd3d4632dc8e14fbee006ca51dd7fbfc9,False
RC202,solomon_txt,5a1dee2017ab0ca4fe280b392678c96e8b5bc71f22d02c8058fbde7c4cfebcf4,1,1,ok,True,4,1818035,1818.035,0.121225,0.506867,0,time_limit,solomon_exact_1000_v1,missing,,,,,0.5,,100,2,25,3db77f4aec675bd9467937da2dc168bbd3d4632dc8e14fbee006ca51dd7fbfc9,False
RC202,solomon_txt,5a1dee2017ab0ca4fe280b392678c96e8b5bc71f22d02c8058fbde7c4cfebcf4,2,1,ok,True,4,1619243,1619.243,0.116953,0.530434,0,time_limit,solomon_exact_1000_v1,missing,,,,,0.5,,100,2,25,3db77f4aec675bd9467937da2dc168bbd3d4632dc8e14fbee006ca51dd7fbfc9,False
RC203,solomon_txt,4adcb362c23df91f14b828d4964e9383ffb02ee74217afc2d84571f83ed91f8b,0,1,ok,True,3,1437275,1437.275,0.125761,0.529163,0,time_limit,solomon_exact_1000_v1,missing,,,,,0.5,,100,2,25,3db77f4aec675bd9467937da2dc168bbd3d4632dc8e14fbee006ca51dd7fbfc9,False
RC203,solomon_txt,4adcb362c23df91f14b828d4964e9383ffb02ee74217afc2d84571f83ed91f8b,1,1,ok,True,3,1545417,1545.417,0.126784,0.500482,0,time_limit,solomon_exact_1000_v1,missing,,,,,0.5,,100,2,25,3db77f4aec675bd9467937da2dc168bbd3d4632dc8e14fbee006ca51dd7fbfc9,False
RC203,solomon_txt,4adcb362c23df91f14b828d4964e9383ffb02ee74217afc2d84571f83ed91f8b,2,1,ok,True,4,1061047,1061.047,0.124624,0.513962,0,time_limit,solomon_exact_1000_v1,missing,,,,,0.5,,100,2,25,3db77f4aec675bd9467937da2dc168bbd3d4632dc8e14fbee006ca51dd7fbfc9,False
RC204,solomon_txt,11e827eab51a959ebab66344e7b7cfd1aeed895287653b36a72c86a4440ecd77,0,1,ok,True,3,1500593,1500.593,0.196068,0.522694,0,time_limit,solomon_exact_1000_v1,missing,,,,,0.5,,100,2,25,3db77f4aec675bd9467937da2dc168bbd3d4632dc8e14fbee006ca51dd7fbfc9,False
RC204,solomon_txt,11e827eab51a959ebab66344e7b7cfd1aeed895287653b36a72c86a4440ecd77,1,1,ok,True,3,1500593,1500.593,0.182298,0.53092,0,time_limit,solomon_exact_1000_v1,missing,,,,,0.5,,100,2,25,3db77f4aec675bd9467937da2dc168bbd3d4632dc8e14fbee006ca51dd7fbfc9,False
RC204,solomon_txt,11e827eab51a959ebab66344e7b7cfd1aeed895287653b36a72c86a4440ecd77,2,1,ok,True,3,1500593,1500.593,0.188713,0.602048,0,time_limit,solomon_exact_1000_v1,missing,,,,,0.5,,100,2,25,3db77f4aec675bd9467937da2dc168bbd3d4632dc8e14fbee006ca51dd7fbfc9,False
RC205,solomon_txt,c061d306cf42310b0f3ca15612089f6c5a8d5604c0733bf26852477c787662c9,0,1,ok,True,4,1960553,1960.553,0.135079,0.504036,0,time_limit,solomon_exact_1000_v1,missing,,,,,0.5,,100,2,25,3db77f4aec675bd9467937da2dc168bbd3d4632dc8e14fbee006ca51dd7fbfc9,False
RC205,solomon_txt,c061d306cf42310b0f3ca15612089f6c5a8d5604c0733bf26852477c787662c9,1,1,ok,True,5,2063021,2063.021,0.133893,0.519012,0,time_limit,solomon_exact_1000_v1,missing,,,,,0.5,,100,2,25,3db77f4aec675bd9467937da2dc168bbd3d4632dc8e14fbee006ca51dd7fbfc9,False
RC205,solomon_txt,c061d306cf42310b0f3ca15612089f6c5a8d5604c0733bf26852477c787662c9,2,1,ok,True,4,1828115,1828.115,0.136363,0.510866,0,time_limit,solomon_exact_1000_v1,missing,,,,,0.5,,100,2,25,3db77f4aec675bd9467937da2dc168bbd3d4632dc8e14fbee006ca51dd7fbfc9,False
RC206,solomon_txt,5203aecf67c84df49e152645312a837ffefde529314ff892ca061538816e43a9,0,1,ok,True,4,2080287,2080.287,0.140036,0.509926,0,time_limit,solomon_exact_1000_v1,missing,,,,,0.5,,100,2,25,3db77f4aec675bd9467937da2dc168bbd3d4632dc8e14fbee006ca51dd7fbfc9,False
RC206,solomon_txt,5203aecf67c84df49e152645312a837ffefde529314ff892ca061538816e43a9,1,1,ok,True,4,1771858,1771.858,0.133154,0.516773,0,time_limit,solomon_exact_1000_v1,missing,,,,,0.5,,100,2,25,3db77f4aec675bd9467937da2dc168bbd3d4632dc8e14fbee006ca51dd7fbfc9,False
RC206,solomon_txt,5203aecf67c84df49e152645312a837ffefde529314ff892ca061538816e43a9,2,1,ok,True,4,1732495,1732.495,0.137303,0.566847,0,time_limit,solomon_exact_1000_v1,missing,,,,,0.5,,100,2,25,3db77f4aec675bd9467937da2dc168bbd3d4632dc8e14fbee006ca51dd7fbfc9,False
RC207,solomon_txt,5cab65f99b350cdb8fb1c4d0a12dde85eb4ff6a6d6daf292b182cb73de9a8b63,0,1,ok,True,4,1907431,1907.431,0.145567,0.501237,0,time_limit,solomon_exact_1000_v1,missing,,,,,0.5,,100,2,25,3db77f4aec675bd9467937da2dc168bbd3d4632dc8e14fbee006ca51dd7fbfc9,False
RC207,solomon_txt,5cab65f99b350cdb8fb1c4d0a12dde85eb4ff6a6d6daf292b182cb73de9a8b63,1,1,ok,True,4,1907431,1907.431,0.147874,0.54159,0,time_limit,solomon_exact_1000_v1,missing,,,,,0.5,,100,2,25,3db77f4aec675bd9467937da2dc168bbd3d4632dc8e14fbee006ca51dd7fbfc9,False
RC207,solomon_txt,5cab65f99b350cdb8fb1c4d0a12dde85eb4ff6a6d6daf292b182cb73de9a8b63,2,1,ok,True,4,1907431,1907.431,0.152245,0.512139,0,time_limit,solomon_exact_1000_v1,missing,,,,,0.5,,100,2,25,3db77f4aec675bd9467937da2dc168bbd3d4632dc8e14fbee006ca51dd7fbfc9,False
RC208,solomon_txt,3d67d2a8e2758a324643f5d6c6ca87e8c56435273eaa04be33f213bb991f1f28,0,1,ok,True,3,1373172,1373.172,0.148079,0.508829,0,time_limit,solomon_exact_1000_v1,missing,,,,,0.5,,100,2,25,3db77f4aec675bd9467937da2dc168bbd3d4632dc8e14fbee006ca51dd7fbfc9,False
RC208,solomon_txt,3d67d2a8e2758a324643f5d6c6ca87e8c56435273eaa04be33f213bb991f1f28,1,1,ok,True,4,1913075,1913.075,0.145066,0.61625,0,time_limit,solomon_exact_1000_v1,missing,,,,,0.5,,100,2,25,3db77f4aec675bd9467937da2dc168bbd3d4632dc8e14fbee006ca51dd7fbfc9,False
RC208,solomon_txt,3d67d2a8e2758a324643f5d6c6ca87e8c56435273eaa04be33f213bb991f1f28,2,1,ok,True,3,1392180,1392.18,0.149478,0.504352,0,time_limit,solomon_exact_1000_v1,missing,,,,,0.5,,100,2,25,3db77f4aec675bd9467937da2dc168bbd3d4632dc8e14fbee006ca51dd7fbfc9,False
