instance,repetition,plain_seconds,diagnostic_seconds,overhead_percent,vehicles,distance_ticks,candidates,route_evaluations
C103,0,0.19174719999955414,0.2080498000004809,8.502131974268545,10,1842860,7930,13303
C103,1,0.18577009999989968,0.2180066999999326,17.352954000697807,10,1842860,7930,13303
C103,2,0.18211019999944256,0.2030720000002475,11.510502981639203,10,1842860,7930,13303
R101,0,0.33235549999972136,0.38788209999984247,16.70698995508353,22,1906946,41304,43476
R101,1,0.31698059999962425,0.36724560000038764,15.857437332386581,22,1906946,41304,43476
R101,2,0.31070309999995516,0.3792675999993662,22.067530063079822,22,1906946,41304,43476
RC101,0,0.7107359999999971,0.8118041999996422,14.220216789306495,17,2197881,81807,82856
RC101,1,0.7171920000000682,0.8061385000000882,12.402048544882206,17,2197881,81807,82856
RC101,2,0.7089028999998845,0.8236957999997685,16.193035745784456,17,2197881,81807,82856
