instance,phase,runs,mean_seconds,percent_runtime,mean_inclusive_seconds,candidates,candidates_per_second,route_evaluations,accepted,infeasible_candidates,rejected_capacity,rejected_time_window,capacity_prefilter_skips,trials,failures
C101,construction,3,0.07559103333339105,14.865247719282486,0.07559103333339105,18180,80168.23864905546,18480,300,17157,552,17130,0,0,0
C101,fleet_reduction,3,0.007485033333371878,1.4719586408737377,0.2823247999998178,0,0.0,455,0,0,0,0,0,31,26
C101,perturbation,3,5.963333357309845e-05,0.011727108848757236,0.0036670333335374985,0,0.0,0,0,0,0,0,0,0,0
C101,repair,3,0.27844716666641034,54.75763363324882,0.27844716666641034,71433,85513.52949669777,71766,1429,66009,0,66009,333,0,26
C101,local_search,3,0.1461698333335638,28.74482178337732,0.1461698333335638,7359,16781.84851180738,28126,0,7341,2765,7314,0,0,0
C101,ils_control,3,0.00035866666621586774,0.07053308582822226,0.15019553333331714,0,0.0,51,0,0,0,0,0,0,0
C101,validation,3,0.00033103333316830685,0.06509889181145685,0.00033103333316830685,0,0.0,67,0,0,0,0,0,0,0
C101,other,3,6.600000051548705e-05,0.012979136729198537,6.600000051548705e-05,0,0.0,0,0,0,0,0,0,0,0
C102,construction,3,0.07898636666686798,15.782114086725693,0.07898636666686798,17661,74531.84958904295,17961,300,16284,3105,15810,0,0,0
C102,fleet_reduction,3,0.000190899999931086,0.03814336201556279,0.000190899999931086,0,0.0,30,0,0,0,0,0,0,0
C102,perturbation,3,0.0002137333334151966,0.04270564648607565,0.013323999999859856,0,0.0,0,0,0,0,0,0,0,0
C102,repair,3,0.013110266666444659,2.619537180509622,0.013110266666444659,2160,54918.791380713774,2240,38,2029,0,2029,183,0,1
C102,local_search,3,0.4068825666669606,81.29842348769951,0.4068825666669606,20694,16953.294550086033,79636,8,20431,12566,20188,0,0,0
C102,ils_control,3,0.0007070333334316578,0.14127097120947812,0.4209136000002521,0,0.0,100,0,0,0,0,0,0,0
C102,validation,3,0.000336066666629146,0.067148834631883,0.000336066666629146,0,0.0,60,0,0,0,0,0,0,0
C102,other,3,5.333333289551471e-05,0.010656430722181864,5.333333289551471e-05,0,0.0,0,0,0,0,0,0,0,0
C103,construction,3,0.08865180000035859,17.713982832492018,0.08865180000035859,17145,64465.69612773664,17445,300,15651,4542,15474,0,0,0
C103,fleet_reduction,3,0.00019040000036814794,0.03804482636352791,0.00019040000036814794,0,0.0,30,0,0,0,0,0,0,0
C103,perturbation,3,0.00027863333252753364,0.05567519293384687,0.021475966666306096,0,0.0,0,0,0,0,0,0,0,0
C103,repair,3,0.021197333333778563,4.2355507588976815,0.021197333333778563,3565,56060.51075489245,3675,55,3120,0,3120,216,0,1
C103,local_search,3,0.38885980000001535,77.70012364575439,0.38885980000001535,19846,17012.129650154304,76586,17,19296,9736,19198,0,0,0
C103,ils_control,3,0.0008907333337144033,0.17798211634373473,0.41122650000003586,0,0.0,130,0,0,0,0,0,0,0
C103,validation,3,0.00034003333288031473,0.06794385022179555,0.00034003333288031473,0,0.0,60,0,0,0,0,0,0,0
C103,other,3,5.353333259942398e-05,0.010696776993004609,5.353333259942398e-05,0,0.0,0,0,0,0,0,0,0,0
C104,construction,3,0.09584799999993265,19.151651072593488,0.09584799999993265,16725,58165.011267881615,17025,300,15192,6942,13497,0,0,0
C104,fleet_reduction,3,0.00018606666708365083,0.0371784897361343,0.00018606666708365083,0,0.0,30,0,0,0,0,0,0,0
C104,perturbation,3,0.00029856666636381607,0.0596574223365251,0.02454283333281637,0,0.0,0,0,0,0,0,0,0,0
C104,repair,3,0.024244266666452557,4.8443132429172735,0.024244266666452557,4346,59752.958775660794,4456,62,3262,0,3262,213,0,0
C104,local_search,3,0.3785583999991407,75.64078945192296,0.3785583999991407,20209,17794.700456649818,77948,16,19460,9338,18773,0,0,0
C104,ils_control,3,0.0009507333346239951,0.1899686283262542,0.4040519666665811,0,0.0,140,0,0,0,0,0,0,0
C104,validation,3,0.00033043333375341416,0.06602478831904329,0.00033043333375341416,0,0.0,60,0,0,0,0,0,0,0
C104,other,3,5.213333285306968e-05,0.01041690384832304,5.213333285306968e-05,0,0.0,0,0,0,0,0,0,0,0
C105,construction,3,0.07574103333323971,15.115808450529224,0.07574103333323971,17841,78517.54509124316,18141,300,16827,522,16803,0,0,0
C105,fleet_reduction,3,0.0054014333333422355,1.0779762043366945,0.19135773333315834,0,0.0,313,0,0,0,0,0,24,22
C105,perturbation,3,5.469999966104903e-05,0.010916602015219217,0.0030936999998327033,0,0.0,0,0,0,0,0,0,0,0
C105,repair,3,0.18899529999998776,37.71821728759513,0.18899529999998776,49838,87899.89310140381,50098,1039,43991,0,43991,226,0,22
C105,local_search,3,0.23012273333309471,45.926111700521325,0.23012273333309471,11579,16772.209380461045,44384,0,11526,3968,11509,0,0,0
C105,ils_control,3,0.0003664333338141053,0.07312992495696559,0.23358286666674152,0,0.0,51,0,0,0,0,0,0,0
C105,validation,3,0.0003329666666710788,0.06645090689041909,0.0003329666666710788,0,0.0,64,0,0,0,0,0,0,0
C105,other,3,5.7066667068284005e-05,0.011388923155023033,5.7066667068284005e-05,0,0.0,0,0,0,0,0,0,0,0
C106,construction,3,0.07439880000007786,14.854307639017089,0.07439880000007786,17964,80485.16911554668,18264,300,16803,312,16779,0,0,0
C106,fleet_reduction,3,0.005729833333437758,1.144006449769219,0.23551336666666126,0,0.0,375,0,0,0,0,0,23,18
C106,perturbation,3,8.683333362569101e-05,0.017336960421351848,0.005870033333546114,0,0.0,0,0,0,0,0,0,0,0
C106,repair,3,0.23556673333314393,47.03275760422426,0.23556673333314393,60907,86185.06121839072,61170,1200,53626,0,53626,370,0,18
C106,local_search,3,0.18423953333300838,36.78487700600798,0.18423953333300838,9281,16791.546367385447,35654,3,9244,3331,9229,0,0,0
C106,ils_control,3,0.0004328666667182309,0.08642524656448429,0.19054243333327273,0,0.0,61,0,0,0,0,0,0,0
C106,validation,3,0.0003420666665382062,0.06829630985723253,0.0003420666665382062,0,0.0,67,0,0,0,0,0,0,0
C106,other,3,6.006666687123167e-05,0.011992784138382577,6.006666687123167e-05,0,0.0,0,0,0,0,0,0,0,0
C107,construction,3,0.08275576666649916,16.534964500718168,0.08275576666649916,17622,70979.94782251093,17922,300,16842,1869,16722,0,0,0
C107,fleet_reduction,3,0.0019919666671436667,0.3980036613106247,0.09191466666682875,0,0.0,153,0,0,0,0,0,6,3
C107,perturbation,3,8.42000002497419e-05,0.016823528693784017,0.006189966666776551,0,0.0,0,0,0,0,0,0,0,0
C107,repair,3,0.0960284666662119,19.186908071108345,0.0960284666662119,22157,76911.22146455506,22247,398,19846,0,19846,166,0,3
C107,local_search,3,0.3187889000000723,63.69541793947322,0.3187889000000723,15905,16630.65014705802,60970,1,15817,5510,15792,0,0,0
C107,ils_control,3,0.0004272666662169892,0.08536975056625358,0.32540613333306584,0,0.0,60,0,0,0,0,0,0,0
C107,validation,3,0.0003501999996539477,0.06997149317418679,0.0003501999996539477,0,0.0,63,0,0,0,0,0,0,0
C107,other,3,6.276666742148033e-05,0.012541054955420971,6.276666742148033e-05,0,0.0,0,0,0,0,0,0,0,0
C108,construction,3,0.07603033333331648,15.192458275371504,0.07603033333331648,17688,77547.99619451852,17988,300,16782,1323,16686,0,0,0
C108,fleet_reduction,3,0.0028572666672819955,0.5709419217457217,0.17467190000024857,0,0.0,193,0,0,0,0,0,10,7
C108,perturbation,3,0.00014859999919281108,0.02969340246819281,0.01303846666633035,0,0.0,0,0,0,0,0,0,0,0
C108,repair,3,0.1847045000001041,36.90784041709966,0.1847045000001041,42609,76895.79842392575,42769,777,36550,0,36550,512,0,9
C108,local_search,3,0.23581753333322317,47.12129854882678,0.23581753333322317,11939,16876.04229598644,45796,3,11859,5076,11842,0,0,0
C108,ils_control,3,0.0004994333336677906,0.09979727498778057,0.2493554333332213,0,0.0,70,0,0,0,0,0,0,0
C108,validation,3,0.0003312666670656957,0.06619404120396791,0.0003312666670656957,0,0.0,63,0,0,0,0,0,0,0
C108,other,3,5.89333327904266e-05,0.011776118296390536,5.89333327904266e-05,0,0.0,0,0,0,0,0,0,0,0
C109,construction,3,0.08335990000008071,16.656375197291297,0.08335990000008071,17247,68966.01363478643,17547,300,16461,1635,16380,0,0,0
C109,fleet_reduction,3,0.00019096666680222066,0.03815758479113842,0.00019096666680222066,0,0.0,30,0,0,0,0,0,0,0
C109,perturbation,3,0.0003229000000525654,0.06451955379115978,0.04450236666646864,0,0.0,0,0,0,0,0,0,0,0
C109,repair,3,0.04417946666641607,8.82762302751488,0.04417946666641607,4640,35008.72200076596,4760,67,4394,0,4394,239,0,0
C109,local_search,3,0.3709869333339763,74.12793867191802,0.3709869333339763,18098,16261.129772017697,69318,20,17660,7376,17449,0,0,0
C109,ils_control,3,0.0010360333323357433,0.2070127231470697,0.4165253333327807,0,0.0,150,0,0,0,0,0,0,0
C109,validation,3,0.0003339000001384799,0.06671749463083271,0.0003339000001384799,0,0.0,60,0,0,0,0,0,0,0
C109,other,3,5.833333398186369e-05,0.011655746915601903,5.833333398186369e-05,0,0.0,0,0,0,0,0,0,0,0
C201,construction,3,0.19023460000001555,38.01475698127545,0.19023460000001555,15732,27565.963289536034,16032,300,15297,0,15297,0,0,0
C201,fleet_reduction,3,0.00024993333348296193,0.04994441039576448,0.00024993333348296193,0,0.0,9,0,0,0,0,0,0,0
C201,perturbation,3,8.216666689501532e-05,0.016419441436916118,0.02289563333336749,0,0.0,0,0,0,0,0,0,0,0
C201,repair,3,0.022813466666472475,4.558836253900754,0.022813466666472475,1302,19023.8514095634,1311,13,1283,0,1283,0,0,0
C201,local_search,3,0.2862549000001309,57.20258280146405,0.2862549000001309,5934,6909.925384680212,19813,0,5928,0,5928,0,0,0
C201,ils_control,3,0.000415433333121958,0.08301642919085798,0.30956596666662034,0,0.0,18,0,0,0,0,0,0,0
C201,validation,3,0.00031803333331481554,0.06355289667550855,0.00031803333331481554,0,0.0,18,0,0,0,0,0,0,0
C201,other,3,5.449999995713976e-05,0.010890785660705367,5.449999995713976e-05,0,0.0,0,0,0,0,0,0,0,0
C202,construction,3,0.18265316666656872,36.49220217877921,0.18265316666656872,15732,28710.15102395056,16032,300,13515,0,13515,0,0,0
C202,fleet_reduction,3,0.000183133333545508,0.03658813452501546,0.000183133333545508,0,0.0,9,0,0,0,0,0,0,0
C202,perturbation,3,8.236666690208949e-05,0.01645600301510325,0.021849666666639678,0,0.0,0,0,0,0,0,0,0,0
C202,repair,3,0.021767299999737588,4.348880049403235,0.021767299999737588,1302,19938.16412716469,1311,13,1249,0,1249,0,0,0
C202,local_search,3,0.2950404999998379,58.946021979332215,0.2950404999998379,5994,6771.951647319937,20028,3,5796,0,5796,0,0,0
C202,ils_control,3,0.0004188666665262038,0.08368520162986708,0.31730903333300375,0,0.0,18,0,0,0,0,0,0,0
C202,validation,3,0.00032380000053914654,0.06469187094212084,0.00032380000053914654,0,0.0,18,0,0,0,0,0,0,0
C202,other,3,5.7433333192117665e-05,0.011474582373236009,5.7433333192117665e-05,0,0.0,0,0,0,0,0,0,0,0
C203,construction,3,0.17182179999993727,34.331202924206565,0.17182179999993727,15705,30467.612375157933,16005,300,11964,0,11964,0,0,0
C203,fleet_reduction,3,0.0007241666668657368,0.1446935883055758,0.16147823333358247,0,0.0,39,0,0,0,0,0,3,0
C203,perturbation,3,0.00010599999950500205,0.02117954469673435,0.02819333333263785,0,0.0,0,0,0,0,0,0,0,0
C203,repair,3,0.18884139999984959,37.73183859026308,0.18884139999984959,17510,30907.770577168543,17531,310,12604,0,12604,3,0,0
C203,local_search,3,0.13813853333279744,27.601049572884655,0.13813853333279744,2988,7210.153285763354,9954,4,2834,35,2834,0,0,0
C203,ils_control,3,0.00047363333457421203,0.09463526817285019,0.1668055000000095,0,0.0,21,0,0,0,0,0,0,0
C203,validation,3,0.0003157333330818801,0.06308573841022551,0.0003157333330818801,0,0.0,21,0,0,0,0,0,0,0
C203,other,3,6.163333334067526e-05,0.012314773060314588,6.163333334067526e-05,0,0.0,0,0,0,0,0,0,0,0
C204,construction,3,0.18387693333291585,36.74053948955834,0.18387693333291585,15558,28203.646351935615,15858,300,11955,0,11955,0,0,0
C204,fleet_reduction,3,0.0007730666663216349,0.15446682662814915,0.15535879999970348,0,0.0,39,0,0,0,0,0,3,0
C204,perturbation,3,7.896666678182858e-05,0.01577836810016675,0.018761566666701885,0,0.0,0,0,0,0,0,0,0,0
C204,repair,3,0.1732683333333019,34.620829963464274,0.1732683333333019,16980,32666.095939829513,16998,304,11001,0,11001,1,0,0
C204,local_search,3,0.14170996666689462,28.31513736941914,0.14170996666689462,3147,7402.443347303819,10460,1,2991,0,2991,0,0,0
C204,ils_control,3,0.0003957666667702142,0.07907833019379056,0.16086730000036673,0,0.0,18,0,0,0,0,0,0,0
C204,validation,3,0.0003103333334972073,0.06200785431654456,0.0003103333334972073,0,0.0,21,0,0,0,0,0,0,0
C204,other,3,6.0866666899528354e-05,0.012161798319591613,6.0866666899528354e-05,0,0.0,0,0,0,0,0,0,0,0
C205,construction,3,0.17075230000015532,34.11515990691313,0.17075230000015532,15948,31132.81636613483,16248,300,14961,0,14961,0,0,0
C205,fleet_reduction,3,0.0007226333336802782,0.14437727475732964,0.19024130000010095,0,0.0,39,0,0,0,0,0,3,0
C205,perturbation,3,0.000104533333190678,0.020885056174349426,0.03133686666660651,0,0.0,0,0,0,0,0,0,0,0
C205,repair,3,0.2207509999998365,44.10456353793508,0.2207509999998365,17516,26449.106308333783,17537,309,16383,0,16383,0,0,0
C205,local_search,3,0.1073449666664601,21.44680161277602,0.1073449666664601,2268,7042.714935568674,7526,4,2209,0,2209,0,0,0
C205,ils_control,3,0.0004643333334873508,0.09277067378897141,0.13914616666655397,0,0.0,21,0,0,0,0,0,0,0
C205,validation,3,0.00031426666646439116,0.0627883640796375,0.00031426666646439116,0,0.0,21,0,0,0,0,0,0,0
C205,other,3,6.333333324922326e-05,0.012653573575483927,6.333333324922326e-05,0,0.0,0,0,0,0,0,0,0,0
C206,construction,3,0.1856262333333992,37.09386525666478,0.1856262333333992,15759,28298.8018755151,16059,300,14838,0,14838,0,0,0
C206,fleet_reduction,3,0.0008512666663591517,0.17010942070188023,0.22066189999986818,0,0.0,42,0,0,0,0,0,4,1
C206,perturbation,3,0.00010236666670001189,0.020456027540698578,0.028714733333193482,0,0.0,0,0,0,0,0,0,0,0
C206,repair,3,0.2484230000000025,49.6426023583947,0.2484230000000025,20904,28048.932667264824,20928,385,18558,0,18558,0,0,1
C206,local_search,3,0.06459359999947385,12.907800001091092,0.06459359999947385,1385,7147.250914493497,4612,4,1330,0,1330,0,0,0
C206,ils_control,3,0.00045093333422604093,0.09011043341851688,0.09375926666689338,0,0.0,21,0,0,0,0,0,0,0
C206,validation,3,0.0003153333333708967,0.06301335737382761,0.0003153333333708967,0,0.0,21,0,0,0,0,0,0,0
C206,other,3,6.026666657514094e-05,0.012043144814512538,6.026666657514094e-05,0,0.0,0,0,0,0,0,0,0,0
C207,construction,3,0.1868664333333072,37.342563694753984,0.1868664333333072,15705,28014.6621660109,16005,300,14646,0,14646,0,0,0
C207,fleet_reduction,3,0.0007929666665707676,0.1584629605543912,0.18583559999994273,0,0.0,39,0,0,0,0,0,3,0
C207,perturbation,3,0.0001544666674817563,0.030867937415305417,0.04575406666693501,0,0.0,0,0,0,0,0,0,0,0
C207,repair,3,0.23064223333282521,46.09052645409586,0.23064223333282521,18578,26849.66485617758,18605,320,16233,0,16233,1,0,0
C207,local_search,3,0.08097223333334114,16.181133908429047,0.08097223333334114,1767,7274.098487258511,5892,6,1691,0,1691,0,0,0
C207,ils_control,3,0.0005691999998210425,0.11374641699538801,0.12729550000009718,0,0.0,27,0,0,0,0,0,0,0
C207,validation,3,0.0003525333334740329,0.07044870619592208,0.0003525333334740329,0,0.0,21,0,0,0,0,0,0,0
C207,other,3,6.129999989449668e-05,0.012249921560099922,6.129999989449668e-05,0,0.0,0,0,0,0,0,0,0,0
C208,construction,3,0.1915561000002223,35.27417903063485,0.1915561000002223,15693,27307.927025001707,15993,300,14583,0,14583,0,0,0
C208,fleet_reduction,3,0.0007373333337454824,0.13577655851086337,0.30594043333348964,0,0.0,39,0,0,0,0,0,5,3
C208,perturbation,3,5.816666695560949e-05,0.010711125481282507,0.012430233333361684,0,0.0,0,0,0,0,0,0,0,0
C208,repair,3,0.3175751666661502,58.48001334675577,0.3175751666661502,26586,27905.204594653165,26607,486,22066,0,22066,0,0,3
C208,local_search,3,0.03241793333351476,5.969614041047285,0.03241793333351476,718,7382.744941544512,2414,2,669,0,669,0,0,0
C208,ils_control,3,0.0003242999997989197,0.059718360587465824,0.04517246666667537,0,0.0,16,0,0,0,0,0,0,0
C208,validation,3,0.00032160000015816575,0.0592211680119723,0.00032160000015816575,0,0.0,22,0,0,0,0,0,0,0
C208,other,3,5.84666662083085e-05,0.01076636897052012,5.84666662083085e-05,0,0.0,0,0,0,0,0,0,0,0
R101,construction,3,0.06085616666617474,11.46890655063927,0.06085616666617474,20262,110983.0009019288,20562,300,18930,0,18930,0,0,0
R101,fleet_reduction,3,0.030025933334097015,5.658664394579573,0.4690846333335988,0,0.0,1208,0,0,0,0,0,45,41
R101,perturbation,3,0.0,0.0,0.0,0,0,0,0,0,0,0,0,0,0
R101,repair,3,0.4390586999995018,82.74466625809194,0.4390586999995018,158868,120612.5741274688,159833,2224,143498,0,143498,0,0,41
R101,local_search,3,0.0,0.0,0.0,0,0,0,0,0,0,0,0,0,0
R101,ils_control,3,0.00024329999996552942,0.04585213161193334,0.00024329999996552942,0,0.0,65,0,0,0,0,0,0,0
R101,validation,3,0.00037773333375904866,0.0711873347151176,0.00037773333375904866,0,0.0,134,0,0,0,0,0,0,0
R101,other,3,5.689999973886491e-05,0.01072333036216624,5.689999973886491e-05,0,0.0,0,0,0,0,0,0,0,0
R102,construction,3,0.06512093333337059,12.548218517002898,0.06512093333337059,19713,100904.5734397169,20013,300,16872,90,16863,0,0,0
R102,fleet_reduction,3,0.025743133334799495,4.9604704027156785,0.45316963333304255,0,0.0,1060,0,0,0,0,0,48,45
R102,perturbation,3,0.0,0.0,0.0,0,0,0,0,0,0,0,0,0,0
R102,repair,3,0.42742649999824306,82.36124464738361,0.42742649999824306,146669,114381.45895696133,147555,2285,114431,0,114431,1,0,45
R102,local_search,3,0.0,0.0,0.0,0,0,0,0,0,0,0,0,0,0
R102,ils_control,3,0.00024816666640011437,0.04781948598130783,0.00024816666640011437,0,0.0,57,0,0,0,0,0,0,0
R102,validation,3,0.0003724999999879704,0.07177740179957427,0.0003724999999879704,0,0.0,117,0,0,0,0,0,0,0
R102,other,3,5.4333334143545166e-05,0.01046954511693346,5.4333334143545166e-05,0,0.0,0,0,0,0,0,0,0,0
R103,construction,3,0.07192653333307437,14.035079959673672,0.07192653333307437,18513,85795.87690433503,18813,300,16212,234,16197,0,0,0
R103,fleet_reduction,3,0.020129700000021938,3.9279238964049634,0.4399316000002121,0,0.0,887,0,0,0,0,0,65,65
R103,perturbation,3,0.0,0.0,0.0,0,0,0,0,0,0,0,0,0,0
R103,repair,3,0.4198019000001902,81.91626873550807,0.4198019000001902,135670,107725.41366133133,136515,2705,91585,0,91585,174,0,65
R103,local_search,3,0.0,0.0,0.0,0,0,0,0,0,0,0,0,0,0
R103,ils_control,3,0.0002256666666653473,0.044034510828075184,0.0002256666666653473,0,0.0,42,0,0,0,0,0,0,0
R103,validation,3,0.0003417999999631623,0.06669569778213574,0.0003417999999631623,0,0.0,84,0,0,0,0,0,0,0
R103,other,3,5.123333297281837e-05,0.009997199803086299,5.123333297281837e-05,0,0.0,0,0,0,0,0,0,0,0
R104,construction,3,0.0864844999999453,16.724249434882662,0.0864844999999453,17535,67584.36482842239,17835,300,16068,471,16068,0,0,0
R104,fleet_reduction,3,0.00616986666561085,1.1931200283947863,0.4299797666665957,0,0.0,339,0,0,0,0,0,23,20
R104,perturbation,3,0.0,0.0,0.0,0,0,0,0,0,0,0,0,0,0
R104,repair,3,0.4238099000009849,81.95575485310815,0.4238099000009849,98767,77681.84115863463,99004,1702,73482,0,73482,151,0,20
R104,local_search,3,0.0,0.0,0.0,0,0,0,0,0,0,0,0,0,0
R104,ils_control,3,0.00023936666669518067,0.046288385088763345,0.00023936666669518067,0,0.0,33,0,0,0,0,0,0,0
R104,validation,3,0.0003563666662860972,0.06891367837300383,0.0003563666662860972,0,0.0,69,0,0,0,0,0,0,0
R104,other,3,6.0366667336590275e-05,0.011673620152632647,6.0366667336590275e-05,0,0.0,0,0,0,0,0,0,0,0
R105,construction,3,0.06605226666670205,12.753508719659326,0.06605226666670205,19077,96272.2450099607,19377,300,17925,0,17925,0,0,0
R105,fleet_reduction,3,0.01790149999881881,3.456458768961673,0.4512047999999898,0,0.0,816,0,0,0,0,0,41,38
R105,perturbation,3,0.0,0.0,0.0,0,0,0,0,0,0,0,0,0,0
R105,repair,3,0.433303300001171,83.66310035516018,0.433303300001171,137086,105458.07828652549,137746,2211,121212,0,121212,0,0,38
R105,local_search,3,0.0,0.0,0.0,0,0,0,0,0,0,0,0,0,0
R105,ils_control,3,0.00024276666651227666,0.04687389175953522,0.00024276666651227666,0,0.0,51,0,0,0,0,0,0,0
R105,validation,3,0.0003598333332774928,0.06947736671529,0.0003598333332774928,0,0.0,105,0,0,0,0,0,0,0
R105,other,3,5.480000011933347e-05,0.010580897743991785,5.480000011933347e-05,0,0.0,0,0,0,0,0,0,0,0
R106,construction,3,0.06898323333340765,13.483872073289584,0.06898323333340765,18807,90877.15517335729,19107,300,16878,66,16875,0,0,0
R106,fleet_reduction,3,0.014512699999916853,2.8367384476039024,0.4419706333337672,0,0.0,743,0,0,0,0,0,40,35
R106,perturbation,3,0.0,0.0,0.0,0,0,0,0,0,0,0,0,0,0
R106,repair,3,0.42745793333385035,83.55346380951761,0.42745793333385035,127253,99232.37670626622,127802,2202,102229,0,102229,78,0,35
R106,local_search,3,0.0,0.0,0.0,0,0,0,0,0,0,0,0,0,0
R106,ils_control,3,0.00023596666687808465,0.046123444727021165,0.00023596666687808465,0,0.0,43,0,0,0,0,0,0,0
R106,validation,3,0.0003520666665887499,0.06881703950593432,0.0003520666665887499,0,0.0,91,0,0,0,0,0,0,0
R106,other,3,5.619999956252286e-05,0.01098518535594648,5.619999956252286e-05,0,0.0,0,0,0,0,0,0,0,0
R107,construction,3,0.07545863333355858,14.298751284240627,0.07545863333355858,17889,79023.4296139589,18189,300,16689,36,16683,0,0,0
R107,fleet_reduction,3,0.008882733333242262,1.6832003051899826,0.4516347333331699,0,0.0,525,0,0,0,0,0,31,26
R107,perturbation,3,0.0,0.0,0.0,0,0,0,0,0,0,0,0,0,0
R107,repair,3,0.44275199999992765,83.89763303311227,0.44275199999992765,116299,87557.66960587342,116656,2014,89783,0,89783,176,0,26
R107,local_search,3,0.0,0.0,0.0,0,0,0,0,0,0,0,0,0,0
R107,ils_control,3,0.00023086666684927573,0.04374721490789762,0.00023086666684927573,0,0.0,37,0,0,0,0,0,0,0
R107,validation,3,0.00034889999975954805,0.06611349953266005,0.00034889999975954805,0,0.0,79,0,0,0,0,0,0,0
R107,other,3,5.569999999958478e-05,0.010554663016565213,5.569999999958478e-05,0,0.0,0,0,0,0,0,0,0,0
R108,construction,3,0.08068370000000868,15.316205921263249,0.08068370000000868,17421,71972.40582669579,17721,300,16305,0,16305,0,0,0
R108,fleet_reduction,3,0.006122666666972994,1.1622672666053093,0.44548210000023875,0,0.0,396,0,0,0,0,0,21,15
R108,perturbation,3,0.0,0.0,0.0,0,0,0,0,0,0,0,0,0,0
R108,repair,3,0.43935943333326577,83.40370551153588,0.43935943333326577,100672,76377.8601013426,100891,1667,77863,0,77863,138,0,15
R108,local_search,3,0.0,0.0,0.0,0,0,0,0,0,0,0,0,0,0
R108,ils_control,3,0.00022493333350818526,0.04269914808774483,0.00022493333350818526,0,0.0,33,0,0,0,0,0,0,0
R108,validation,3,0.00033629999992020504,0.06383990880559667,0.00033629999992020504,0,0.0,72,0,0,0,0,0,0,0
R108,other,3,5.9433332959694475e-05,0.01128224370222963,5.9433332959694475e-05,0,0.0,0,0,0,0,0,0,0,0
R109,construction,3,0.06557243333342437,12.600555374938088,0.06557243333342437,19032,96747.97285227876,19332,300,17694,0,17694,0,0,0
R109,fleet_reduction,3,0.013155299999501343,2.5279538624830082,0.45416806666647364,0,0.0,920,0,0,0,0,0,29,16
R109,perturbation,3,0.0,0.0,0.0,0,0,0,0,0,0,0,0,0,0
R109,repair,3,0.4410127666669723,84.7460663719071,0.4410127666669723,128657,97243.5945353289,129096,1936,105090,0,105090,6,0,16
R109,local_search,3,0.0,0.0,0.0,0,0,0,0,0,0,0,0,0,0
R109,ils_control,3,0.0002358666667229651,0.04532470192210847,0.0002358666667229651,0,0.0,44,0,0,0,0,0,0,0
R109,validation,3,0.0003577666666387813,0.0687492970005595,0.0003577666666387813,0,0.0,101,0,0,0,0,0,0,0
R109,other,3,5.9066666835860815e-05,0.011350391749133147,5.9066666835860815e-05,0,0.0,0,0,0,0,0,0,0,0
R110,construction,3,0.07395006666653596,13.950701027573738,0.07395006666653596,17940,80865.3767273219,18240,300,17115,0,17115,0,0,0
R110,fleet_reduction,3,0.009648999999929705,1.8202865836629796,0.45549403333310085,0,0.0,522,0,0,0,0,0,26,21
R110,perturbation,3,0.0,0.0,0.0,0,0,0,0,0,0,0,0,0,0
R110,repair,3,0.44584503333317116,84.1087918514932,0.44584503333317116,115108,86059.79760833332,115449,1835,90943,0,90943,32,0,21
R110,local_search,3,0.0,0.0,0.0,0,0,0,0,0,0,0,0,0,0
R110,ils_control,3,0.00022026666708067447,0.04155336914893075,0.00022026666708067447,0,0.0,40,0,0,0,0,0,0,0
R110,validation,3,0.0003557666668712045,0.06711548249817267,0.0003557666668712045,0,0.0,85,0,0,0,0,0,0,0
R110,other,3,6.123333302336202e-05,0.011551685622987374,6.123333302336202e-05,0,0.0,0,0,0,0,0,0,0,0
R111,construction,3,0.07785473333296977,15.10650619745237,0.07785473333296977,17940,76809.71655794755,18240,300,16464,60,16464,0,0,0
R111,fleet_reduction,3,0.009546766665456138,1.8524023347501668,0.4368936000000758,0,0.0,465,0,0,0,0,0,33,31
R111,perturbation,3,0.0,0.0,0.0,0,0,0,0,0,0,0,0,0,0
R111,repair,3,0.4273468333346197,82.92003979541245,0.4273468333346197,113702,88688.30586838539,114080,2027,88749,0,88749,67,0,31
R111,local_search,3,0.0,0.0,0.0,0,0,0,0,0,0,0,0,0,0
R111,ils_control,3,0.00022096666665068673,0.04287516219357991,0.00022096666665068673,0,0.0,37,0,0,0,0,0,0,0
R111,validation,3,0.000343833333014724,0.06671553743384331,0.000343833333014724,0,0.0,76,0,0,0,0,0,0,0
R111,other,3,5.9066667442190614e-05,0.011460972757586277,5.9066667442190614e-05,0,0.0,0,0,0,0,0,0,0,0
R112,construction,3,0.0735610999997031,13.771286734850724,0.0735610999997031,17682,80123.86981738702,17982,300,16872,0,16872,0,0,0
R112,fleet_reduction,3,0.007731733334670328,1.4474486747693875,0.45997770000000554,0,0.0,505,0,0,0,0,0,22,15
R112,perturbation,3,0.0,0.0,0.0,0,0,0,0,0,0,0,0,0,0
R112,repair,3,0.4522459666653352,84.66443380609059,0.4522459666653352,115579,85188.89315345306,115853,1773,83331,0,83331,106,0,15
R112,local_search,3,0.0,0.0,0.0,0,0,0,0,0,0,0,0,0,0
R112,ils_control,3,0.0002179333335637542,0.04079904223292528,0.0002179333335637542,0,0.0,38,0,0,0,0,0,0,0
R112,validation,3,0.0003473666668772542,0.0650301038417771,0.0003473666668772542,0,0.0,83,0,0,0,0,0,0,0
R112,other,3,5.8766666067337305e-05,0.011001638214596992,5.8766666067337305e-05,0,0.0,0,0,0,0,0,0,0,0
R201,construction,3,0.13997389999985899,26.29419751673892,0.13997389999985899,16104,38350.006679855374,16404,300,14661,0,14661,0,0,0
R201,fleet_reduction,3,0.002503733332559932,0.4703281024222383,0.3917581666667805,0,0.0,132,0,0,0,0,0,26,24
R201,perturbation,3,0.0,0.0,0.0,0,0,0,0,0,0,0,0,0,0
R201,repair,3,0.38925443333422055,73.12172450983068,0.38925443333422055,53949,46198.57465967378,54050,1394,46078,0,46078,0,0,24
R201,local_search,3,0.0,0.0,0.0,0,0,0,0,0,0,0,0,0,0
R201,ils_control,3,0.00021813333326766346,0.040976503119012596,0.00021813333326766346,0,0.0,13,0,0,0,0,0,0,0
R201,validation,3,0.00032990000030016137,0.06197195169008945,0.00032990000030016137,0,0.0,28,0,0,0,0,0,0,0
R201,other,3,5.7499999760087427e-05,0.010801416199060698,5.7499999760087427e-05,0,0.0,0,0,0,0,0,0,0,0
R202,construction,3,0.15838749999996557,29.769421021116244,0.15838749999996557,15900,33462.23660327458,16200,300,13878,0,13878,0,0,0
R202,fleet_reduction,3,0.002842633333481596,0.5342817363307784,0.3730467333334673,0,0.0,141,0,0,0,0,0,43,43
R202,perturbation,3,0.0,0.0,0.0,0,0,0,0,0,0,0,0,0,0
R202,repair,3,0.37020409999998566,69.58100681332422,0.37020409999998566,54264,48859.534510829835,54393,1794,39198,0,39198,0,0,43
R202,local_search,3,0.0,0.0,0.0,0,0,0,0,0,0,0,0,0,0
R202,ils_control,3,0.0002324666666027042,0.04369282974649432,0.0002324666666027042,0,0.0,12,0,0,0,0,0,0,0
R202,validation,3,0.0003238000002359816,0.06085921258725955,0.0003238000002359816,0,0.0,24,0,0,0,0,0,0,0
R202,other,3,5.7133333333088863e-05,0.010738386895006656,5.7133333333088863e-05,0,0.0,0,0,0,0,0,0,0,0
R203,construction,3,0.17630749999989348,33.45996845444773,0.17630749999989348,15672,29630.049771014597,15972,300,11301,0,11301,0,0,0
R203,fleet_reduction,3,0.0019232999990587512,0.3650074857676732,0.3500143666669828,0,0.0,95,0,0,0,0,0,43,43
R203,perturbation,3,0.0,0.0,0.0,0,0,0,0,0,0,0,0,0,0
R203,repair,3,0.34809106666792405,66.06137634525382,0.34809106666792405,41362,39608.40898708364,41448,1533,19432,0,19432,0,0,43
R203,local_search,3,0.0,0.0,0.0,0,0,0,0,0,0,0,0,0,0
R203,ils_control,3,0.00022390000018882952,0.042492162518744825,0.00022390000018882952,0,0.0,9,0,0,0,0,0,0,0
R203,validation,3,0.0003208333340201837,0.06088835265350099,0.0003208333340201837,0,0.0,18,0,0,0,0,0,0,0
R203,other,3,5.409999873033181e-05,0.010267199358527905,5.409999873033181e-05,0,0.0,0,0,0,0,0,0,0,0
R204,construction,3,0.21638130000004216,37.867838921084584,0.21638130000004216,15501,23879.142975844,15801,300,13275,0,13275,0,0,0
R204,fleet_reduction,3,0.0006389000000126543,0.11181078164867028,0.3544311333331886,0,0.0,27,0,0,0,0,0,9,9
R204,perturbation,3,0.0,0.0,0.0,0,0,0,0,0,0,0,0,0,0
R204,repair,3,0.35379223333317594,61.91545805200758,0.35379223333317594,29027,27348.44282902848,29045,674,15754,0,15754,0,0,9
R204,local_search,3,0.0,0.0,0.0,0,0,0,0,0,0,0,0,0,0
R204,ils_control,3,0.00022199999997004247,0.03885114027572952,0.00022199999997004247,0,0.0,9,0,0,0,0,0,0,0
R204,validation,3,0.0003191666664861259,0.055855806002985404,0.0003191666664861259,0,0.0,18,0,0,0,0,0,0,0
R204,other,3,5.8200000239594374e-05,0.010185298980455402,5.8200000239594374e-05,0,0.0,0,0,0,0,0,0,0,0
R205,construction,3,0.1658865333332263,30.328873462969646,0.1658865333332263,15807,31762.67472788669,16107,300,14217,0,14217,0,0,0
R205,fleet_reduction,3,0.0017910666668588722,0.32745897579152855,0.38048576666642475,0,0.0,86,0,0,0,0,0,23,21
R205,perturbation,3,0.0,0.0,0.0,0,0,0,0,0,0,0,0,0,0
R205,repair,3,0.3786946999995659,69.23638348818045,0.3786946999995659,42412,37331.74331024316,42474,1181,33993,0,33993,0,0,21
R205,local_search,3,0.0,0.0,0.0,0,0,0,0,0,0,0,0,0,0
R205,ils_control,3,0.0002146666668825977,0.03924729781121852,0.0002146666668825977,0,0.0,10,0,0,0,0,0,0,0
R205,validation,3,0.0003168333332723705,0.057926330007548224,0.0003168333332723705,0,0.0,22,0,0,0,0,0,0,0
R205,other,3,5.5300000288601346e-05,0.010110445239615134,5.5300000288601346e-05,0,0.0,0,0,0,0,0,0,0,0
R206,construction,3,0.17593730000013844,32.94617148904329,0.17593730000013844,15657,29663.9768826502,15957,300,13392,0,13392,0,0,0
R206,fleet_reduction,3,0.0025247000003219,0.4727775131761571,0.35748620000049414,0,0.0,131,0,0,0,0,0,61,61
R206,perturbation,3,0.0,0.0,0.0,0,0,0,0,0,0,0,0,0,0
R206,repair,3,0.35496150000017224,66.47039855110037,0.35496150000017224,47152,44278.98049035094,47274,2011,29844,0,29844,0,0,61
R206,local_search,3,0.0,0.0,0.0,0,0,0,0,0,0,0,0,0,0
R206,ils_control,3,0.00022190000011808783,0.04155318660286076,0.00022190000011808783,0,0.0,9,0,0,0,0,0,0,0
R206,validation,3,0.0003136000001783638,0.05872500819799013,0.0003136000001783638,0,0.0,18,0,0,0,0,0,0,0
R206,other,3,5.539999892789638e-05,0.010374251879333446,5.539999892789638e-05,0,0.0,0,0,0,0,0,0,0,0
R207,construction,3,0.2106764333332952,40.04310643308661,0.2106764333332952,15525,24563.73462433278,15825,300,12918,0,12918,0,0,0
R207,fleet_reduction,3,0.0009538333336725676,0.18129436261744522,0.3148300000002564,0,0.0,47,0,0,0,0,0,7,4
R207,perturbation,3,0.0,0.0,0.0,0,0,0,0,0,0,0,0,0,0
R207,repair,3,0.31387616666658386,59.65819977954278,0.31387616666658386,27082,28760.811721403024,27099,572,19755,0,19755,0,0,4
R207,local_search,3,0.0,0.0,0.0,0,0,0,0,0,0,0,0,0,0
R207,ils_control,3,0.0002281666669053569,0.04336746157516185,0.0002281666669053569,0,0.0,9,0,0,0,0,0,0,0
R207,validation,3,0.00032949999967968324,0.06262780961362685,0.00032949999967968324,0,0.0,21,0,0,0,0,0,0,0
R207,other,3,6.000000030326191e-05,0.011404153564379915,6.000000030326191e-05,0,0.0,0,0,0,0,0,0,0,0
R208,construction,3,0.2316951666668198,40.609999335728716,0.2316951666668198,15423,22188.637225190003,15723,300,11169,0,11169,0,0,0
R208,fleet_reduction,3,0.0005050666668466874,0.0885247512937436,0.338210333333033,0,0.0,21,0,0,0,0,0,6,6
R208,perturbation,3,0.0,0.0,0.0,0,0,0,0,0,0,0,0,0,0
R208,repair,3,0.33770526666618633,59.19074986448509,0.33770526666618633,24569,24250.92965684174,24581,515,11823,0,11823,0,0,6
R208,local_search,3,0.0,0.0,0.0,0,0,0,0,0,0,0,0,0,0
R208,ils_control,3,0.00023346666663807505,0.04092049615657682,0.00023346666663807505,0,0.0,9,0,0,0,0,0,0,0
R208,validation,3,0.00033820000013899215,0.059277463481739345,0.00033820000013899215,0,0.0,18,0,0,0,0,0,0,0
R208,other,3,6.006666687123167e-05,0.010528088854127489,6.006666687123167e-05,0,0.0,0,0,0,0,0,0,0,0
R209,construction,3,0.16832956666682244,30.40596056868308,0.16832956666682244,15762,31212.57960818809,16062,300,14067,0,14067,0,0,0
R209,fleet_reduction,3,0.0016990999996172225,0.3069143978304637,0.3846796666663674,0,0.0,82,0,0,0,0,0,21,18
R209,perturbation,3,0.0,0.0,0.0,0,0,0,0,0,0,0,0,0,0
R209,repair,3,0.3829805666667501,69.17912425741603,0.3829805666667501,39814,34652.75914347205,39866,1075,30356,0,30356,0,0,18
R209,local_search,3,0.0,0.0,0.0,0,0,0,0,0,0,0,0,0,0
R209,ils_control,3,0.00020980000014484781,0.037896910554878024,0.00020980000014484781,0,0.0,9,0,0,0,0,0,0,0
R209,validation,3,0.00032823333397876314,0.05928993942008853,0.00032823333397876314,0,0.0,21,0,0,0,0,0,0,0
R209,other,3,5.9866666257827696e-05,0.01081392609544927,5.9866666257827696e-05,0,0.0,0,0,0,0,0,0,0,0
R210,construction,3,0.17909806666678682,34.348716563304855,0.17909806666678682,15702,29224.212731106098,16002,300,13182,0,13182,0,0,0
R210,fleet_reduction,3,0.0032134999989163284,0.616308163975435,0.3417227999998431,0,0.0,171,0,0,0,0,0,81,81
R210,perturbation,3,0.0,0.0,0.0,0,0,0,0,0,0,0,0,0,0
R210,repair,3,0.33850930000092677,64.92175050335607,0.33850930000092677,49324,48569.81280363145,49486,2269,32062,0,32062,0,0,81
R210,local_search,3,0.0,0.0,0.0,0,0,0,0,0,0,0,0,0,0
R210,ils_control,3,0.00021996666691848077,0.0421867909351304,0.00021996666691848077,0,0.0,9,0,0,0,0,0,0,0
R210,validation,3,0.00031803333301165065,0.06099472214641255,0.00031803333301165065,0,0.0,18,0,0,0,0,0,0,0
R210,other,3,5.236666644729363e-05,0.010043256282100246,5.236666644729363e-05,0,0.0,0,0,0,0,0,0,0,0
R211,construction,3,0.1969858666664853,38.144475692979256,0.1969858666664853,15576,26357.220890321645,15876,300,13302,0,13302,0,0,0
R211,fleet_reduction,3,0.0013214999986909486,0.25589614844644737,0.31882813333262067,0,0.0,61,0,0,0,0,0,26,26
R211,perturbation,3,0.0,0.0,0.0,0,0,0,0,0,0,0,0,0,0
R211,repair,3,0.31750663333392976,61.48219799987467,0.31750663333392976,36140,37941.46452996112,36192,1245,22204,0,22204,0,0,26
R211,local_search,3,0.0,0.0,0.0,0,0,0,0,0,0,0,0,0,0
R211,ils_control,3,0.00022463333334599156,0.04349814973353573,0.00022463333334599156,0,0.0,9,0,0,0,0,0,0,0
R211,validation,3,0.00032716666646592785,0.06335277331186262,0.00032716666646592785,0,0.0,18,0,0,0,0,0,0,0
R211,other,3,5.463333460890377e-05,0.01057923565422114,5.463333460890377e-05,0,0.0,0,0,0,0,0,0,0,0
RC101,construction,3,0.06980659999984103,13.668329337183001,0.06980659999984103,19404,92655.99527859442,19704,300,18264,0,18264,0,0,0
RC101,fleet_reduction,3,0.01838453333311918,3.5997435243668066,0.4401991333334081,0,0.0,862,0,0,0,0,0,34,29
RC101,perturbation,3,0.0,0.0,0.0,0,0,0,0,0,0,0,0,0,0
RC101,repair,3,0.4218146000002889,82.59248942147579,0.4218146000002889,128636,101652.87466730003,129252,1911,114920,0,114920,42,0,29
RC101,local_search,3,0.0,0.0,0.0,0,0,0,0,0,0,0,0,0,0
RC101,ils_control,3,0.00024593333334147854,0.048154440914042404,0.00024593333334147854,0,0.0,55,0,0,0,0,0,0,0
RC101,validation,3,0.0004048333336565217,0.07926750953490974,0.0004048333336565217,0,0.0,115,0,0,0,0,0,0,0
RC101,other,3,6.136666646246643e-05,0.012015766525456965,6.136666646246643e-05,0,0.0,0,0,0,0,0,0,0,0
RC102,construction,3,0.0679024666666616,12.833279889525238,0.0679024666666616,18933,92942.13170459893,19233,300,17187,171,17181,0,0,0
RC102,fleet_reduction,3,0.01575109999976121,2.9768914855059507,0.4605610333334577,0,0.0,729,0,0,0,0,0,38,35
RC102,perturbation,3,0.0,0.0,0.0,0,0,0,0,0,0,0,0,0,0
RC102,repair,3,0.4448099333336965,84.06720186079862,0.4448099333336965,129949,97381.66818508842,130533,2153,106868,0,106868,408,0,35
RC102,local_search,3,0.0,0.0,0.0,0,0,0,0,0,0,0,0,0,0
RC102,ils_control,3,0.0002366666664480969,0.04472900205465633,0.0002366666664480969,0,0.0,48,0,0,0,0,0,0,0
RC102,validation,3,0.0003578000002259311,0.0676226913804591,0.0003578000002259311,0,0.0,99,0,0,0,0,0,0,0
RC102,other,3,5.4366666518035345e-05,0.010275070735081007,5.4366666518035345e-05,0,0.0,0,0,0,0,0,0,0,0
RC103,construction,3,0.07844913333307584,14.828251852285907,0.07844913333307584,17982,76406.19781675524,18282,300,16899,708,16890,0,0,0
RC103,fleet_reduction,3,0.01148656666585642,2.171161059437454,0.44995816666626826,0,0.0,517,0,0,0,0,0,39,38
RC103,perturbation,3,0.0,0.0,0.0,0,0,0,0,0,0,0,0,0,0
RC103,repair,3,0.43847160000041185,82.8787653685855,0.43847160000041185,115068,87476.58913362684,115522,2214,89917,0,89917,692,0,38
RC103,local_search,3,0.0,0.0,0.0,0,0,0,0,0,0,0,0,0,0
RC103,ils_control,3,0.00023580000045816027,0.04457030492252147,0.00023580000045816027,0,0.0,38,0,0,0,0,0,0,0
RC103,validation,3,0.00035260000004200265,0.06664753811288332,0.00035260000004200265,0,0.0,77,0,0,0,0,0,0,0
RC103,other,3,5.6100000316898026e-05,0.010603876655722736,5.6100000316898026e-05,0,0.0,0,0,0,0,0,0,0,0
RC104,construction,3,0.07642043333332064,14.03637547159066,0.07642043333332064,17661,77034.3708249187,17961,300,16812,24,16812,0,0,0
RC104,fleet_reduction,3,0.007770866667063577,1.4272989241349163,0.4674035000004248,0,0.0,509,0,0,0,0,0,26,19
RC104,perturbation,3,0.0,0.0,0.0,0,0,0,0,0,0,0,0,0,0
RC104,repair,3,0.4596326333333612,84.42213605781812,0.4596326333333612,111062,80544.03447854499,111357,2034,84878,0,84878,1526,0,19
RC104,local_search,3,0.0,0.0,0.0,0,0,0,0,0,0,0,0,0,0
RC104,ils_control,3,0.00021720000010342724,0.039893790455018896,0.00021720000010342724,0,0.0,35,0,0,0,0,0,0,0
RC104,validation,3,0.00034603333309253986,0.06355700402519344,0.00034603333309253986,0,0.0,77,0,0,0,0,0,0,0
RC104,other,3,5.84666662083085e-05,0.010738751976091684,5.84666662083085e-05,0,0.0,0,0,0,0,0,0,0,0
RC105,construction,3,0.06998766666674783,13.702200667559644,0.06998766666674783,18903,90030.1481688587,19203,300,17799,0,17799,0,0,0
RC105,fleet_reduction,3,0.01662850000078227,3.255531362349131,0.440147500000118,0,0.0,707,0,0,0,0,0,38,36
RC105,perturbation,3,0.0,0.0,0.0,0,0,0,0,0,0,0,0,0,0
RC105,repair,3,0.4235189999993357,82.91664232995853,0.4235189999993357,126373,99462.67660577071,126965,2083,106086,0,106086,163,0,36
RC105,local_search,3,0.0,0.0,0.0,0,0,0,0,0,0,0,0,0,0
RC105,ils_control,3,0.0002309333340235753,0.045212178578358166,0.0002309333340235753,0,0.0,49,0,0,0,0,0,0,0
RC105,validation,3,0.0003569666663073197,0.06988701190257844,0.0003569666663073197,0,0.0,100,0,0,0,0,0,0,0
RC105,other,3,5.376666619364793e-05,0.010526449651751094,5.376666619364793e-05,0,0.0,0,0,0,0,0,0,0,0
RC106,construction,3,0.06594193333330622,12.441860128705052,0.06594193333330622,18822,95144.31383574709,19122,300,17826,0,17826,0,0,0
RC106,fleet_reduction,3,0.011522699998143556,2.174091878035995,0.4634184333332693,0,0.0,720,0,0,0,0,0,25,16
RC106,perturbation,3,0.0,0.0,0.0,0,0,0,0,0,0,0,0,0,0
RC106,repair,3,0.4518957333351257,85.26324938784339,0.4518957333351257,121063,89300.09813437777,121441,1822,104203,0,104203,316,0,16
RC106,local_search,3,0.0,0.0,0.0,0,0,0,0,0,0,0,0,0,0
RC106,ils_control,3,0.00022340000001956165,0.042150895681916635,0.00022340000001956165,0,0.0,45,0,0,0,0,0,0,0
RC106,validation,3,0.00036076666704805876,0.06806910540252432,0.00036076666704805876,0,0.0,99,0,0,0,0,0,0,0
RC106,other,3,5.6066666426583346e-05,0.010578604331122638,5.6066666426583346e-05,0,0.0,0,0,0,0,0,0,0,0
RC107,construction,3,0.07177030000032876,14.183335194334214,0.07177030000032876,18291,84951.57467604386,18591,300,17442,48,17442,0,0,0
RC107,fleet_reduction,3,0.010147966666712213,2.0054536873086843,0.43360163333363744,0,0.0,655,0,0,0,0,0,24,15
RC107,perturbation,3,0.0,0.0,0.0,0,0,0,0,0,0,0,0,0,0
RC107,repair,3,0.42345366666692524,83.68343581647781,0.42345366666692524,110085,86656.47008994513,110419,1748,89361,0,89361,445,0,15
RC107,local_search,3,0.0,0.0,0.0,0,0,0,0,0,0,0,0,0,0
RC107,ils_control,3,0.00022976666696195025,0.045406772076908825,0.00022976666696195025,0,0.0,42,0,0,0,0,0,0,0
RC107,validation,3,0.0003574666664765876,0.07064300346265086,0.0003574666664765876,0,0.0,93,0,0,0,0,0,0,0
RC107,other,3,5.933333250141004e-05,0.011725526339732844,5.933333250141004e-05,0,0.0,0,0,0,0,0,0,0,0
RC108,construction,3,0.07282550000005965,13.613667972733634,0.07282550000005965,18003,82402.45518389967,18303,300,17133,0,17133,0,0,0
RC108,fleet_reduction,3,0.010116233333064883,1.8910826802553093,0.46147256666639197,0,0.0,483,0,0,0,0,0,27,24
RC108,perturbation,3,0.0,0.0,0.0,0,0,0,0,0,0,0,0,0,0
RC108,repair,3,0.4513563333333271,84.37450150545301,0.4513563333333271,115667,85421.79165168214,116021,1968,85292,0,85292,981,0,24
RC108,local_search,3,0.0,0.0,0.0,0,0,0,0,0,0,0,0,0,0
RC108,ils_control,3,0.0002374666667795585,0.044390939384227196,0.0002374666667795585,0,0.0,42,0,0,0,0,0,0,0
RC108,validation,3,0.00035073333280403557,0.06556449512547823,0.00035073333280403557,0,0.0,87,0,0,0,0,0,0,0
RC108,other,3,5.7733333960641176e-05,0.010792407048334335,5.7733333960641176e-05,0,0.0,0,0,0,0,0,0,0,0
RC201,construction,3,0.15217269999963415,29.114164132902218,0.15217269999963415,16161,35400.56790746928,16461,300,15054,0,15054,0,0,0
RC201,fleet_reduction,3,0.0031559333322851066,0.6038031856493742,0.3699012000000342,0,0.0,164,0,0,0,0,0,39,38
RC201,perturbation,3,0.0,0.0,0.0,0,0,0,0,0,0,0,0,0,0
RC201,repair,3,0.3667452666677491,70.16686888486245,0.3667452666677491,56073,50964.529603412746,56214,1661,48378,0,48378,0,0,38
RC201,local_search,3,0.0,0.0,0.0,0,0,0,0,0,0,0,0,0,0
RC201,ils_control,3,0.0002203999996102842,0.042167627725346435,0.0002203999996102842,0,0.0,14,0,0,0,0,0,0,0
RC201,validation,3,0.0003275000002152713,0.06265833989812787,0.0003275000002152713,0,0.0,29,0,0,0,0,0,0,0
RC201,other,3,5.403333367818656e-05,0.01033782896247736,5.403333367818656e-05,0,0.0,0,0,0,0,0,0,0,0
RC202,construction,3,0.1322797666665186,25.8936097271704,0.1322797666665186,16110,40595.777686378424,16410,300,14193,0,14193,0,0,0
RC202,fleet_reduction,3,0.00258516666660095,0.5060433536552199,0.3779754333333282,0,0.0,141,0,0,0,0,0,33,30
RC202,perturbation,3,0.0,0.0,0.0,0,0,0,0,0,0,0,0,0,0
RC202,repair,3,0.37539026666672726,73.48220597449047,0.37539026666672726,49378,43845.92461462509,49480,1428,38729,0,38729,0,0,30
RC202,local_search,3,0.0,0.0,0.0,0,0,0,0,0,0,0,0,0,0
RC202,ils_control,3,0.00021829999999075275,0.042731969866957584,0.00021829999999075275,0,0.0,12,0,0,0,0,0,0,0
RC202,validation,3,0.00032906666638155,0.06441441535791222,0.00032906666638155,0,0.0,27,0,0,0,0,0,0,0
RC202,other,3,5.616666718803268e-05,0.01099455945903856,5.616666718803268e-05,0,0.0,0,0,0,0,0,0,0,0
RC203,construction,3,0.13352376666656104,24.97226421275031,0.13352376666656104,16131,40269.98439482,16431,300,12576,0,12576,0,0,0
RC203,fleet_reduction,3,0.0015875000002173085,0.29690197058450646,0.4005766333333061,0,0.0,88,0,0,0,0,0,12,7
RC203,perturbation,3,0.0,0.0,0.0,0,0,0,0,0,0,0,0,0,0
RC203,repair,3,0.39898913333308883,74.6208881336584,0.39898913333308883,41192,34413.63565960547,41229,857,29174,0,29174,0,0,7
RC203,local_search,3,0.0,0.0,0.0,0,0,0,0,0,0,0,0,0,0
RC203,ils_control,3,0.00020620000001751274,0.03856452682289411,0.00020620000001751274,0,0.0,10,0,0,0,0,0,0,0
RC203,validation,3,0.000323499999770623,0.06050254324588197,0.000323499999770623,0,0.0,25,0,0,0,0,0,0,0
RC203,other,3,5.816666695560949e-05,0.010878612938008906,5.816666695560949e-05,0,0.0,0,0,0,0,0,0,0,0
RC204,construction,3,0.19518746666684214,33.42911328382376,0.19518746666684214,15549,26553.959065653842,15849,300,12552,0,12552,0,0,0
RC204,fleet_reduction,3,0.0009155666660565961,0.15680608146187974,0.3881106666664588,0,0.0,41,0,0,0,0,0,16,16
RC204,perturbation,3,0.0,0.0,0.0,0,0,0,0,0,0,0,0,0,0
RC204,repair,3,0.3871951000004022,66.31362700632731,0.3871951000004022,31860,27428.033051009603,31892,874,18627,0,18627,3,0,16
RC204,local_search,3,0.0,0.0,0.0,0,0,0,0,0,0,0,0,0,0
RC204,ils_control,3,0.00021683333276693398,0.037136329337923886,0.00021683333276693398,0,0.0,9,0,0,0,0,0,0,0
RC204,validation,3,0.00031463333380088443,0.05388621276820769,0.00031463333380088443,0,0.0,18,0,0,0,0,0,0,0
RC204,other,3,5.5066666694377396e-05,0.009431086280918577,5.5066666694377396e-05,0,0.0,0,0,0,0,0,0,0,0
RC205,construction,3,0.1546837666664942,29.948597366629475,0.1546837666664942,16083,34657.80615207399,16383,300,14427,0,14427,0,0,0
RC205,fleet_reduction,3,0.0029100999994019125,0.5634296025815275,0.36119476666681294,0,0.0,154,0,0,0,0,0,36,34
RC205,perturbation,3,0.0,0.0,0.0,0,0,0,0,0,0,0,0,0,0
RC205,repair,3,0.35828466666741104,69.36812734715737,0.35828466666741104,52378,48730.33919015158,52501,1535,42156,0,42156,0,0,34
RC205,local_search,3,0.0,0.0,0.0,0,0,0,0,0,0,0,0,0,0
RC205,ils_control,3,0.00022899999991447353,0.04433709459107904,0.00022899999991447353,0,0.0,13,0,0,0,0,0,0,0
RC205,validation,3,0.0003327999996448246,0.0644339959374431,0.0003327999996448246,0,0.0,28,0,0,0,0,0,0,0
RC205,other,3,5.720000020422352e-05,0.01107459310310729,5.720000020422352e-05,0,0.0,0,0,0,0,0,0,0,0
RC206,construction,3,0.1431658666670046,25.63960883833944,0.1431658666670046,16005,37264.468998109005,16305,300,14418,0,14418,0,0,0
RC206,fleet_reduction,3,0.0021469999992405064,0.38450673640303273,0.41459996666647686,0,0.0,114,0,0,0,0,0,24,21
RC206,perturbation,3,0.0,0.0,0.0,0,0,0,0,0,0,0,0,0,0
RC206,repair,3,0.41245296666723635,73.86629910995289,0.41245296666723635,51552,41662.93223407436,51627,1354,42256,0,42256,0,0,21
RC206,local_search,3,0.0,0.0,0.0,0,0,0,0,0,0,0,0,0,0
RC206,ils_control,3,0.0002287333333394296,0.04096390663253046,0.0002287333333394296,0,0.0,12,0,0,0,0,0,0,0
RC206,validation,3,0.00032640000032794586,0.0584550530658796,0.00032640000032794586,0,0.0,27,0,0,0,0,0,0,0
RC206,other,3,5.67666659965956e-05,0.010166355606219498,5.67666659965956e-05,0,0.0,0,0,0,0,0,0,0,0
RC207,construction,3,0.15930696666661484,29.51623955220871,0.15930696666661484,15807,33074.510865720964,16107,300,14187,0,14187,0,0,0
RC207,fleet_reduction,3,0.002040566666134206,0.3780742035338194,0.37981116666621045,0,0.0,99,0,0,0,0,0,29,29
RC207,perturbation,3,0.0,0.0,0.0,0,0,0,0,0,0,0,0,0,0
RC207,repair,3,0.37777060000007623,69.99296866105348,0.37777060000007623,50654,44695.555097890785,50741,1496,37332,0,37332,0,0,29
RC207,local_search,3,0.0,0.0,0.0,0,0,0,0,0,0,0,0,0,0
RC207,ils_control,3,0.0002231666664253377,0.041348102497381446,0.0002231666664253377,0,0.0,12,0,0,0,0,0,0,0
RC207,validation,3,0.00032843333398583735,0.06085180808911913,0.00032843333398583735,0,0.0,24,0,0,0,0,0,0,0
RC207,other,3,5.6766666299760495e-05,0.010517672617484833,5.6766666299760495e-05,0,0.0,0,0,0,0,0,0,0,0
RC208,construction,3,0.15798416666681683,30.185496364288642,0.15798416666681683,15717,33161.55099927748,16017,300,13797,0,13797,0,0,0
RC208,fleet_reduction,3,0.001130633333256507,0.21602625813974224,0.364790233333224,0,0.0,56,0,0,0,0,0,13,11
RC208,perturbation,3,0.0,0.0,0.0,0,0,0,0,0,0,0,0,0,0
RC208,repair,3,0.3636595999999675,69.48320053355924,0.3636595999999675,36289,33262.7911743136,36321,847,25042,0,25042,0,0,11
RC208,local_search,3,0.0,0.0,0.0,0,0,0,0,0,0,0,0,0,0
RC208,ils_control,3,0.00021516666674870066,0.04111116179481806,0.00021516666674870066,0,0.0,10,0,0,0,0,0,0,0
RC208,validation,3,0.00033323333354928764,0.0636697574860492,0.00033323333354928764,0,0.0,22,0,0,0,0,0,0,0
RC208,other,3,5.493333295210808e-05,0.01049592473150288,5.493333295210808e-05,0,0.0,0,0,0,0,0,0,0,0
