solver,instance,family,short_feasible,long_feasible,vehicles_0p5s,vehicles_5s,vehicle_change_5s_minus_0p5s,distance_ticks_0p5s,distance_ticks_5s,same_vehicle_distance_improvement_percent,outcome,seed_0p5s,seed_5s
ours,C101,C,true,true,11,10,-1,861803,828937,,fewer_vehicles_at_5s,0,0
ours,C102,C,true,true,10,10,0,1065814,984399,7.638762485762056,same_vehicles_shorter_distance_at_5s,0,0
ours,C103,C,true,true,10,10,0,1226430,1213077,1.0887698441818938,same_vehicles_shorter_distance_at_5s,0,0
ours,C104,C,true,true,10,10,0,1045222,910373,12.901469735615976,same_vehicles_shorter_distance_at_5s,0,0
ours,C105,C,true,true,10,10,0,854315,828937,2.9705670625003657,same_vehicles_shorter_distance_at_5s,0,0
ours,C106,C,true,true,10,10,0,891952,891952,0.0,same_lexicographic_result,0,0
ours,C107,C,true,true,10,10,0,934258,828937,11.273224312770134,same_vehicles_shorter_distance_at_5s,0,0
ours,C108,C,true,true,11,10,-1,1224926,1103256,,fewer_vehicles_at_5s,0,0
ours,C109,C,true,true,10,10,0,1069536,896383,16.189543876970948,same_vehicles_shorter_distance_at_5s,0,0
ours,C201,C,true,true,3,3,0,591555,591555,0.0,same_lexicographic_result,0,0
ours,C202,C,true,true,3,3,0,620286,620286,0.0,same_lexicographic_result,0,0
ours,C203,C,true,true,3,3,0,600207,600207,0.0,same_lexicographic_result,0,0
ours,C204,C,true,true,3,3,0,881748,641760,27.217300181004095,same_vehicles_shorter_distance_at_5s,0,0
ours,C205,C,true,true,3,3,0,588875,588875,0.0,same_lexicographic_result,0,0
ours,C206,C,true,true,3,3,0,592210,588493,0.6276489758700461,same_vehicles_shorter_distance_at_5s,0,0
ours,C207,C,true,true,3,3,0,658031,588287,10.598892757332102,same_vehicles_shorter_distance_at_5s,0,0
ours,C208,C,true,true,3,3,0,591394,591394,0.0,same_lexicographic_result,0,0
ours,R101,R,true,true,21,20,-1,1710595,1653810,,fewer_vehicles_at_5s,0,0
ours,R102,R,true,true,18,18,0,1486998,1485267,0.1164090335023988,same_vehicles_shorter_distance_at_5s,0,0
ours,R103,R,true,true,14,14,0,1398686,1270753,9.146656218765328,same_vehicles_shorter_distance_at_5s,0,0
ours,R104,R,true,true,11,10,-1,1096110,1081623,,fewer_vehicles_at_5s,0,0
ours,R105,R,true,true,16,16,0,1539478,1441797,6.345072810394173,same_vehicles_shorter_distance_at_5s,0,0
ours,R106,R,true,true,14,14,0,1354795,1327702,1.9997859454751459,same_vehicles_shorter_distance_at_5s,0,0
ours,R107,R,true,true,11,11,0,1235866,1160624,6.088200500701532,same_vehicles_shorter_distance_at_5s,0,0
ours,R108,R,true,true,11,10,-1,1125042,1033382,,fewer_vehicles_at_5s,0,0
ours,R109,R,true,true,13,13,0,1323261,1235058,6.665578445975511,same_vehicles_shorter_distance_at_5s,0,0
ours,R110,R,true,true,13,12,-1,1243996,1160248,,fewer_vehicles_at_5s,0,0
ours,R111,R,true,true,12,12,0,1193476,1141190,4.380984619715855,same_vehicles_shorter_distance_at_5s,0,0
ours,R112,R,true,true,12,11,-1,1203183,993495,,fewer_vehicles_at_5s,0,0
ours,R201,R,true,true,4,4,0,1557040,1349321,13.340633509736424,same_vehicles_shorter_distance_at_5s,0,0
ours,R202,R,true,true,4,4,0,1463682,1277608,12.712734050155703,same_vehicles_shorter_distance_at_5s,0,0
ours,R203,R,true,true,3,3,0,1174802,1021325,13.064073775836269,same_vehicles_shorter_distance_at_5s,0,0
ours,R204,R,true,true,3,3,0,1317289,912861,30.701539297754703,same_vehicles_shorter_distance_at_5s,0,0
ours,R205,R,true,true,3,3,0,1215931,1091031,10.271964445350928,same_vehicles_shorter_distance_at_5s,0,0
ours,R206,R,true,true,3,3,0,1406391,1094282,22.19219264059568,same_vehicles_shorter_distance_at_5s,0,0
ours,R207,R,true,true,3,3,0,1164515,954188,18.061338840633226,same_vehicles_shorter_distance_at_5s,0,0
ours,R208,R,true,true,2,2,0,842502,833203,1.1037362522581549,same_vehicles_shorter_distance_at_5s,0,0
ours,R209,R,true,true,3,3,0,1366853,1061097,22.36934037530005,same_vehicles_shorter_distance_at_5s,0,0
ours,R210,R,true,true,3,3,0,1327330,1184255,10.779158159613662,same_vehicles_shorter_distance_at_5s,0,0
ours,R211,R,true,true,3,3,0,1384720,855624,38.20960194118667,same_vehicles_shorter_distance_at_5s,0,0
ours,RC101,RC,true,true,16,16,0,1781132,1707734,4.120862462748409,same_vehicles_shorter_distance_at_5s,0,0
ours,RC102,RC,true,true,15,14,-1,1561232,1554957,,fewer_vehicles_at_5s,0,0
ours,RC103,RC,true,true,12,12,0,1496702,1357957,9.27004841311096,same_vehicles_shorter_distance_at_5s,0,0
ours,RC104,RC,true,true,12,11,-1,1350450,1211293,,fewer_vehicles_at_5s,0,0
ours,RC105,RC,true,true,14,14,0,1775137,1727850,2.663850733774351,same_vehicles_shorter_distance_at_5s,0,0
ours,RC106,RC,true,true,14,14,0,1591736,1478872,7.0906230681469795,same_vehicles_shorter_distance_at_5s,0,0
ours,RC107,RC,true,true,13,12,-1,1448857,1346825,,fewer_vehicles_at_5s,0,0
ours,RC108,RC,true,true,12,12,0,1330591,1254252,5.737225037596075,same_vehicles_shorter_distance_at_5s,0,0
ours,RC201,RC,true,true,5,4,-1,1623061,1591465,,fewer_vehicles_at_5s,0,0
ours,RC202,RC,true,true,4,4,0,1591534,1353824,14.93590460524249,same_vehicles_shorter_distance_at_5s,0,0
ours,RC203,RC,true,true,3,3,0,1166438,1112829,4.595957950615463,same_vehicles_shorter_distance_at_5s,0,0
ours,RC204,RC,true,true,3,3,0,1462720,912495,37.61656366221833,same_vehicles_shorter_distance_at_5s,0,0
ours,RC205,RC,true,true,4,4,0,1876311,1410721,24.814116636314555,same_vehicles_shorter_distance_at_5s,0,0
ours,RC206,RC,true,true,4,4,0,1577116,1151722,26.972904973381794,same_vehicles_shorter_distance_at_5s,0,0
ours,RC207,RC,true,true,4,4,0,1544145,1186311,23.173600924783617,same_vehicles_shorter_distance_at_5s,0,0
ours,RC208,RC,true,true,3,3,0,1232740,1009125,18.13967259925045,same_vehicles_shorter_distance_at_5s,0,0
pyvrp,C101,C,true,true,10,10,0,828937,828937,0.0,same_lexicographic_result,0,0
pyvrp,C102,C,true,true,11,11,0,921954,921954,0.0,same_lexicographic_result,0,0
pyvrp,C103,C,true,true,11,11,0,1002391,1002391,0.0,same_lexicographic_result,0,0
pyvrp,C104,C,true,true,11,11,0,1096794,1096794,0.0,same_lexicographic_result,0,0
pyvrp,C105,C,true,true,10,10,0,828937,828937,0.0,same_lexicographic_result,0,0
pyvrp,C106,C,true,true,10,10,0,828937,828937,0.0,same_lexicographic_result,0,0
pyvrp,C107,C,true,true,10,10,0,863148,863148,0.0,same_lexicographic_result,0,0
pyvrp,C108,C,true,true,10,10,0,859803,859803,0.0,same_lexicographic_result,0,0
pyvrp,C109,C,true,true,10,10,0,884160,884160,0.0,same_lexicographic_result,0,0
pyvrp,C201,C,true,true,3,3,0,591555,591555,0.0,same_lexicographic_result,0,0
pyvrp,C202,C,true,true,4,4,0,667320,667320,0.0,same_lexicographic_result,0,0
pyvrp,C203,C,true,true,4,4,0,683398,683398,0.0,same_lexicographic_result,0,0
pyvrp,C204,C,true,true,4,4,0,717326,717326,0.0,same_lexicographic_result,0,0
pyvrp,C205,C,true,true,3,3,0,588875,588875,0.0,same_lexicographic_result,0,0
pyvrp,C206,C,true,true,3,3,0,588493,588493,0.0,same_lexicographic_result,0,0
pyvrp,C207,C,true,true,3,3,0,588287,588287,0.0,same_lexicographic_result,0,0
pyvrp,C208,C,true,true,3,3,0,588324,588324,0.0,same_lexicographic_result,0,0
pyvrp,R101,R,true,true,21,21,0,1680284,1680284,0.0,same_lexicographic_result,0,0
pyvrp,R102,R,true,true,19,19,0,1510780,1510780,0.0,same_lexicographic_result,0,0
pyvrp,R103,R,true,true,16,16,0,1338818,1338818,0.0,same_lexicographic_result,0,0
pyvrp,R104,R,true,true,12,12,0,1051000,1051000,0.0,same_lexicographic_result,0,0
pyvrp,R105,R,true,true,16,16,0,1451658,1451658,0.0,same_lexicographic_result,0,0
pyvrp,R106,R,true,true,14,14,0,1326090,1326090,0.0,same_lexicographic_result,0,0
pyvrp,R107,R,true,true,12,12,0,1131357,1131357,0.0,same_lexicographic_result,0,0
pyvrp,R108,R,true,true,10,10,0,996254,996254,0.0,same_lexicographic_result,0,0
pyvrp,R109,R,true,true,14,14,0,1235038,1235038,0.0,same_lexicographic_result,0,0
pyvrp,R110,R,true,true,14,14,0,1201092,1201092,0.0,same_lexicographic_result,0,0
pyvrp,R111,R,true,true,12,12,0,1160963,1160963,0.0,same_lexicographic_result,0,0
pyvrp,R112,R,true,true,11,11,0,1075358,1075358,0.0,same_lexicographic_result,0,0
pyvrp,R201,R,true,true,6,6,0,1261177,1261177,0.0,same_lexicographic_result,0,0
pyvrp,R202,R,true,true,6,6,0,1078523,1078523,0.0,same_lexicographic_result,0,0
pyvrp,R203,R,true,true,4,4,0,958066,958066,0.0,same_lexicographic_result,0,0
pyvrp,R204,R,true,true,3,3,0,880278,880278,0.0,same_lexicographic_result,0,0
pyvrp,R205,R,true,true,3,3,0,1024662,1052667,-2.7330963771468055,same_vehicles_longer_distance_at_5s,0,0
pyvrp,R206,R,true,true,4,4,0,1021479,1021479,0.0,same_lexicographic_result,0,0
pyvrp,R207,R,true,true,3,3,0,947715,947715,0.0,same_lexicographic_result,0,0
pyvrp,R208,R,true,true,4,4,0,763235,763235,0.0,same_lexicographic_result,0,0
pyvrp,R209,R,true,true,5,5,0,958920,958920,0.0,same_lexicographic_result,0,0
pyvrp,R210,R,true,true,4,4,0,970113,970113,0.0,same_lexicographic_result,0,0
pyvrp,R211,R,true,true,3,3,0,847927,847927,0.0,same_lexicographic_result,0,0
pyvrp,RC101,RC,true,true,17,17,0,1751132,1751132,0.0,same_lexicographic_result,0,0
pyvrp,RC102,RC,true,true,16,16,0,1611129,1611129,0.0,same_lexicographic_result,0,0
pyvrp,RC103,RC,true,true,16,16,0,1524202,1524202,0.0,same_lexicographic_result,0,0
pyvrp,RC104,RC,true,true,12,12,0,1262966,1262966,0.0,same_lexicographic_result,0,0
pyvrp,RC105,RC,true,true,18,18,0,1642197,1642197,0.0,same_lexicographic_result,0,0
pyvrp,RC106,RC,true,true,14,14,0,1504648,1504648,0.0,same_lexicographic_result,0,0
pyvrp,RC107,RC,true,true,13,13,0,1341952,1341952,0.0,same_lexicographic_result,0,0
pyvrp,RC108,RC,true,true,12,12,0,1211672,1211672,0.0,same_lexicographic_result,0,0
pyvrp,RC201,RC,true,true,5,5,0,1370022,1370022,0.0,same_lexicographic_result,0,0
pyvrp,RC202,RC,true,true,5,5,0,1236694,1236694,0.0,same_lexicographic_result,0,0
pyvrp,RC203,RC,true,true,5,5,0,1033393,1033393,0.0,same_lexicographic_result,0,0
pyvrp,RC204,RC,true,true,3,3,0,945057,945057,0.0,same_lexicographic_result,0,0
pyvrp,RC205,RC,true,true,5,5,0,1346850,1346850,0.0,same_lexicographic_result,0,0
pyvrp,RC206,RC,true,true,5,5,0,1140747,1140747,0.0,same_lexicographic_result,0,0
pyvrp,RC207,RC,true,true,4,4,0,1137374,1137374,0.0,same_lexicographic_result,0,0
pyvrp,RC208,RC,true,true,4,4,0,927570,927570,0.0,same_lexicographic_result,0,0
ortools,C101,C,true,true,10,10,0,854315,828937,2.9705670625003657,same_vehicles_shorter_distance_at_5s,0,0
ortools,C102,C,true,true,10,10,0,828937,828937,0.0,same_lexicographic_result,0,0
ortools,C103,C,true,true,10,10,0,853827,853827,0.0,same_lexicographic_result,0,0
ortools,C104,C,true,true,10,10,0,1058478,920839,13.003482358631924,same_vehicles_shorter_distance_at_5s,0,0
ortools,C105,C,true,true,10,10,0,828937,828937,0.0,same_lexicographic_result,0,0
ortools,C106,C,true,true,10,10,0,854315,828937,2.9705670625003657,same_vehicles_shorter_distance_at_5s,0,0
ortools,C107,C,true,true,10,10,0,854315,854315,0.0,same_lexicographic_result,0,0
ortools,C108,C,true,true,10,10,0,854315,854315,0.0,same_lexicographic_result,0,0
ortools,C109,C,true,true,10,10,0,1047313,873168,16.627789400112476,same_vehicles_shorter_distance_at_5s,0,0
ortools,C201,C,true,true,3,3,0,591555,591555,0.0,same_lexicographic_result,0,0
ortools,C202,C,true,true,3,3,0,591555,591555,0.0,same_lexicographic_result,0,0
ortools,C203,C,true,true,3,3,0,600207,600207,0.0,same_lexicographic_result,0,0
ortools,C204,C,true,true,3,3,0,642637,616350,4.090489654346078,same_vehicles_shorter_distance_at_5s,0,0
ortools,C205,C,true,true,3,3,0,588875,588875,0.0,same_lexicographic_result,0,0
ortools,C206,C,true,true,3,3,0,588493,588493,0.0,same_lexicographic_result,0,0
ortools,C207,C,true,true,3,3,0,588287,588287,0.0,same_lexicographic_result,0,0
ortools,C208,C,true,true,3,3,0,591770,591770,0.0,same_lexicographic_result,0,0
ortools,R101,R,true,true,19,19,0,1682260,1680669,0.09457515485121205,same_vehicles_shorter_distance_at_5s,0,0
ortools,R102,R,true,true,18,18,0,1485007,1485007,0.0,same_lexicographic_result,0,0
ortools,R103,R,true,true,14,14,0,1284506,1253046,2.4491905837730616,same_vehicles_shorter_distance_at_5s,0,0
ortools,R104,R,true,true,12,11,-1,1071917,1051847,,fewer_vehicles_at_5s,0,0
ortools,R105,R,true,true,15,15,0,1417587,1417587,0.0,same_lexicographic_result,0,0
ortools,R106,R,true,true,14,13,-1,1339028,1323770,,fewer_vehicles_at_5s,0,0
ortools,R107,R,true,true,13,12,-1,1159743,1151175,,fewer_vehicles_at_5s,0,0
ortools,R108,R,true,true,10,10,0,1008171,976398,3.1515486956081853,same_vehicles_shorter_distance_at_5s,0,0
ortools,R109,R,true,true,15,13,-2,1272629,1213330,,fewer_vehicles_at_5s,0,0
ortools,R110,R,true,true,12,12,0,1185753,1142539,3.6444352238619677,same_vehicles_shorter_distance_at_5s,0,0
ortools,R111,R,true,true,12,12,0,1227667,1139811,7.1563379971930505,same_vehicles_shorter_distance_at_5s,0,0
ortools,R112,R,true,true,11,10,-1,1073540,1017763,,fewer_vehicles_at_5s,0,0
ortools,R201,R,true,true,5,4,-1,1270257,1299670,,fewer_vehicles_at_5s,0,0
ortools,R202,R,true,true,4,4,0,1195264,1155290,3.344365763546798,same_vehicles_shorter_distance_at_5s,0,0
ortools,R203,R,true,true,4,3,-1,952112,980959,,fewer_vehicles_at_5s,0,0
ortools,R204,R,true,true,3,3,0,839541,801105,4.578215953717566,same_vehicles_shorter_distance_at_5s,0,0
ortools,R205,R,true,true,4,3,-1,1102237,1173134,,fewer_vehicles_at_5s,0,0
ortools,R206,R,true,true,4,3,-1,992585,1039510,,fewer_vehicles_at_5s,0,0
ortools,R207,R,true,true,3,3,0,965438,885790,8.249934226744752,same_vehicles_shorter_distance_at_5s,0,0
ortools,R208,R,true,true,3,2,-1,756121,799384,,fewer_vehicles_at_5s,0,0
ortools,R209,R,true,true,4,4,0,1008413,971527,3.6578267039397545,same_vehicles_shorter_distance_at_5s,0,0
ortools,R210,R,true,true,4,4,0,1058295,1026305,3.0227866521149584,same_vehicles_shorter_distance_at_5s,0,0
ortools,R211,R,true,true,3,3,0,931655,885018,5.005822970949547,same_vehicles_shorter_distance_at_5s,0,0
ortools,RC101,RC,true,true,16,16,0,1749889,1682124,3.8725313434166395,same_vehicles_shorter_distance_at_5s,0,0
ortools,RC102,RC,true,true,15,15,0,1572256,1551995,1.2886578267152422,same_vehicles_shorter_distance_at_5s,0,0
ortools,RC103,RC,true,true,13,12,-1,1436056,1372419,,fewer_vehicles_at_5s,0,0
ortools,RC104,RC,true,true,11,11,0,1230030,1216161,1.1275334747932977,same_vehicles_shorter_distance_at_5s,0,0
ortools,RC105,RC,true,true,16,16,0,1625645,1613306,0.7590218036533192,same_vehicles_shorter_distance_at_5s,0,0
ortools,RC106,RC,true,true,15,14,-1,1536904,1537327,,fewer_vehicles_at_5s,0,0
ortools,RC107,RC,true,true,13,12,-1,1418856,1403567,,fewer_vehicles_at_5s,0,0
ortools,RC108,RC,true,true,11,11,0,1282717,1262519,1.5746263595165573,same_vehicles_shorter_distance_at_5s,0,0
ortools,RC201,RC,true,true,5,4,-1,1478504,1563167,,fewer_vehicles_at_5s,0,0
ortools,RC202,RC,true,true,4,4,0,1267963,1267963,0.0,same_lexicographic_result,0,0
ortools,RC203,RC,true,true,5,4,-1,1099107,1103735,,fewer_vehicles_at_5s,0,0
ortools,RC204,RC,true,true,3,3,0,979771,906318,7.4969559213326376,same_vehicles_shorter_distance_at_5s,0,0
ortools,RC205,RC,true,true,5,5,0,1504644,1357642,9.769885766998705,same_vehicles_shorter_distance_at_5s,0,0
ortools,RC206,RC,true,true,4,4,0,1343132,1230892,8.35658743891144,same_vehicles_shorter_distance_at_5s,0,0
ortools,RC207,RC,true,true,4,4,0,1165438,1147189,1.565849062755805,same_vehicles_shorter_distance_at_5s,0,0
ortools,RC208,RC,true,true,3,3,0,1058876,1006717,4.9258836728757665,same_vehicles_shorter_distance_at_5s,0,0
gurobi,C101,C,true,true,10,10,0,828937,828937,0.0,same_lexicographic_result,0,0
gurobi,C102,C,false,true,,10,,,833126,,feasible_only_at_5s,,0
gurobi,C103,C,false,true,,12,,,953813,,feasible_only_at_5s,,0
gurobi,C104,C,false,true,,12,,,1054143,,feasible_only_at_5s,,0
gurobi,C105,C,false,true,,13,,,1916975,,feasible_only_at_5s,,0
gurobi,C106,C,false,true,,14,,,2293238,,feasible_only_at_5s,,0
gurobi,C107,C,false,true,,15,,,2083653,,feasible_only_at_5s,,0
gurobi,C108,C,false,true,,14,,,1574278,,feasible_only_at_5s,,0
gurobi,C109,C,true,true,24,13,-11,1815007,1039495,,fewer_vehicles_at_5s,0,0
gurobi,C201,C,true,true,4,3,-1,1277195,591555,,fewer_vehicles_at_5s,0,0
gurobi,C202,C,true,true,8,3,-5,1436466,591555,,fewer_vehicles_at_5s,0,0
gurobi,C203,C,true,true,25,5,-20,4705794,960816,,fewer_vehicles_at_5s,0,0
gurobi,C204,C,true,true,25,7,-18,4896652,1198936,,fewer_vehicles_at_5s,0,0
gurobi,C205,C,false,true,,3,,,633427,,feasible_only_at_5s,,0
gurobi,C206,C,true,true,18,5,-13,1510137,819223,,fewer_vehicles_at_5s,0,0
gurobi,C207,C,true,true,13,4,-9,1236628,1154105,,fewer_vehicles_at_5s,0,0
gurobi,C208,C,false,true,,5,,,1057586,,feasible_only_at_5s,,0
gurobi,R101,R,true,true,19,19,0,1650798,1650798,0.0,same_lexicographic_result,0,0
gurobi,R102,R,false,true,,23,,,1817031,,feasible_only_at_5s,,0
gurobi,R103,R,false,true,,18,,,1470450,,feasible_only_at_5s,,0
gurobi,R104,R,false,true,,16,,,1344962,,feasible_only_at_5s,,0
gurobi,R105,R,false,false,,,,,,,no_feasible_solution_at_either_budget,,
gurobi,R106,R,false,true,,19,,,1941892,,feasible_only_at_5s,,0
gurobi,R107,R,false,true,,18,,,2423595,,feasible_only_at_5s,,0
gurobi,R108,R,false,true,,13,,,1287352,,feasible_only_at_5s,,0
gurobi,R109,R,false,true,,18,,,2059011,,feasible_only_at_5s,,0
gurobi,R110,R,false,true,,17,,,1392763,,feasible_only_at_5s,,0
gurobi,R111,R,false,true,,19,,,2420212,,feasible_only_at_5s,,0
gurobi,R112,R,false,true,,14,,,1314338,,feasible_only_at_5s,,0
gurobi,R201,R,true,true,14,7,-7,2430683,1621349,,fewer_vehicles_at_5s,0,0
gurobi,R202,R,true,true,25,11,-14,3437591,1419657,,fewer_vehicles_at_5s,0,0
gurobi,R203,R,true,true,25,10,-15,3742652,1390711,,fewer_vehicles_at_5s,0,0
gurobi,R204,R,false,true,,7,,,1081973,,feasible_only_at_5s,,0
gurobi,R205,R,true,true,23,7,-16,3852078,1275267,,fewer_vehicles_at_5s,0,0
gurobi,R206,R,true,true,25,9,-16,3743004,1145258,,fewer_vehicles_at_5s,0,0
gurobi,R207,R,true,true,25,7,-18,3691290,1132313,,fewer_vehicles_at_5s,0,0
gurobi,R208,R,true,true,25,3,-22,3712902,1018992,,fewer_vehicles_at_5s,0,0
gurobi,R209,R,true,true,25,12,-13,3719210,1467760,,fewer_vehicles_at_5s,0,0
gurobi,R210,R,true,true,25,10,-15,3691974,1364742,,fewer_vehicles_at_5s,0,0
gurobi,R211,R,true,true,25,10,-15,3887770,1056525,,fewer_vehicles_at_5s,0,0
gurobi,RC101,RC,false,true,,16,,,1801410,,feasible_only_at_5s,,0
gurobi,RC102,RC,false,true,,18,,,2411352,,feasible_only_at_5s,,0
gurobi,RC103,RC,false,true,,17,,,1839651,,feasible_only_at_5s,,0
gurobi,RC104,RC,false,true,,15,,,1643714,,feasible_only_at_5s,,0
gurobi,RC105,RC,false,false,,,,,,,no_feasible_solution_at_either_budget,,
gurobi,RC106,RC,false,true,,18,,,1876861,,feasible_only_at_5s,,0
gurobi,RC107,RC,false,true,,16,,,1624563,,feasible_only_at_5s,,0
gurobi,RC108,RC,false,true,,17,,,1576325,,feasible_only_at_5s,,0
gurobi,RC201,RC,true,true,13,8,-5,2576924,2016707,,fewer_vehicles_at_5s,0,0
gurobi,RC202,RC,true,true,24,13,-11,4435253,2163309,,fewer_vehicles_at_5s,0,0
gurobi,RC203,RC,true,true,25,6,-19,4607549,1348153,,fewer_vehicles_at_5s,0,0
gurobi,RC204,RC,true,true,25,7,-18,4405148,1336624,,fewer_vehicles_at_5s,0,0
gurobi,RC205,RC,true,true,18,10,-8,1786731,1385648,,fewer_vehicles_at_5s,0,0
gurobi,RC206,RC,true,true,21,8,-13,2955912,1501311,,fewer_vehicles_at_5s,0,0
gurobi,RC207,RC,true,true,25,11,-14,4577523,1631657,,fewer_vehicles_at_5s,0,0
gurobi,RC208,RC,true,true,25,8,-17,4253337,1143521,,fewer_vehicles_at_5s,0,0
