instance,baseline_vehicles,baseline_distance_ticks,baseline_best_seed,candidate_vehicles,candidate_distance_ticks,candidate_best_seed,vehicle_result,same_vehicle_distance_result,distance_delta_ticks,distance_delta_percent
C101,10,828937,1,10,828937,1,same,tie,0,0.000000
C102,10,1187893,1,10,1253627,0,same,worse,65734,5.533663
C103,10,1809960,0,10,1780999,0,same,better,-28961,-1.600091
C104,10,1832644,0,10,1914110,2,same,worse,81466,4.445271
C105,10,1039051,1,10,1039051,1,same,tie,0,0.000000
C106,10,1057640,1,10,1052622,1,same,better,-5018,-0.474453
C107,10,1037431,0,10,1087988,2,same,worse,50557,4.873288
C108,10,1310760,0,10,1419536,2,same,worse,108776,8.298697
C109,10,1609856,1,10,1614821,0,same,worse,4965,0.308413
C201,3,704252,0,3,704252,0,same,tie,0,0.000000
C202,3,746236,1,3,746236,0,same,tie,0,0.000000
C203,3,681508,0,3,690753,0,same,worse,9245,1.356550
C204,3,743140,2,3,743140,2,same,tie,0,0.000000
C205,3,743690,2,3,734783,2,same,better,-8907,-1.197676
C206,3,697572,0,3,659151,0,same,better,-38421,-5.507819
C207,3,661621,2,3,662634,2,same,worse,1013,0.153109
C208,3,739694,2,3,739694,2,same,tie,0,0.000000
R101,21,1948827,1,21,1853125,2,same,better,-95702,-4.910749
R102,19,1744933,1,19,1597388,2,same,better,-147545,-8.455626
R103,14,1546015,0,14,1530011,0,same,better,-16004,-1.035178
R104,11,1241810,1,11,1186697,0,same,better,-55113,-4.438119
R105,17,1683209,1,17,1679412,1,same,better,-3797,-0.225581
R106,14,1545086,0,14,1539783,0,same,better,-5303,-0.343217
R107,12,1486083,2,12,1281479,0,same,better,-204604,-13.768006
R108,11,1274109,1,10,1128679,1,improved,not_compared,,
R109,14,1458883,1,14,1534138,0,same,worse,75255,5.158399
R110,13,1463925,0,13,1528079,1,same,worse,64154,4.382328
R111,12,1453553,0,12,1307395,2,same,better,-146158,-10.055223
R112,12,1508833,0,12,1368199,2,same,better,-140634,-9.320713
R201,4,1534914,2,4,1606825,2,same,worse,71911,4.685018
R202,4,1622244,0,4,1587218,1,same,better,-35026,-2.159108
R203,3,1300221,0,3,1239151,2,same,better,-61070,-4.696894
R204,3,1331038,0,3,1271810,2,same,better,-59228,-4.449760
R205,3,1303717,0,3,1294704,0,same,better,-9013,-0.691331
R206,3,1533607,0,3,1508770,2,same,better,-24837,-1.619515
R207,3,1035524,2,3,1035427,2,same,better,-97,-0.009367
R208,3,957965,0,3,957965,0,same,tie,0,0.000000
R209,3,1303297,1,3,1255771,0,same,better,-47526,-3.646598
R210,3,1443660,0,3,1418144,0,same,better,-25516,-1.767452
R211,3,1516434,0,3,1514002,2,same,better,-2432,-0.160376
RC101,17,2197881,0,17,2170071,0,same,better,-27810,-1.265310
RC102,15,1834933,1,15,1747889,0,same,better,-87044,-4.743715
RC103,12,1731095,1,12,1702989,1,same,better,-28106,-1.623597
RC104,11,1384807,1,11,1482630,2,same,worse,97823,7.064017
RC105,16,1901679,2,16,1887838,2,same,better,-13841,-0.727831
RC106,15,1848588,1,15,1906847,1,same,worse,58259,3.151541
RC107,14,1714626,0,14,1680926,0,same,better,-33700,-1.965443
RC108,14,1606564,1,14,1682165,1,same,worse,75601,4.705757
RC201,4,1837909,1,5,2371707,0,worse,not_compared,,
RC202,4,1619243,2,4,1619243,2,same,tie,0,0.000000
RC203,3,1545417,1,3,1397550,0,same,better,-147867,-9.568097
RC204,3,1500593,0,3,1500132,2,same,better,-461,-0.030721
RC205,4,1828115,2,4,1695424,2,same,better,-132691,-7.258351
RC206,4,1732495,2,4,1725004,2,same,better,-7491,-0.432382
RC207,4,1907431,0,3,1405392,1,improved,not_compared,,
RC208,3,1373172,0,3,1356630,0,same,better,-16542,-1.204656
