instance,budget_seconds,seed,vehicle_cap,cap_source,input_sha256,status,feasible,vehicles,distance_ticks,distance,pyvrp_runtime_seconds,solve_wall_seconds,own_validator_feasible,own_validator_violation,python_version,pyvrp_version,error
C101,0.5,0,10,local_bks,a6da75152d182d60ecd2c6f854296f5be452f92282d096adebcf5d99a7f16516,ok,True,10,828937,828.937,0.500076,0.517619,True,,3.13.5,0.13.0a0,
C101,0.5,1,10,local_bks,a6da75152d182d60ecd2c6f854296f5be452f92282d096adebcf5d99a7f16516,ok,True,10,828937,828.937,0.500484,0.518944,True,,3.13.5,0.13.0a0,
C101,0.5,2,10,local_bks,a6da75152d182d60ecd2c6f854296f5be452f92282d096adebcf5d99a7f16516,ok,True,10,828937,828.937,0.500496,0.520277,True,,3.13.5,0.13.0a0,
C102,0.5,0,10,local_bks,f89a0e2a760cc7448a4ca72b88e5b29b94d64b5548f3320f42a6230025ead653,ok,True,10,828937,828.937,0.500021,0.511766,True,,3.13.5,0.13.0a0,
C102,0.5,1,10,local_bks,f89a0e2a760cc7448a4ca72b88e5b29b94d64b5548f3320f42a6230025ead653,ok,True,10,828937,828.937,0.500376,0.512681,True,,3.13.5,0.13.0a0,
C102,0.5,2,10,local_bks,f89a0e2a760cc7448a4ca72b88e5b29b94d64b5548f3320f42a6230025ead653,ok,True,10,828937,828.937,0.500168,0.50712,True,,3.13.5,0.13.0a0,
C103,0.5,0,10,local_bks,a55cabf15e0da9d65696a5fb45c9852889479893f76f772a428ca15d1b415a51,ok,True,10,828065,828.065,0.500314,0.508271,True,,3.13.5,0.13.0a0,
C103,0.5,1,10,local_bks,a55cabf15e0da9d65696a5fb45c9852889479893f76f772a428ca15d1b415a51,ok,True,10,828065,828.065,0.500355,0.507356,True,,3.13.5,0.13.0a0,
C103,0.5,2,10,local_bks,a55cabf15e0da9d65696a5fb45c9852889479893f76f772a428ca15d1b415a51,ok,True,10,828065,828.065,0.500093,0.508729,True,,3.13.5,0.13.0a0,
C104,0.5,0,10,local_bks,fe333e81625ee5a75bb2ce98c2c9f356d07289237865b62a23ba2f32f0de5ee2,ok,True,10,824776,824.776,0.500274,0.508344,True,,3.13.5,0.13.0a0,
C104,0.5,1,10,local_bks,fe333e81625ee5a75bb2ce98c2c9f356d07289237865b62a23ba2f32f0de5ee2,ok,True,10,824776,824.776,0.500034,0.506234,True,,3.13.5,0.13.0a0,
C104,0.5,2,10,local_bks,fe333e81625ee5a75bb2ce98c2c9f356d07289237865b62a23ba2f32f0de5ee2,ok,True,10,824776,824.776,0.500368,0.508693,True,,3.13.5,0.13.0a0,
C105,0.5,0,10,local_bks,9a877a3a6fb922e7ad9297cc0308bc8a5652cb1495a0228ee6b81b2d938aa29f,ok,True,10,828937,828.937,0.50002,0.51474,True,,3.13.5,0.13.0a0,
C105,0.5,1,10,local_bks,9a877a3a6fb922e7ad9297cc0308bc8a5652cb1495a0228ee6b81b2d938aa29f,ok,True,10,828937,828.937,0.500185,0.511048,True,,3.13.5,0.13.0a0,
C105,0.5,2,10,local_bks,9a877a3a6fb922e7ad9297cc0308bc8a5652cb1495a0228ee6b81b2d938aa29f,ok,True,10,828937,828.937,0.500874,0.513625,True,,3.13.5,0.13.0a0,
C106,0.5,0,10,local_bks,ec9b419bed53e9c607cce76e8c6bc59feb6e4d17646905601f008a4141ec7b40,ok,True,10,828937,828.937,0.500104,0.516852,True,,3.13.5,0.13.0a0,
C106,0.5,1,10,local_bks,ec9b419bed53e9c607cce76e8c6bc59feb6e4d17646905601f008a4141ec7b40,ok,True,10,828937,828.937,0.500085,0.514483,True,,3.13.5,0.13.0a0,
C106,0.5,2,10,local_bks,ec9b419bed53e9c607cce76e8c6bc59feb6e4d17646905601f008a4141ec7b40,ok,True,10,828937,828.937,0.500035,0.513357,True,,3.13.5,0.13.0a0,
C107,0.5,0,10,local_bks,cb3cdc10d812fa17370eb52cb753b6b0574426dc6fabeb8b9076ed750ddf05ca,ok,True,10,828937,828.937,0.500389,0.518411,True,,3.13.5,0.13.0a0,
C107,0.5,1,10,local_bks,cb3cdc10d812fa17370eb52cb753b6b0574426dc6fabeb8b9076ed750ddf05ca,ok,True,10,828937,828.937,0.500281,0.511061,True,,3.13.5,0.13.0a0,
C107,0.5,2,10,local_bks,cb3cdc10d812fa17370eb52cb753b6b0574426dc6fabeb8b9076ed750ddf05ca,ok,True,10,828937,828.937,0.500036,0.516365,True,,3.13.5,0.13.0a0,
C108,0.5,0,10,local_bks,b8c7e48f292b66b283d8e71511e3a4eccaa4c4bc66b9313c399e73b0226f5953,ok,True,10,828937,828.937,0.501702,0.512429,True,,3.13.5,0.13.0a0,
C108,0.5,1,10,local_bks,b8c7e48f292b66b283d8e71511e3a4eccaa4c4bc66b9313c399e73b0226f5953,ok,True,10,828937,828.937,0.500168,0.513045,True,,3.13.5,0.13.0a0,
C108,0.5,2,10,local_bks,b8c7e48f292b66b283d8e71511e3a4eccaa4c4bc66b9313c399e73b0226f5953,ok,True,10,828937,828.937,0.500162,0.51291,True,,3.13.5,0.13.0a0,
C109,0.5,0,10,local_bks,72d8489e14bf1bb18456f0b21b01110506cbcc2354719dae8481b480150f142a,ok,True,10,828937,828.937,0.500105,0.508603,True,,3.13.5,0.13.0a0,
C109,0.5,1,10,local_bks,72d8489e14bf1bb18456f0b21b01110506cbcc2354719dae8481b480150f142a,ok,True,10,828937,828.937,0.500457,0.509515,True,,3.13.5,0.13.0a0,
C109,0.5,2,10,local_bks,72d8489e14bf1bb18456f0b21b01110506cbcc2354719dae8481b480150f142a,ok,True,10,828937,828.937,0.500606,0.50716,True,,3.13.5,0.13.0a0,
C201,0.5,0,3,local_bks,d8d9834087ae2326fa23a8510533060233dc9fb481873be60956eb26a880ad63,ok,True,3,591555,591.555,0.50045,0.514409,True,,3.13.5,0.13.0a0,
C201,0.5,1,3,local_bks,d8d9834087ae2326fa23a8510533060233dc9fb481873be60956eb26a880ad63,ok,True,3,591555,591.555,0.500389,0.512234,True,,3.13.5,0.13.0a0,
C201,0.5,2,3,local_bks,d8d9834087ae2326fa23a8510533060233dc9fb481873be60956eb26a880ad63,ok,True,3,591555,591.555,0.500208,0.505951,True,,3.13.5,0.13.0a0,
C202,0.5,0,3,local_bks,dfc8ecad79f6c7ffb096cd36994143569f0babe284d5ad194683271d81063772,ok,True,3,591555,591.555,0.500258,0.509113,True,,3.13.5,0.13.0a0,
C202,0.5,1,3,local_bks,dfc8ecad79f6c7ffb096cd36994143569f0babe284d5ad194683271d81063772,ok,True,3,591555,591.555,0.500223,0.512998,True,,3.13.5,0.13.0a0,
C202,0.5,2,3,local_bks,dfc8ecad79f6c7ffb096cd36994143569f0babe284d5ad194683271d81063772,ok,True,3,591555,591.555,0.500278,0.512321,True,,3.13.5,0.13.0a0,
C203,0.5,0,3,local_bks,2b79eea2962a848cb29f6153d4fb4ae725d35507686d937da6643b33fcd85062,ok,True,3,591173,591.173,0.500259,0.519612,True,,3.13.5,0.13.0a0,
C203,0.5,1,3,local_bks,2b79eea2962a848cb29f6153d4fb4ae725d35507686d937da6643b33fcd85062,ok,True,3,591173,591.173,0.500237,0.510579,True,,3.13.5,0.13.0a0,
C203,0.5,2,3,local_bks,2b79eea2962a848cb29f6153d4fb4ae725d35507686d937da6643b33fcd85062,ok,True,3,591173,591.173,0.501534,0.535444,True,,3.13.5,0.13.0a0,
C204,0.5,0,3,local_bks,4331b2744d34e32c2987e3fe8a82b782a2039d757d2aac818f7e0fd21117bfb4,ok,True,3,590598,590.598,0.500317,0.511852,True,,3.13.5,0.13.0a0,
C204,0.5,1,3,local_bks,4331b2744d34e32c2987e3fe8a82b782a2039d757d2aac818f7e0fd21117bfb4,ok,True,3,590598,590.598,0.500236,0.507203,True,,3.13.5,0.13.0a0,
C204,0.5,2,3,local_bks,4331b2744d34e32c2987e3fe8a82b782a2039d757d2aac818f7e0fd21117bfb4,ok,True,3,590598,590.598,0.500044,0.51789,True,,3.13.5,0.13.0a0,
C205,0.5,0,3,local_bks,15be2bb8c3e4ad99a79d1e7ee0472223feb95a4f423d010e032bda0a87266ca5,ok,True,3,588875,588.875,0.500109,0.509524,True,,3.13.5,0.13.0a0,
C205,0.5,1,3,local_bks,15be2bb8c3e4ad99a79d1e7ee0472223feb95a4f423d010e032bda0a87266ca5,ok,True,3,588875,588.875,0.500188,0.505835,True,,3.13.5,0.13.0a0,
C205,0.5,2,3,local_bks,15be2bb8c3e4ad99a79d1e7ee0472223feb95a4f423d010e032bda0a87266ca5,ok,True,3,588875,588.875,0.500259,0.524603,True,,3.13.5,0.13.0a0,
C206,0.5,0,3,local_bks,745b6c7042707ffbbfc4d681ee02a84431425f1dfb3c8aa85ecf003fec8f7e53,ok,True,3,588493,588.493,0.500566,0.507677,True,,3.13.5,0.13.0a0,
C206,0.5,1,3,local_bks,745b6c7042707ffbbfc4d681ee02a84431425f1dfb3c8aa85ecf003fec8f7e53,ok,True,3,588493,588.493,0.500052,0.509823,True,,3.13.5,0.13.0a0,
C206,0.5,2,3,local_bks,745b6c7042707ffbbfc4d681ee02a84431425f1dfb3c8aa85ecf003fec8f7e53,ok,True,3,588493,588.493,0.500133,0.508578,True,,3.13.5,0.13.0a0,
C207,0.5,0,3,local_bks,a33f03570a944c8a6d185fd6a173e66c68e67c399a4958b2d5b6d49533ace4a4,ok,True,3,588287,588.287,0.500421,0.52971,True,,3.13.5,0.13.0a0,
C207,0.5,1,3,local_bks,a33f03570a944c8a6d185fd6a173e66c68e67c399a4958b2d5b6d49533ace4a4,ok,True,3,588287,588.287,0.500106,0.508881,True,,3.13.5,0.13.0a0,
C207,0.5,2,3,local_bks,a33f03570a944c8a6d185fd6a173e66c68e67c399a4958b2d5b6d49533ace4a4,ok,True,3,588287,588.287,0.500085,0.5074,True,,3.13.5,0.13.0a0,
C208,0.5,0,3,local_bks,1c2f2381b8743680dbeb34322869cbf5a6cdd8c281f4bcffdb99b533e601874b,ok,True,3,588324,588.324,0.500313,0.508197,True,,3.13.5,0.13.0a0,
C208,0.5,1,3,local_bks,1c2f2381b8743680dbeb34322869cbf5a6cdd8c281f4bcffdb99b533e601874b,ok,True,3,588324,588.324,0.500132,0.504635,True,,3.13.5,0.13.0a0,
C208,0.5,2,3,local_bks,1c2f2381b8743680dbeb34322869cbf5a6cdd8c281f4bcffdb99b533e601874b,ok,True,3,588324,588.324,0.500703,0.513225,True,,3.13.5,0.13.0a0,
R101,0.5,0,21,m5_best_of_seeds_0_1_2,3f3655182bc0fe44ce5de65fdcd2ee2f9c7fb9ed055f923635151d9d6f76d3ed,ok,True,21,1666366,1666.366,0.501351,0.506009,True,,3.13.5,0.13.0a0,
R101,0.5,1,21,m5_best_of_seeds_0_1_2,3f3655182bc0fe44ce5de65fdcd2ee2f9c7fb9ed055f923635151d9d6f76d3ed,infeasible,False,21,,,0.502258,0.508052,False,time_window,3.13.5,0.13.0a0,
R101,0.5,2,21,m5_best_of_seeds_0_1_2,3f3655182bc0fe44ce5de65fdcd2ee2f9c7fb9ed055f923635151d9d6f76d3ed,ok,True,21,1749840,1749.84,0.500559,0.50613,True,,3.13.5,0.13.0a0,
R102,0.5,0,19,m5_best_of_seeds_0_1_2,eeb23171b7e4fbfc80bf000ca770329109900fbd7273fa8b9d1f95b7dfe683c3,ok,True,19,1501935,1501.935,0.501373,0.507161,True,,3.13.5,0.13.0a0,
R102,0.5,1,19,m5_best_of_seeds_0_1_2,eeb23171b7e4fbfc80bf000ca770329109900fbd7273fa8b9d1f95b7dfe683c3,ok,True,19,1531901,1531.901,0.500785,0.507757,True,,3.13.5,0.13.0a0,
R102,0.5,2,19,m5_best_of_seeds_0_1_2,eeb23171b7e4fbfc80bf000ca770329109900fbd7273fa8b9d1f95b7dfe683c3,ok,True,19,1565629,1565.629,0.500973,0.505969,True,,3.13.5,0.13.0a0,
R103,0.5,0,14,m5_best_of_seeds_0_1_2,1f833e8648ba39e0edc76754fb49e81777a7175cf7b084c3f60a12607bfb3991,infeasible,False,14,,,0.500579,0.510938,False,time_window,3.13.5,0.13.0a0,
R103,0.5,1,14,m5_best_of_seeds_0_1_2,1f833e8648ba39e0edc76754fb49e81777a7175cf7b084c3f60a12607bfb3991,infeasible,False,14,,,0.500412,0.508241,False,time_window,3.13.5,0.13.0a0,
R103,0.5,2,14,m5_best_of_seeds_0_1_2,1f833e8648ba39e0edc76754fb49e81777a7175cf7b084c3f60a12607bfb3991,ok,True,14,1263496,1263.496,0.503342,0.511118,True,,3.13.5,0.13.0a0,
R104,0.5,0,11,m5_best_of_seeds_0_1_2,dd087124311d91facd81736debbfc7d0f351d27942917e2d76cbafd01e6183b7,ok,True,11,1061647,1061.647,0.500403,0.506296,True,,3.13.5,0.13.0a0,
R104,0.5,1,11,m5_best_of_seeds_0_1_2,dd087124311d91facd81736debbfc7d0f351d27942917e2d76cbafd01e6183b7,ok,True,11,1098272,1098.272,0.500616,0.506853,True,,3.13.5,0.13.0a0,
R104,0.5,2,11,m5_best_of_seeds_0_1_2,dd087124311d91facd81736debbfc7d0f351d27942917e2d76cbafd01e6183b7,ok,True,11,1117700,1117.7,0.500934,0.506198,True,,3.13.5,0.13.0a0,
R105,0.5,0,17,m5_best_of_seeds_0_1_2,ff1a614f8458d6339b3f54d8e4ca2dcf0a35c96012f477f6a819ae481de85ca4,ok,True,17,1448907,1448.907,0.50019,0.505171,True,,3.13.5,0.13.0a0,
R105,0.5,1,17,m5_best_of_seeds_0_1_2,ff1a614f8458d6339b3f54d8e4ca2dcf0a35c96012f477f6a819ae481de85ca4,ok,True,17,1446945,1446.945,0.500389,0.505742,True,,3.13.5,0.13.0a0,
R105,0.5,2,17,m5_best_of_seeds_0_1_2,ff1a614f8458d6339b3f54d8e4ca2dcf0a35c96012f477f6a819ae481de85ca4,ok,True,17,1485769,1485.769,0.501494,0.507059,True,,3.13.5,0.13.0a0,
R106,0.5,0,14,m5_best_of_seeds_0_1_2,31b8783d177f0fbe1c84b8f085fbf28b1989a80e4c00f49f5654ebef99835e97,ok,True,14,1342800,1342.8,0.500799,0.506968,True,,3.13.5,0.13.0a0,
R106,0.5,1,14,m5_best_of_seeds_0_1_2,31b8783d177f0fbe1c84b8f085fbf28b1989a80e4c00f49f5654ebef99835e97,ok,True,14,1331818,1331.818,0.500023,0.506338,True,,3.13.5,0.13.0a0,
R106,0.5,2,14,m5_best_of_seeds_0_1_2,31b8783d177f0fbe1c84b8f085fbf28b1989a80e4c00f49f5654ebef99835e97,ok,True,14,1313594,1313.594,0.501774,0.50925,True,,3.13.5,0.13.0a0,
R107,0.5,0,12,m5_best_of_seeds_0_1_2,dba2b257a1d43d7c78d5e3a9f09091a2b125d3fbec78c0c8a1782add669a1275,ok,True,12,1194234,1194.234,0.500364,0.506601,True,,3.13.5,0.13.0a0,
R107,0.5,1,12,m5_best_of_seeds_0_1_2,dba2b257a1d43d7c78d5e3a9f09091a2b125d3fbec78c0c8a1782add669a1275,ok,True,12,1138264,1138.264,0.500333,0.509461,True,,3.13.5,0.13.0a0,
R107,0.5,2,12,m5_best_of_seeds_0_1_2,dba2b257a1d43d7c78d5e3a9f09091a2b125d3fbec78c0c8a1782add669a1275,ok,True,12,1193546,1193.546,0.500664,0.507312,True,,3.13.5,0.13.0a0,
R108,0.5,0,11,m5_best_of_seeds_0_1_2,65cae09f4099b7e70d2b723e0e3a30aa1494c75a367bb894a3fd13241ee639d4,ok,True,11,1020212,1020.212,0.500831,0.507512,True,,3.13.5,0.13.0a0,
R108,0.5,1,11,m5_best_of_seeds_0_1_2,65cae09f4099b7e70d2b723e0e3a30aa1494c75a367bb894a3fd13241ee639d4,ok,True,11,1028899,1028.899,0.50142,0.507728,True,,3.13.5,0.13.0a0,
R108,0.5,2,11,m5_best_of_seeds_0_1_2,65cae09f4099b7e70d2b723e0e3a30aa1494c75a367bb894a3fd13241ee639d4,ok,True,11,1057794,1057.794,0.500918,0.507999,True,,3.13.5,0.13.0a0,
R109,0.5,0,14,m5_best_of_seeds_0_1_2,4ef24030e8c48de5f85dcd90c5739186004fc8dec87533b6467013cf996f4777,ok,True,12,1159346,1159.346,0.500489,0.506316,True,,3.13.5,0.13.0a0,
R109,0.5,1,14,m5_best_of_seeds_0_1_2,4ef24030e8c48de5f85dcd90c5739186004fc8dec87533b6467013cf996f4777,ok,True,13,1152445,1152.445,0.500843,0.507991,True,,3.13.5,0.13.0a0,
R109,0.5,2,14,m5_best_of_seeds_0_1_2,4ef24030e8c48de5f85dcd90c5739186004fc8dec87533b6467013cf996f4777,ok,True,13,1185543,1185.543,0.500394,0.506997,True,,3.13.5,0.13.0a0,
R110,0.5,0,13,m5_best_of_seeds_0_1_2,14cb53cb99af61d3d708f07564b9a72d146e7c26b4f10507cfaf3bc828f34bfa,ok,True,13,1154532,1154.532,0.501015,0.506884,True,,3.13.5,0.13.0a0,
R110,0.5,1,13,m5_best_of_seeds_0_1_2,14cb53cb99af61d3d708f07564b9a72d146e7c26b4f10507cfaf3bc828f34bfa,ok,True,13,1204106,1204.106,0.502218,0.510175,True,,3.13.5,0.13.0a0,
R110,0.5,2,13,m5_best_of_seeds_0_1_2,14cb53cb99af61d3d708f07564b9a72d146e7c26b4f10507cfaf3bc828f34bfa,ok,True,13,1157965,1157.965,0.501676,0.509342,True,,3.13.5,0.13.0a0,
R111,0.5,0,12,m5_best_of_seeds_0_1_2,3d94a73b1f2fe8aae4618b9d9ea254cff2e3924a6a841aa390096ec6c60f258d,ok,True,12,1173798,1173.798,0.500058,0.506731,True,,3.13.5,0.13.0a0,
R111,0.5,1,12,m5_best_of_seeds_0_1_2,3d94a73b1f2fe8aae4618b9d9ea254cff2e3924a6a841aa390096ec6c60f258d,ok,True,12,1171316,1171.316,0.50077,0.509844,True,,3.13.5,0.13.0a0,
R111,0.5,2,12,m5_best_of_seeds_0_1_2,3d94a73b1f2fe8aae4618b9d9ea254cff2e3924a6a841aa390096ec6c60f258d,infeasible,False,12,,,0.500564,0.509811,False,time_window,3.13.5,0.13.0a0,
R112,0.5,0,12,m5_best_of_seeds_0_1_2,a0e93149d59d30c356619891d192e86d0f16c3158e1dac3bd9f23c6deb718271,ok,True,10,967561,967.561,0.500644,0.506051,True,,3.13.5,0.13.0a0,
R112,0.5,1,12,m5_best_of_seeds_0_1_2,a0e93149d59d30c356619891d192e86d0f16c3158e1dac3bd9f23c6deb718271,ok,True,11,996547,996.547,0.500307,0.505961,True,,3.13.5,0.13.0a0,
R112,0.5,2,12,m5_best_of_seeds_0_1_2,a0e93149d59d30c356619891d192e86d0f16c3158e1dac3bd9f23c6deb718271,ok,True,11,980720,980.72,0.500674,0.506686,True,,3.13.5,0.13.0a0,
R201,0.5,0,4,m5_best_of_seeds_0_1_2,0be960ec998fff2cab0bdbcc5194c617e5ca0a79c82c5b32b1d4bd98b2cae210,ok,True,4,1294077,1294.077,0.500685,0.508482,True,,3.13.5,0.13.0a0,
R201,0.5,1,4,m5_best_of_seeds_0_1_2,0be960ec998fff2cab0bdbcc5194c617e5ca0a79c82c5b32b1d4bd98b2cae210,ok,True,4,1368031,1368.031,0.50053,0.507213,True,,3.13.5,0.13.0a0,
R201,0.5,2,4,m5_best_of_seeds_0_1_2,0be960ec998fff2cab0bdbcc5194c617e5ca0a79c82c5b32b1d4bd98b2cae210,ok,True,4,1313510,1313.51,0.501775,0.50894,True,,3.13.5,0.13.0a0,
R202,0.5,0,4,m5_best_of_seeds_0_1_2,1f7761bb33e9dd0c94837b32c72280296ffc283dba997379c7ad75ce00dffc8d,ok,True,4,1210882,1210.882,0.500023,0.507942,True,,3.13.5,0.13.0a0,
R202,0.5,1,4,m5_best_of_seeds_0_1_2,1f7761bb33e9dd0c94837b32c72280296ffc283dba997379c7ad75ce00dffc8d,ok,True,4,1130050,1130.05,0.50026,0.510435,True,,3.13.5,0.13.0a0,
R202,0.5,2,4,m5_best_of_seeds_0_1_2,1f7761bb33e9dd0c94837b32c72280296ffc283dba997379c7ad75ce00dffc8d,ok,True,4,1233978,1233.978,0.500266,0.506124,True,,3.13.5,0.13.0a0,
R203,0.5,0,3,m5_best_of_seeds_0_1_2,38c484db31bd7452a94d533e26a2348ef598df600b79d061d9ddc1c61466a731,ok,True,3,973429,973.429,0.500302,0.50933,True,,3.13.5,0.13.0a0,
R203,0.5,1,3,m5_best_of_seeds_0_1_2,38c484db31bd7452a94d533e26a2348ef598df600b79d061d9ddc1c61466a731,ok,True,3,977013,977.013,0.500665,0.508319,True,,3.13.5,0.13.0a0,
R203,0.5,2,3,m5_best_of_seeds_0_1_2,38c484db31bd7452a94d533e26a2348ef598df600b79d061d9ddc1c61466a731,ok,True,3,948497,948.497,0.500981,0.511297,True,,3.13.5,0.13.0a0,
R204,0.5,0,3,m5_best_of_seeds_0_1_2,5349e37d8df99bcbee1efa2e970d2662b5265e5f82fc609343a6af0a60257abf,ok,True,3,751067,751.067,0.500541,0.505779,True,,3.13.5,0.13.0a0,
R204,0.5,1,3,m5_best_of_seeds_0_1_2,5349e37d8df99bcbee1efa2e970d2662b5265e5f82fc609343a6af0a60257abf,ok,True,3,753894,753.894,0.501072,0.506383,True,,3.13.5,0.13.0a0,
R204,0.5,2,3,m5_best_of_seeds_0_1_2,5349e37d8df99bcbee1efa2e970d2662b5265e5f82fc609343a6af0a60257abf,ok,True,3,752165,752.165,0.5006,0.5075,True,,3.13.5,0.13.0a0,
R205,0.5,0,3,m5_best_of_seeds_0_1_2,1996bf8f10716fb8cfc1a585206a6a6e566f32347c1bb8f36c75ed6c887f77e3,ok,True,3,994676,994.676,0.500476,0.50719,True,,3.13.5,0.13.0a0,
R205,0.5,1,3,m5_best_of_seeds_0_1_2,1996bf8f10716fb8cfc1a585206a6a6e566f32347c1bb8f36c75ed6c887f77e3,ok,True,3,994429,994.429,0.500211,0.506957,True,,3.13.5,0.13.0a0,
R205,0.5,2,3,m5_best_of_seeds_0_1_2,1996bf8f10716fb8cfc1a585206a6a6e566f32347c1bb8f36c75ed6c887f77e3,ok,True,3,1035499,1035.499,0.50002,0.508368,True,,3.13.5,0.13.0a0,
R206,0.5,0,3,m5_best_of_seeds_0_1_2,c8754a0319264d076c038b1bf023c8c4710e8895fe3e03f485e9ae249f32fe43,ok,True,3,935493,935.493,0.501202,0.507479,True,,3.13.5,0.13.0a0,
R206,0.5,1,3,m5_best_of_seeds_0_1_2,c8754a0319264d076c038b1bf023c8c4710e8895fe3e03f485e9ae249f32fe43,ok,True,3,944597,944.597,0.500258,0.50692,True,,3.13.5,0.13.0a0,
R206,0.5,2,3,m5_best_of_seeds_0_1_2,c8754a0319264d076c038b1bf023c8c4710e8895fe3e03f485e9ae249f32fe43,ok,True,3,946202,946.202,0.501581,0.509528,True,,3.13.5,0.13.0a0,
R207,0.5,0,3,m5_best_of_seeds_0_1_2,52dc8eebba43fdc67ca9aadab228b75a297acb55a87db3e4748e82f623e3cbe6,ok,True,3,811502,811.502,0.500285,0.506481,True,,3.13.5,0.13.0a0,
R207,0.5,1,3,m5_best_of_seeds_0_1_2,52dc8eebba43fdc67ca9aadab228b75a297acb55a87db3e4748e82f623e3cbe6,ok,True,3,816774,816.774,0.500681,0.506059,True,,3.13.5,0.13.0a0,
R207,0.5,2,3,m5_best_of_seeds_0_1_2,52dc8eebba43fdc67ca9aadab228b75a297acb55a87db3e4748e82f623e3cbe6,ok,True,3,814985,814.985,0.500767,0.506802,True,,3.13.5,0.13.0a0,
R208,0.5,0,3,m5_best_of_seeds_0_1_2,7b4a95d500af9329dd08791d39898a619faec0f8fac039d57373e761545b980d,ok,True,3,717325,717.325,0.500443,0.508862,True,,3.13.5,0.13.0a0,
R208,0.5,1,3,m5_best_of_seeds_0_1_2,7b4a95d500af9329dd08791d39898a619faec0f8fac039d57373e761545b980d,ok,True,3,726362,726.362,0.500435,0.51006,True,,3.13.5,0.13.0a0,
R208,0.5,2,3,m5_best_of_seeds_0_1_2,7b4a95d500af9329dd08791d39898a619faec0f8fac039d57373e761545b980d,ok,True,3,723080,723.08,0.500332,0.506679,True,,3.13.5,0.13.0a0,
R209,0.5,0,3,m5_best_of_seeds_0_1_2,5b74156d032babcff853ccc693f94463eca8333cd425aa99a39ed996f6258933,ok,True,3,931307,931.307,0.500732,0.510325,True,,3.13.5,0.13.0a0,
R209,0.5,1,3,m5_best_of_seeds_0_1_2,5b74156d032babcff853ccc693f94463eca8333cd425aa99a39ed996f6258933,ok,True,3,917407,917.407,0.50011,0.508711,True,,3.13.5,0.13.0a0,
R209,0.5,2,3,m5_best_of_seeds_0_1_2,5b74156d032babcff853ccc693f94463eca8333cd425aa99a39ed996f6258933,ok,True,3,920876,920.876,0.500082,0.50822,True,,3.13.5,0.13.0a0,
R210,0.5,0,3,m5_best_of_seeds_0_1_2,4e5772f109fb6183e6a648d6a1edaba3435438c2dc11c42da370fecf7bdf3a14,ok,True,3,965330,965.33,0.500239,0.506958,True,,3.13.5,0.13.0a0,
R210,0.5,1,3,m5_best_of_seeds_0_1_2,4e5772f109fb6183e6a648d6a1edaba3435438c2dc11c42da370fecf7bdf3a14,ok,True,3,962486,962.486,0.500196,0.505385,True,,3.13.5,0.13.0a0,
R210,0.5,2,3,m5_best_of_seeds_0_1_2,4e5772f109fb6183e6a648d6a1edaba3435438c2dc11c42da370fecf7bdf3a14,ok,True,3,967225,967.225,0.500784,0.507109,True,,3.13.5,0.13.0a0,
R211,0.5,0,3,m5_best_of_seeds_0_1_2,2965507e467a2f92acd59035975910e36ae11e4f49590d4c7d20a883939227ad,ok,True,3,819487,819.487,0.500691,0.509544,True,,3.13.5,0.13.0a0,
R211,0.5,1,3,m5_best_of_seeds_0_1_2,2965507e467a2f92acd59035975910e36ae11e4f49590d4c7d20a883939227ad,ok,True,3,806306,806.306,0.50013,0.507127,True,,3.13.5,0.13.0a0,
R211,0.5,2,3,m5_best_of_seeds_0_1_2,2965507e467a2f92acd59035975910e36ae11e4f49590d4c7d20a883939227ad,ok,True,3,831411,831.411,0.50041,0.506674,True,,3.13.5,0.13.0a0,
RC101,0.5,0,17,m5_best_of_seeds_0_1_2,ef6893ffd9746ad96de8e4da6e64e2c4ba6e08a1c7eb9457276a9f1caf01ca12,ok,True,17,1709079,1709.079,0.500446,0.507857,True,,3.13.5,0.13.0a0,
RC101,0.5,1,17,m5_best_of_seeds_0_1_2,ef6893ffd9746ad96de8e4da6e64e2c4ba6e08a1c7eb9457276a9f1caf01ca12,ok,True,17,1715070,1715.07,0.500133,0.506231,True,,3.13.5,0.13.0a0,
RC101,0.5,2,17,m5_best_of_seeds_0_1_2,ef6893ffd9746ad96de8e4da6e64e2c4ba6e08a1c7eb9457276a9f1caf01ca12,infeasible,False,17,,,0.501226,0.506665,False,time_window,3.13.5,0.13.0a0,
RC102,0.5,0,15,m5_best_of_seeds_0_1_2,36acd349d34a577c7fadd61f78517c2cb74bd06a490273800c288f341e5785a4,ok,True,15,1580980,1580.98,0.501355,0.506083,True,,3.13.5,0.13.0a0,
RC102,0.5,1,15,m5_best_of_seeds_0_1_2,36acd349d34a577c7fadd61f78517c2cb74bd06a490273800c288f341e5785a4,ok,True,15,1601998,1601.998,0.500651,0.506246,True,,3.13.5,0.13.0a0,
RC102,0.5,2,15,m5_best_of_seeds_0_1_2,36acd349d34a577c7fadd61f78517c2cb74bd06a490273800c288f341e5785a4,ok,True,15,1515312,1515.312,0.500013,0.505874,True,,3.13.5,0.13.0a0,
RC103,0.5,0,12,m5_best_of_seeds_0_1_2,00f384138274d5d2bff5c41601db17cc4ad0cfc6315c27e223d4477bf435cc2d,ok,True,12,1321637,1321.637,0.501964,0.509274,True,,3.13.5,0.13.0a0,
RC103,0.5,1,12,m5_best_of_seeds_0_1_2,00f384138274d5d2bff5c41601db17cc4ad0cfc6315c27e223d4477bf435cc2d,ok,True,12,1380873,1380.873,0.501259,0.509583,True,,3.13.5,0.13.0a0,
RC103,0.5,2,12,m5_best_of_seeds_0_1_2,00f384138274d5d2bff5c41601db17cc4ad0cfc6315c27e223d4477bf435cc2d,ok,True,12,1428657,1428.657,0.50044,0.507987,True,,3.13.5,0.13.0a0,
RC104,0.5,0,11,m5_best_of_seeds_0_1_2,d150b2d61049a488fb89a2320c197d81a7ef9a1864abbbaea1d13a2b451253ee,ok,True,11,1258609,1258.609,0.50206,0.51026,True,,3.13.5,0.13.0a0,
RC104,0.5,1,11,m5_best_of_seeds_0_1_2,d150b2d61049a488fb89a2320c197d81a7ef9a1864abbbaea1d13a2b451253ee,ok,True,11,1271545,1271.545,0.500702,0.50814,True,,3.13.5,0.13.0a0,
RC104,0.5,2,11,m5_best_of_seeds_0_1_2,d150b2d61049a488fb89a2320c197d81a7ef9a1864abbbaea1d13a2b451253ee,ok,True,11,1257020,1257.02,0.500315,0.506797,True,,3.13.5,0.13.0a0,
RC105,0.5,0,16,m5_best_of_seeds_0_1_2,b9e912625c1ed80d2f565e0799ade2f4b17bf4f95056322ca23f1a21b37e7a49,ok,True,16,1623737,1623.737,0.500554,0.506225,True,,3.13.5,0.13.0a0,
RC105,0.5,1,16,m5_best_of_seeds_0_1_2,b9e912625c1ed80d2f565e0799ade2f4b17bf4f95056322ca23f1a21b37e7a49,infeasible,False,16,,,0.501053,0.508487,False,time_window,3.13.5,0.13.0a0,
RC105,0.5,2,16,m5_best_of_seeds_0_1_2,b9e912625c1ed80d2f565e0799ade2f4b17bf4f95056322ca23f1a21b37e7a49,ok,True,16,1583513,1583.513,0.502469,0.508958,True,,3.13.5,0.13.0a0,
RC106,0.5,0,15,m5_best_of_seeds_0_1_2,bf016ffc567af2d108570357daf1d0cabb7f680c0bd977d2e4366787683fdbaf,ok,True,15,1476491,1476.491,0.500725,0.505889,True,,3.13.5,0.13.0a0,
RC106,0.5,1,15,m5_best_of_seeds_0_1_2,bf016ffc567af2d108570357daf1d0cabb7f680c0bd977d2e4366787683fdbaf,ok,True,15,1551695,1551.695,0.500786,0.50568,True,,3.13.5,0.13.0a0,
RC106,0.5,2,15,m5_best_of_seeds_0_1_2,bf016ffc567af2d108570357daf1d0cabb7f680c0bd977d2e4366787683fdbaf,ok,True,15,1462911,1462.911,0.500122,0.506115,True,,3.13.5,0.13.0a0,
RC107,0.5,0,14,m5_best_of_seeds_0_1_2,fff3fd68d110671ed442575f07cc547291586f30b00c5f73934d521d31311582,ok,True,13,1352098,1352.098,0.500158,0.50621,True,,3.13.5,0.13.0a0,
RC107,0.5,1,14,m5_best_of_seeds_0_1_2,fff3fd68d110671ed442575f07cc547291586f30b00c5f73934d521d31311582,ok,True,14,1383269,1383.269,0.500962,0.506223,True,,3.13.5,0.13.0a0,
RC107,0.5,2,14,m5_best_of_seeds_0_1_2,fff3fd68d110671ed442575f07cc547291586f30b00c5f73934d521d31311582,ok,True,13,1366272,1366.272,0.500994,0.507255,True,,3.13.5,0.13.0a0,
RC108,0.5,0,13,m5_best_of_seeds_0_1_2,006bc8817bf09f9a8c66af8d6f088bdec239b2eb435556e9d11193cf456f7aeb,ok,True,13,1297388,1297.388,0.500494,0.505761,True,,3.13.5,0.13.0a0,
RC108,0.5,1,13,m5_best_of_seeds_0_1_2,006bc8817bf09f9a8c66af8d6f088bdec239b2eb435556e9d11193cf456f7aeb,ok,True,13,1323496,1323.496,0.500639,0.506293,True,,3.13.5,0.13.0a0,
RC108,0.5,2,13,m5_best_of_seeds_0_1_2,006bc8817bf09f9a8c66af8d6f088bdec239b2eb435556e9d11193cf456f7aeb,ok,True,13,1267940,1267.94,0.500456,0.505604,True,,3.13.5,0.13.0a0,
RC201,0.5,0,4,m5_best_of_seeds_0_1_2,288836e2d8c2ace83ebbff77e03ac8cdffc574fc134cade21ef92713f8c52d44,ok,True,4,1659103,1659.103,0.501085,0.508821,True,,3.13.5,0.13.0a0,
RC201,0.5,1,4,m5_best_of_seeds_0_1_2,288836e2d8c2ace83ebbff77e03ac8cdffc574fc134cade21ef92713f8c52d44,ok,True,4,1622842,1622.842,0.500559,0.508389,True,,3.13.5,0.13.0a0,
RC201,0.5,2,4,m5_best_of_seeds_0_1_2,288836e2d8c2ace83ebbff77e03ac8cdffc574fc134cade21ef92713f8c52d44,ok,True,4,1525618,1525.618,0.500128,0.507537,True,,3.13.5,0.13.0a0,
RC202,0.5,0,4,m5_best_of_seeds_0_1_2,5a1dee2017ab0ca4fe280b392678c96e8b5bc71f22d02c8058fbde7c4cfebcf4,ok,True,4,1162114,1162.114,0.500255,0.50645,True,,3.13.5,0.13.0a0,
RC202,0.5,1,4,m5_best_of_seeds_0_1_2,5a1dee2017ab0ca4fe280b392678c96e8b5bc71f22d02c8058fbde7c4cfebcf4,ok,True,4,1164900,1164.9,0.500489,0.508687,True,,3.13.5,0.13.0a0,
RC202,0.5,2,4,m5_best_of_seeds_0_1_2,5a1dee2017ab0ca4fe280b392678c96e8b5bc71f22d02c8058fbde7c4cfebcf4,ok,True,4,1162656,1162.656,0.500974,0.508978,True,,3.13.5,0.13.0a0,
RC203,0.5,0,3,m5_best_of_seeds_0_1_2,4adcb362c23df91f14b828d4964e9383ffb02ee74217afc2d84571f83ed91f8b,ok,True,3,1183937,1183.937,0.500724,0.508579,True,,3.13.5,0.13.0a0,
RC203,0.5,1,3,m5_best_of_seeds_0_1_2,4adcb362c23df91f14b828d4964e9383ffb02ee74217afc2d84571f83ed91f8b,ok,True,3,1097474,1097.474,0.501396,0.510878,True,,3.13.5,0.13.0a0,
RC203,0.5,2,3,m5_best_of_seeds_0_1_2,4adcb362c23df91f14b828d4964e9383ffb02ee74217afc2d84571f83ed91f8b,ok,True,3,1332502,1332.502,0.500738,0.511588,True,,3.13.5,0.13.0a0,
RC204,0.5,0,3,m5_best_of_seeds_0_1_2,11e827eab51a959ebab66344e7b7cfd1aeed895287653b36a72c86a4440ecd77,ok,True,3,804560,804.56,0.500325,0.505713,True,,3.13.5,0.13.0a0,
RC204,0.5,1,3,m5_best_of_seeds_0_1_2,11e827eab51a959ebab66344e7b7cfd1aeed895287653b36a72c86a4440ecd77,ok,True,3,841225,841.225,0.500058,0.505413,True,,3.13.5,0.13.0a0,
RC204,0.5,2,3,m5_best_of_seeds_0_1_2,11e827eab51a959ebab66344e7b7cfd1aeed895287653b36a72c86a4440ecd77,ok,True,3,803102,803.102,0.500292,0.504732,True,,3.13.5,0.13.0a0,
RC205,0.5,0,4,m5_best_of_seeds_0_1_2,c061d306cf42310b0f3ca15612089f6c5a8d5604c0733bf26852477c787662c9,ok,True,4,1559713,1559.713,0.500897,0.509135,True,,3.13.5,0.13.0a0,
RC205,0.5,1,4,m5_best_of_seeds_0_1_2,c061d306cf42310b0f3ca15612089f6c5a8d5604c0733bf26852477c787662c9,ok,True,4,1504378,1504.378,0.500155,0.510733,True,,3.13.5,0.13.0a0,
RC205,0.5,2,4,m5_best_of_seeds_0_1_2,c061d306cf42310b0f3ca15612089f6c5a8d5604c0733bf26852477c787662c9,ok,True,4,1427623,1427.623,0.50174,0.510163,True,,3.13.5,0.13.0a0,
RC206,0.5,0,4,m5_best_of_seeds_0_1_2,5203aecf67c84df49e152645312a837ffefde529314ff892ca061538816e43a9,ok,True,4,1082283,1082.283,0.500403,0.507849,True,,3.13.5,0.13.0a0,
RC206,0.5,1,4,m5_best_of_seeds_0_1_2,5203aecf67c84df49e152645312a837ffefde529314ff892ca061538816e43a9,ok,True,4,1094252,1094.252,0.500357,0.505862,True,,3.13.5,0.13.0a0,
RC206,0.5,2,4,m5_best_of_seeds_0_1_2,5203aecf67c84df49e152645312a837ffefde529314ff892ca061538816e43a9,ok,True,4,1086221,1086.221,0.500246,0.50766,True,,3.13.5,0.13.0a0,
RC207,0.5,0,4,m5_best_of_seeds_0_1_2,5cab65f99b350cdb8fb1c4d0a12dde85eb4ff6a6d6daf292b182cb73de9a8b63,ok,True,4,1022889,1022.889,0.502063,0.508631,True,,3.13.5,0.13.0a0,
RC207,0.5,1,4,m5_best_of_seeds_0_1_2,5cab65f99b350cdb8fb1c4d0a12dde85eb4ff6a6d6daf292b182cb73de9a8b63,ok,True,4,1085169,1085.169,0.500308,0.508321,True,,3.13.5,0.13.0a0,
RC207,0.5,2,4,m5_best_of_seeds_0_1_2,5cab65f99b350cdb8fb1c4d0a12dde85eb4ff6a6d6daf292b182cb73de9a8b63,ok,True,4,1015418,1015.418,0.500745,0.507136,True,,3.13.5,0.13.0a0,
RC208,0.5,0,3,m5_best_of_seeds_0_1_2,3d67d2a8e2758a324643f5d6c6ca87e8c56435273eaa04be33f213bb991f1f28,ok,True,3,829001,829.001,0.500357,0.508047,True,,3.13.5,0.13.0a0,
RC208,0.5,1,3,m5_best_of_seeds_0_1_2,3d67d2a8e2758a324643f5d6c6ca87e8c56435273eaa04be33f213bb991f1f28,ok,True,3,838594,838.594,0.500677,0.507961,True,,3.13.5,0.13.0a0,
RC208,0.5,2,3,m5_best_of_seeds_0_1_2,3d67d2a8e2758a324643f5d6c6ca87e8c56435273eaa04be33f213bb991f1f28,ok,True,3,864796,864.796,0.500108,0.506434,True,,3.13.5,0.13.0a0,
R104,0.5,0,10,m7_ablation_minimum,dd087124311d91facd81736debbfc7d0f351d27942917e2d76cbafd01e6183b7,ok,True,10,1115290,1115.29,0.500203,0.510808,True,,3.13.5,0.13.0a0,
R104,0.5,1,10,m7_ablation_minimum,dd087124311d91facd81736debbfc7d0f351d27942917e2d76cbafd01e6183b7,ok,True,10,1054582,1054.582,0.500449,0.512737,True,,3.13.5,0.13.0a0,
R104,0.5,2,10,m7_ablation_minimum,dd087124311d91facd81736debbfc7d0f351d27942917e2d76cbafd01e6183b7,infeasible,False,10,,,0.500399,0.519317,False,time_window,3.13.5,0.13.0a0,
R107,0.5,0,11,m7_ablation_minimum,dba2b257a1d43d7c78d5e3a9f09091a2b125d3fbec78c0c8a1782add669a1275,ok,True,11,1178698,1178.698,0.501305,0.508607,True,,3.13.5,0.13.0a0,
R107,0.5,1,11,m7_ablation_minimum,dba2b257a1d43d7c78d5e3a9f09091a2b125d3fbec78c0c8a1782add669a1275,infeasible,False,11,,,0.501774,0.511179,False,time_window,3.13.5,0.13.0a0,
R107,0.5,2,11,m7_ablation_minimum,dba2b257a1d43d7c78d5e3a9f09091a2b125d3fbec78c0c8a1782add669a1275,infeasible,False,11,,,0.500109,0.510456,False,time_window,3.13.5,0.13.0a0,
R108,0.5,0,10,m7_ablation_minimum,65cae09f4099b7e70d2b723e0e3a30aa1494c75a367bb894a3fd13241ee639d4,ok,True,10,1009740,1009.74,0.500352,0.508865,True,,3.13.5,0.13.0a0,
R108,0.5,1,10,m7_ablation_minimum,65cae09f4099b7e70d2b723e0e3a30aa1494c75a367bb894a3fd13241ee639d4,ok,True,10,1093063,1093.063,0.500769,0.508989,True,,3.13.5,0.13.0a0,
R108,0.5,2,10,m7_ablation_minimum,65cae09f4099b7e70d2b723e0e3a30aa1494c75a367bb894a3fd13241ee639d4,ok,True,10,1076134,1076.134,0.500659,0.507775,True,,3.13.5,0.13.0a0,
R208,0.5,0,2,m7_ablation_minimum,7b4a95d500af9329dd08791d39898a619faec0f8fac039d57373e761545b980d,ok,True,2,739596,739.596,0.500705,0.518289,True,,3.13.5,0.13.0a0,
R208,0.5,1,2,m7_ablation_minimum,7b4a95d500af9329dd08791d39898a619faec0f8fac039d57373e761545b980d,ok,True,2,739596,739.596,0.500268,0.512687,True,,3.13.5,0.13.0a0,
R208,0.5,2,2,m7_ablation_minimum,7b4a95d500af9329dd08791d39898a619faec0f8fac039d57373e761545b980d,ok,True,2,727145,727.145,0.500265,0.510672,True,,3.13.5,0.13.0a0,
R105,0.5,0,16,m7_own_confirmation_minimum,ff1a614f8458d6339b3f54d8e4ca2dcf0a35c96012f477f6a819ae481de85ca4,ok,True,16,1432598,1432.598,0.501493,0.507582,True,,3.13.5,0.13.0a0,
R105,0.5,1,16,m7_own_confirmation_minimum,ff1a614f8458d6339b3f54d8e4ca2dcf0a35c96012f477f6a819ae481de85ca4,ok,True,15,1448414,1448.414,0.500216,0.507504,True,,3.13.5,0.13.0a0,
R105,0.5,2,16,m7_own_confirmation_minimum,ff1a614f8458d6339b3f54d8e4ca2dcf0a35c96012f477f6a819ae481de85ca4,ok,True,16,1478969,1478.969,0.50007,0.505767,True,,3.13.5,0.13.0a0,
RC207,0.5,0,3,m7_verified_delivery_minimum,5cab65f99b350cdb8fb1c4d0a12dde85eb4ff6a6d6daf292b182cb73de9a8b63,ok,True,3,1066333,1066.333,0.500254,0.507358,True,,3.13.5,0.13.0a0,
RC207,0.5,1,3,m7_verified_delivery_minimum,5cab65f99b350cdb8fb1c4d0a12dde85eb4ff6a6d6daf292b182cb73de9a8b63,ok,True,3,1126370,1126.37,0.500509,0.513429,True,,3.13.5,0.13.0a0,
RC207,0.5,2,3,m7_verified_delivery_minimum,5cab65f99b350cdb8fb1c4d0a12dde85eb4ff6a6d6daf292b182cb73de9a8b63,ok,True,3,1092867,1092.867,0.500293,0.508334,True,,3.13.5,0.13.0a0,
