instance,input_format,input_sha256,seed,threads,status,feasible,vehicles,distance_ticks,distance,first_feasible_seconds,runtime_seconds,iterations,stop_reason,numeric_rule,reference_status,reference_vehicles,reference_distance,distance_gap_percent,error,time_limit_seconds,max_iterations,fleet_attempts_per_k,max_moves,vehicle_limit,code_sha256,diagnostics_enabled,variant,config_sha256
C101,solomon_txt,a6da75152d182d60ecd2c6f854296f5be452f92282d096adebcf5d99a7f16516,0,1,ok,True,10,828937,828.937,0.070708,0.500467,1,time_limit,solomon_exact_1000_v1,missing,,,,,0.5,,100,2,25,fb89464a08a8315316a993462b898339a1874a83f2825c9a1b6ff87072390d28,False,candidate,e6dbfbf4af082d1931b05cdf5e6025870dea04a3e7f83089c123ae878bc463bb
C101,solomon_txt,a6da75152d182d60ecd2c6f854296f5be452f92282d096adebcf5d99a7f16516,1,1,ok,True,10,828937,828.937,0.066753,0.500415,1,time_limit,solomon_exact_1000_v1,missing,,,,,0.5,,100,2,25,fb89464a08a8315316a993462b898339a1874a83f2825c9a1b6ff87072390d28,False,candidate,e6dbfbf4af082d1931b05cdf5e6025870dea04a3e7f83089c123ae878bc463bb
C101,solomon_txt,a6da75152d182d60ecd2c6f854296f5be452f92282d096adebcf5d99a7f16516,2,1,ok,True,10,828937,828.937,0.066965,0.500417,1,time_limit,solomon_exact_1000_v1,missing,,,,,0.5,,100,2,25,fb89464a08a8315316a993462b898339a1874a83f2825c9a1b6ff87072390d28,False,candidate,e6dbfbf4af082d1931b05cdf5e6025870dea04a3e7f83089c123ae878bc463bb
C102,solomon_txt,f89a0e2a760cc7448a4ca72b88e5b29b94d64b5548f3320f42a6230025ead653,0,1,ok,True,10,1258253,1258.253,0.071028,0.500436,2,time_limit,solomon_exact_1000_v1,missing,,,,,0.5,,100,2,25,fb89464a08a8315316a993462b898339a1874a83f2825c9a1b6ff87072390d28,False,candidate,e6dbfbf4af082d1931b05cdf5e6025870dea04a3e7f83089c123ae878bc463bb
C102,solomon_txt,f89a0e2a760cc7448a4ca72b88e5b29b94d64b5548f3320f42a6230025ead653,1,1,ok,True,10,1258583,1258.583,0.102326,0.500683,1,time_limit,solomon_exact_1000_v1,missing,,,,,0.5,,100,2,25,fb89464a08a8315316a993462b898339a1874a83f2825c9a1b6ff87072390d28,False,candidate,e6dbfbf4af082d1931b05cdf5e6025870dea04a3e7f83089c123ae878bc463bb
C102,solomon_txt,f89a0e2a760cc7448a4ca72b88e5b29b94d64b5548f3320f42a6230025ead653,2,1,ok,True,10,1258583,1258.583,0.103446,0.500623,1,time_limit,solomon_exact_1000_v1,missing,,,,,0.5,,100,2,25,fb89464a08a8315316a993462b898339a1874a83f2825c9a1b6ff87072390d28,False,candidate,e6dbfbf4af082d1931b05cdf5e6025870dea04a3e7f83089c123ae878bc463bb
C103,solomon_txt,a55cabf15e0da9d65696a5fb45c9852889479893f76f772a428ca15d1b415a51,0,1,ok,True,10,1819480,1819.48,0.113628,0.501036,3,time_limit,solomon_exact_1000_v1,missing,,,,,0.5,,100,2,25,fb89464a08a8315316a993462b898339a1874a83f2825c9a1b6ff87072390d28,False,candidate,e6dbfbf4af082d1931b05cdf5e6025870dea04a3e7f83089c123ae878bc463bb
C103,solomon_txt,a55cabf15e0da9d65696a5fb45c9852889479893f76f772a428ca15d1b415a51,1,1,ok,True,10,1788945,1788.945,0.120333,0.500612,3,time_limit,solomon_exact_1000_v1,missing,,,,,0.5,,100,2,25,fb89464a08a8315316a993462b898339a1874a83f2825c9a1b6ff87072390d28,False,candidate,e6dbfbf4af082d1931b05cdf5e6025870dea04a3e7f83089c123ae878bc463bb
C103,solomon_txt,a55cabf15e0da9d65696a5fb45c9852889479893f76f772a428ca15d1b415a51,2,1,ok,True,10,1797230,1797.23,0.129238,0.500624,3,time_limit,solomon_exact_1000_v1,missing,,,,,0.5,,100,2,25,fb89464a08a8315316a993462b898339a1874a83f2825c9a1b6ff87072390d28,False,candidate,e6dbfbf4af082d1931b05cdf5e6025870dea04a3e7f83089c123ae878bc463bb
C104,solomon_txt,fe333e81625ee5a75bb2ce98c2c9f356d07289237865b62a23ba2f32f0de5ee2,0,1,ok,True,10,1938129,1938.129,0.11866,0.500571,3,time_limit,solomon_exact_1000_v1,missing,,,,,0.5,,100,2,25,fb89464a08a8315316a993462b898339a1874a83f2825c9a1b6ff87072390d28,False,candidate,e6dbfbf4af082d1931b05cdf5e6025870dea04a3e7f83089c123ae878bc463bb
C104,solomon_txt,fe333e81625ee5a75bb2ce98c2c9f356d07289237865b62a23ba2f32f0de5ee2,1,1,ok,True,10,1943618,1943.618,0.120762,0.50029,3,time_limit,solomon_exact_1000_v1,missing,,,,,0.5,,100,2,25,fb89464a08a8315316a993462b898339a1874a83f2825c9a1b6ff87072390d28,False,candidate,e6dbfbf4af082d1931b05cdf5e6025870dea04a3e7f83089c123ae878bc463bb
C104,solomon_txt,fe333e81625ee5a75bb2ce98c2c9f356d07289237865b62a23ba2f32f0de5ee2,2,1,ok,True,10,1868896,1868.896,0.122338,0.500571,4,time_limit,solomon_exact_1000_v1,missing,,,,,0.5,,100,2,25,fb89464a08a8315316a993462b898339a1874a83f2825c9a1b6ff87072390d28,False,candidate,e6dbfbf4af082d1931b05cdf5e6025870dea04a3e7f83089c123ae878bc463bb
C105,solomon_txt,9a877a3a6fb922e7ad9297cc0308bc8a5652cb1495a0228ee6b81b2d938aa29f,0,1,ok,True,10,1152670,1152.67,0.098671,0.500646,1,time_limit,solomon_exact_1000_v1,missing,,,,,0.5,,100,2,25,fb89464a08a8315316a993462b898339a1874a83f2825c9a1b6ff87072390d28,False,candidate,e6dbfbf4af082d1931b05cdf5e6025870dea04a3e7f83089c123ae878bc463bb
C105,solomon_txt,9a877a3a6fb922e7ad9297cc0308bc8a5652cb1495a0228ee6b81b2d938aa29f,1,1,ok,True,10,1039051,1039.051,0.10106,0.500559,1,time_limit,solomon_exact_1000_v1,missing,,,,,0.5,,100,2,25,fb89464a08a8315316a993462b898339a1874a83f2825c9a1b6ff87072390d28,False,candidate,e6dbfbf4af082d1931b05cdf5e6025870dea04a3e7f83089c123ae878bc463bb
C105,solomon_txt,9a877a3a6fb922e7ad9297cc0308bc8a5652cb1495a0228ee6b81b2d938aa29f,2,1,ok,True,10,1066901,1066.901,0.099293,0.500591,1,time_limit,solomon_exact_1000_v1,missing,,,,,0.5,,100,2,25,fb89464a08a8315316a993462b898339a1874a83f2825c9a1b6ff87072390d28,False,candidate,e6dbfbf4af082d1931b05cdf5e6025870dea04a3e7f83089c123ae878bc463bb
C106,solomon_txt,ec9b419bed53e9c607cce76e8c6bc59feb6e4d17646905601f008a4141ec7b40,0,1,ok,True,10,1155645,1155.645,0.09476,0.500609,1,time_limit,solomon_exact_1000_v1,missing,,,,,0.5,,100,2,25,fb89464a08a8315316a993462b898339a1874a83f2825c9a1b6ff87072390d28,False,candidate,e6dbfbf4af082d1931b05cdf5e6025870dea04a3e7f83089c123ae878bc463bb
C106,solomon_txt,ec9b419bed53e9c607cce76e8c6bc59feb6e4d17646905601f008a4141ec7b40,1,1,ok,True,10,1100696,1100.696,0.094683,0.500587,1,time_limit,solomon_exact_1000_v1,missing,,,,,0.5,,100,2,25,fb89464a08a8315316a993462b898339a1874a83f2825c9a1b6ff87072390d28,False,candidate,e6dbfbf4af082d1931b05cdf5e6025870dea04a3e7f83089c123ae878bc463bb
C106,solomon_txt,ec9b419bed53e9c607cce76e8c6bc59feb6e4d17646905601f008a4141ec7b40,2,1,ok,True,10,1084912,1084.912,0.09542,0.500688,1,time_limit,solomon_exact_1000_v1,missing,,,,,0.5,,100,2,25,fb89464a08a8315316a993462b898339a1874a83f2825c9a1b6ff87072390d28,False,candidate,e6dbfbf4af082d1931b05cdf5e6025870dea04a3e7f83089c123ae878bc463bb
C107,solomon_txt,cb3cdc10d812fa17370eb52cb753b6b0574426dc6fabeb8b9076ed750ddf05ca,0,1,ok,True,10,1088386,1088.386,0.102362,0.500625,1,time_limit,solomon_exact_1000_v1,missing,,,,,0.5,,100,2,25,fb89464a08a8315316a993462b898339a1874a83f2825c9a1b6ff87072390d28,False,candidate,e6dbfbf4af082d1931b05cdf5e6025870dea04a3e7f83089c123ae878bc463bb
C107,solomon_txt,cb3cdc10d812fa17370eb52cb753b6b0574426dc6fabeb8b9076ed750ddf05ca,1,1,ok,True,10,1119053,1119.053,0.101991,0.500624,1,time_limit,solomon_exact_1000_v1,missing,,,,,0.5,,100,2,25,fb89464a08a8315316a993462b898339a1874a83f2825c9a1b6ff87072390d28,False,candidate,e6dbfbf4af082d1931b05cdf5e6025870dea04a3e7f83089c123ae878bc463bb
C107,solomon_txt,cb3cdc10d812fa17370eb52cb753b6b0574426dc6fabeb8b9076ed750ddf05ca,2,1,ok,True,10,1087988,1087.988,0.102321,0.500564,1,time_limit,solomon_exact_1000_v1,missing,,,,,0.5,,100,2,25,fb89464a08a8315316a993462b898339a1874a83f2825c9a1b6ff87072390d28,False,candidate,e6dbfbf4af082d1931b05cdf5e6025870dea04a3e7f83089c123ae878bc463bb
C108,solomon_txt,b8c7e48f292b66b283d8e71511e3a4eccaa4c4bc66b9313c399e73b0226f5953,0,1,ok,True,11,2105310,2105.31,0.098262,0.500645,1,time_limit,solomon_exact_1000_v1,missing,,,,,0.5,,100,2,25,fb89464a08a8315316a993462b898339a1874a83f2825c9a1b6ff87072390d28,False,candidate,e6dbfbf4af082d1931b05cdf5e6025870dea04a3e7f83089c123ae878bc463bb
C108,solomon_txt,b8c7e48f292b66b283d8e71511e3a4eccaa4c4bc66b9313c399e73b0226f5953,1,1,ok,True,10,1562897,1562.897,0.098247,0.500613,1,time_limit,solomon_exact_1000_v1,missing,,,,,0.5,,100,2,25,fb89464a08a8315316a993462b898339a1874a83f2825c9a1b6ff87072390d28,False,candidate,e6dbfbf4af082d1931b05cdf5e6025870dea04a3e7f83089c123ae878bc463bb
C108,solomon_txt,b8c7e48f292b66b283d8e71511e3a4eccaa4c4bc66b9313c399e73b0226f5953,2,1,ok,True,10,1419591,1419.591,0.097046,0.500727,2,time_limit,solomon_exact_1000_v1,missing,,,,,0.5,,100,2,25,fb89464a08a8315316a993462b898339a1874a83f2825c9a1b6ff87072390d28,False,candidate,e6dbfbf4af082d1931b05cdf5e6025870dea04a3e7f83089c123ae878bc463bb
C109,solomon_txt,72d8489e14bf1bb18456f0b21b01110506cbcc2354719dae8481b480150f142a,0,1,ok,True,10,1626718,1626.718,0.106615,0.500622,4,time_limit,solomon_exact_1000_v1,missing,,,,,0.5,,100,2,25,fb89464a08a8315316a993462b898339a1874a83f2825c9a1b6ff87072390d28,False,candidate,e6dbfbf4af082d1931b05cdf5e6025870dea04a3e7f83089c123ae878bc463bb
C109,solomon_txt,72d8489e14bf1bb18456f0b21b01110506cbcc2354719dae8481b480150f142a,1,1,ok,True,10,1613769,1613.769,0.110944,0.500629,4,time_limit,solomon_exact_1000_v1,missing,,,,,0.5,,100,2,25,fb89464a08a8315316a993462b898339a1874a83f2825c9a1b6ff87072390d28,False,candidate,e6dbfbf4af082d1931b05cdf5e6025870dea04a3e7f83089c123ae878bc463bb
C109,solomon_txt,72d8489e14bf1bb18456f0b21b01110506cbcc2354719dae8481b480150f142a,2,1,ok,True,10,1633369,1633.369,0.108962,0.5006,4,time_limit,solomon_exact_1000_v1,missing,,,,,0.5,,100,2,25,fb89464a08a8315316a993462b898339a1874a83f2825c9a1b6ff87072390d28,False,candidate,e6dbfbf4af082d1931b05cdf5e6025870dea04a3e7f83089c123ae878bc463bb
C201,solomon_txt,d8d9834087ae2326fa23a8510533060233dc9fb481873be60956eb26a880ad63,0,1,ok,True,3,704252,704.252,0.263869,0.500553,1,time_limit,solomon_exact_1000_v1,missing,,,,,0.5,,100,2,25,fb89464a08a8315316a993462b898339a1874a83f2825c9a1b6ff87072390d28,False,candidate,e6dbfbf4af082d1931b05cdf5e6025870dea04a3e7f83089c123ae878bc463bb
C201,solomon_txt,d8d9834087ae2326fa23a8510533060233dc9fb481873be60956eb26a880ad63,1,1,ok,True,3,704252,704.252,0.26425,0.50057,1,time_limit,solomon_exact_1000_v1,missing,,,,,0.5,,100,2,25,fb89464a08a8315316a993462b898339a1874a83f2825c9a1b6ff87072390d28,False,candidate,e6dbfbf4af082d1931b05cdf5e6025870dea04a3e7f83089c123ae878bc463bb
C201,solomon_txt,d8d9834087ae2326fa23a8510533060233dc9fb481873be60956eb26a880ad63,2,1,ok,True,3,704252,704.252,0.264833,0.501085,1,time_limit,solomon_exact_1000_v1,missing,,,,,0.5,,100,2,25,fb89464a08a8315316a993462b898339a1874a83f2825c9a1b6ff87072390d28,False,candidate,e6dbfbf4af082d1931b05cdf5e6025870dea04a3e7f83089c123ae878bc463bb
C202,solomon_txt,dfc8ecad79f6c7ffb096cd36994143569f0babe284d5ad194683271d81063772,0,1,ok,True,3,746236,746.236,0.248458,0.500613,1,time_limit,solomon_exact_1000_v1,missing,,,,,0.5,,100,2,25,fb89464a08a8315316a993462b898339a1874a83f2825c9a1b6ff87072390d28,False,candidate,e6dbfbf4af082d1931b05cdf5e6025870dea04a3e7f83089c123ae878bc463bb
C202,solomon_txt,dfc8ecad79f6c7ffb096cd36994143569f0babe284d5ad194683271d81063772,1,1,ok,True,3,746236,746.236,0.249962,0.500571,1,time_limit,solomon_exact_1000_v1,missing,,,,,0.5,,100,2,25,fb89464a08a8315316a993462b898339a1874a83f2825c9a1b6ff87072390d28,False,candidate,e6dbfbf4af082d1931b05cdf5e6025870dea04a3e7f83089c123ae878bc463bb
C202,solomon_txt,dfc8ecad79f6c7ffb096cd36994143569f0babe284d5ad194683271d81063772,2,1,ok,True,3,746236,746.236,0.251378,0.500653,1,time_limit,solomon_exact_1000_v1,missing,,,,,0.5,,100,2,25,fb89464a08a8315316a993462b898339a1874a83f2825c9a1b6ff87072390d28,False,candidate,e6dbfbf4af082d1931b05cdf5e6025870dea04a3e7f83089c123ae878bc463bb
C203,solomon_txt,2b79eea2962a848cb29f6153d4fb4ae725d35507686d937da6643b33fcd85062,0,1,ok,True,3,681625,681.625,0.240522,0.500714,1,time_limit,solomon_exact_1000_v1,missing,,,,,0.5,,100,2,25,fb89464a08a8315316a993462b898339a1874a83f2825c9a1b6ff87072390d28,False,candidate,e6dbfbf4af082d1931b05cdf5e6025870dea04a3e7f83089c123ae878bc463bb
C203,solomon_txt,2b79eea2962a848cb29f6153d4fb4ae725d35507686d937da6643b33fcd85062,1,1,ok,True,3,765859,765.859,0.247304,0.500268,1,time_limit,solomon_exact_1000_v1,missing,,,,,0.5,,100,2,25,fb89464a08a8315316a993462b898339a1874a83f2825c9a1b6ff87072390d28,False,candidate,e6dbfbf4af082d1931b05cdf5e6025870dea04a3e7f83089c123ae878bc463bb
C203,solomon_txt,2b79eea2962a848cb29f6153d4fb4ae725d35507686d937da6643b33fcd85062,2,1,ok,True,3,695185,695.185,0.242392,0.500552,1,time_limit,solomon_exact_1000_v1,missing,,,,,0.5,,100,2,25,fb89464a08a8315316a993462b898339a1874a83f2825c9a1b6ff87072390d28,False,candidate,e6dbfbf4af082d1931b05cdf5e6025870dea04a3e7f83089c123ae878bc463bb
C204,solomon_txt,4331b2744d34e32c2987e3fe8a82b782a2039d757d2aac818f7e0fd21117bfb4,0,1,ok,True,4,1439548,1439.548,0.332718,0.50035,1,time_limit,solomon_exact_1000_v1,missing,,,,,0.5,,100,2,25,fb89464a08a8315316a993462b898339a1874a83f2825c9a1b6ff87072390d28,False,candidate,e6dbfbf4af082d1931b05cdf5e6025870dea04a3e7f83089c123ae878bc463bb
C204,solomon_txt,4331b2744d34e32c2987e3fe8a82b782a2039d757d2aac818f7e0fd21117bfb4,1,1,ok,True,4,1439548,1439.548,0.373413,0.500266,1,time_limit,solomon_exact_1000_v1,missing,,,,,0.5,,100,2,25,fb89464a08a8315316a993462b898339a1874a83f2825c9a1b6ff87072390d28,False,candidate,e6dbfbf4af082d1931b05cdf5e6025870dea04a3e7f83089c123ae878bc463bb
C204,solomon_txt,4331b2744d34e32c2987e3fe8a82b782a2039d757d2aac818f7e0fd21117bfb4,2,1,ok,True,3,743140,743.14,0.260681,0.500529,1,time_limit,solomon_exact_1000_v1,missing,,,,,0.5,,100,2,25,fb89464a08a8315316a993462b898339a1874a83f2825c9a1b6ff87072390d28,False,candidate,e6dbfbf4af082d1931b05cdf5e6025870dea04a3e7f83089c123ae878bc463bb
C205,solomon_txt,15be2bb8c3e4ad99a79d1e7ee0472223feb95a4f423d010e032bda0a87266ca5,0,1,ok,True,4,912158,912.158,0.229406,0.500331,1,time_limit,solomon_exact_1000_v1,missing,,,,,0.5,,100,2,25,fb89464a08a8315316a993462b898339a1874a83f2825c9a1b6ff87072390d28,False,candidate,e6dbfbf4af082d1931b05cdf5e6025870dea04a3e7f83089c123ae878bc463bb
C205,solomon_txt,15be2bb8c3e4ad99a79d1e7ee0472223feb95a4f423d010e032bda0a87266ca5,1,1,ok,True,4,912158,912.158,0.234297,0.500329,1,time_limit,solomon_exact_1000_v1,missing,,,,,0.5,,100,2,25,fb89464a08a8315316a993462b898339a1874a83f2825c9a1b6ff87072390d28,False,candidate,e6dbfbf4af082d1931b05cdf5e6025870dea04a3e7f83089c123ae878bc463bb
C205,solomon_txt,15be2bb8c3e4ad99a79d1e7ee0472223feb95a4f423d010e032bda0a87266ca5,2,1,ok,True,4,912158,912.158,0.236058,0.500293,1,time_limit,solomon_exact_1000_v1,missing,,,,,0.5,,100,2,25,fb89464a08a8315316a993462b898339a1874a83f2825c9a1b6ff87072390d28,False,candidate,e6dbfbf4af082d1931b05cdf5e6025870dea04a3e7f83089c123ae878bc463bb
C206,solomon_txt,745b6c7042707ffbbfc4d681ee02a84431425f1dfb3c8aa85ecf003fec8f7e53,0,1,ok,True,4,1154595,1154.595,0.255865,0.500287,1,time_limit,solomon_exact_1000_v1,missing,,,,,0.5,,100,2,25,fb89464a08a8315316a993462b898339a1874a83f2825c9a1b6ff87072390d28,False,candidate,e6dbfbf4af082d1931b05cdf5e6025870dea04a3e7f83089c123ae878bc463bb
C206,solomon_txt,745b6c7042707ffbbfc4d681ee02a84431425f1dfb3c8aa85ecf003fec8f7e53,1,1,ok,True,4,1154595,1154.595,0.267773,0.500563,1,time_limit,solomon_exact_1000_v1,missing,,,,,0.5,,100,2,25,fb89464a08a8315316a993462b898339a1874a83f2825c9a1b6ff87072390d28,False,candidate,e6dbfbf4af082d1931b05cdf5e6025870dea04a3e7f83089c123ae878bc463bb
C206,solomon_txt,745b6c7042707ffbbfc4d681ee02a84431425f1dfb3c8aa85ecf003fec8f7e53,2,1,ok,True,4,1154595,1154.595,0.25454,0.50028,1,time_limit,solomon_exact_1000_v1,missing,,,,,0.5,,100,2,25,fb89464a08a8315316a993462b898339a1874a83f2825c9a1b6ff87072390d28,False,candidate,e6dbfbf4af082d1931b05cdf5e6025870dea04a3e7f83089c123ae878bc463bb
C207,solomon_txt,a33f03570a944c8a6d185fd6a173e66c68e67c399a4958b2d5b6d49533ace4a4,0,1,ok,True,4,980937,980.937,0.264428,0.500336,1,time_limit,solomon_exact_1000_v1,missing,,,,,0.5,,100,2,25,fb89464a08a8315316a993462b898339a1874a83f2825c9a1b6ff87072390d28,False,candidate,e6dbfbf4af082d1931b05cdf5e6025870dea04a3e7f83089c123ae878bc463bb
C207,solomon_txt,a33f03570a944c8a6d185fd6a173e66c68e67c399a4958b2d5b6d49533ace4a4,1,1,ok,True,4,980937,980.937,0.263782,0.500263,1,time_limit,solomon_exact_1000_v1,missing,,,,,0.5,,100,2,25,fb89464a08a8315316a993462b898339a1874a83f2825c9a1b6ff87072390d28,False,candidate,e6dbfbf4af082d1931b05cdf5e6025870dea04a3e7f83089c123ae878bc463bb
C207,solomon_txt,a33f03570a944c8a6d185fd6a173e66c68e67c399a4958b2d5b6d49533ace4a4,2,1,ok,True,4,980937,980.937,0.260586,0.50028,1,time_limit,solomon_exact_1000_v1,missing,,,,,0.5,,100,2,25,fb89464a08a8315316a993462b898339a1874a83f2825c9a1b6ff87072390d28,False,candidate,e6dbfbf4af082d1931b05cdf5e6025870dea04a3e7f83089c123ae878bc463bb
C208,solomon_txt,1c2f2381b8743680dbeb34322869cbf5a6cdd8c281f4bcffdb99b533e601874b,0,1,ok,True,4,957831,957.831,0.260205,0.500339,1,time_limit,solomon_exact_1000_v1,missing,,,,,0.5,,100,2,25,fb89464a08a8315316a993462b898339a1874a83f2825c9a1b6ff87072390d28,False,candidate,e6dbfbf4af082d1931b05cdf5e6025870dea04a3e7f83089c123ae878bc463bb
C208,solomon_txt,1c2f2381b8743680dbeb34322869cbf5a6cdd8c281f4bcffdb99b533e601874b,1,1,ok,True,4,957831,957.831,0.261011,0.500302,1,time_limit,solomon_exact_1000_v1,missing,,,,,0.5,,100,2,25,fb89464a08a8315316a993462b898339a1874a83f2825c9a1b6ff87072390d28,False,candidate,e6dbfbf4af082d1931b05cdf5e6025870dea04a3e7f83089c123ae878bc463bb
C208,solomon_txt,1c2f2381b8743680dbeb34322869cbf5a6cdd8c281f4bcffdb99b533e601874b,2,1,ok,True,4,957831,957.831,0.324262,0.50039,1,time_limit,solomon_exact_1000_v1,missing,,,,,0.5,,100,2,25,fb89464a08a8315316a993462b898339a1874a83f2825c9a1b6ff87072390d28,False,candidate,e6dbfbf4af082d1931b05cdf5e6025870dea04a3e7f83089c123ae878bc463bb
R101,solomon_txt,3f3655182bc0fe44ce5de65fdcd2ee2f9c7fb9ed055f923635151d9d6f76d3ed,0,1,ok,True,22,1914025,1914.025,0.081421,0.501117,1,time_limit,solomon_exact_1000_v1,missing,,,,,0.5,,100,2,25,fb89464a08a8315316a993462b898339a1874a83f2825c9a1b6ff87072390d28,False,candidate,e6dbfbf4af082d1931b05cdf5e6025870dea04a3e7f83089c123ae878bc463bb
R101,solomon_txt,3f3655182bc0fe44ce5de65fdcd2ee2f9c7fb9ed055f923635151d9d6f76d3ed,1,1,ok,True,21,1903068,1903.068,0.078341,0.500667,1,time_limit,solomon_exact_1000_v1,missing,,,,,0.5,,100,2,25,fb89464a08a8315316a993462b898339a1874a83f2825c9a1b6ff87072390d28,False,candidate,e6dbfbf4af082d1931b05cdf5e6025870dea04a3e7f83089c123ae878bc463bb
R101,solomon_txt,3f3655182bc0fe44ce5de65fdcd2ee2f9c7fb9ed055f923635151d9d6f76d3ed,2,1,ok,True,21,1871101,1871.101,0.078689,0.500689,1,time_limit,solomon_exact_1000_v1,missing,,,,,0.5,,100,2,25,fb89464a08a8315316a993462b898339a1874a83f2825c9a1b6ff87072390d28,False,candidate,e6dbfbf4af082d1931b05cdf5e6025870dea04a3e7f83089c123ae878bc463bb
R102,solomon_txt,eeb23171b7e4fbfc80bf000ca770329109900fbd7273fa8b9d1f95b7dfe683c3,0,1,ok,True,19,1640559,1640.559,0.088547,0.5006,1,time_limit,solomon_exact_1000_v1,missing,,,,,0.5,,100,2,25,fb89464a08a8315316a993462b898339a1874a83f2825c9a1b6ff87072390d28,False,candidate,e6dbfbf4af082d1931b05cdf5e6025870dea04a3e7f83089c123ae878bc463bb
R102,solomon_txt,eeb23171b7e4fbfc80bf000ca770329109900fbd7273fa8b9d1f95b7dfe683c3,1,1,ok,True,19,1699360,1699.36,0.090859,0.500569,1,time_limit,solomon_exact_1000_v1,missing,,,,,0.5,,100,2,25,fb89464a08a8315316a993462b898339a1874a83f2825c9a1b6ff87072390d28,False,candidate,e6dbfbf4af082d1931b05cdf5e6025870dea04a3e7f83089c123ae878bc463bb
R102,solomon_txt,eeb23171b7e4fbfc80bf000ca770329109900fbd7273fa8b9d1f95b7dfe683c3,2,1,ok,True,19,1606305,1606.305,0.090886,0.500661,1,time_limit,solomon_exact_1000_v1,missing,,,,,0.5,,100,2,25,fb89464a08a8315316a993462b898339a1874a83f2825c9a1b6ff87072390d28,False,candidate,e6dbfbf4af082d1931b05cdf5e6025870dea04a3e7f83089c123ae878bc463bb
R103,solomon_txt,1f833e8648ba39e0edc76754fb49e81777a7175cf7b084c3f60a12607bfb3991,0,1,ok,True,14,1546015,1546.015,0.114478,0.501174,1,time_limit,solomon_exact_1000_v1,missing,,,,,0.5,,100,2,25,fb89464a08a8315316a993462b898339a1874a83f2825c9a1b6ff87072390d28,False,candidate,e6dbfbf4af082d1931b05cdf5e6025870dea04a3e7f83089c123ae878bc463bb
R103,solomon_txt,1f833e8648ba39e0edc76754fb49e81777a7175cf7b084c3f60a12607bfb3991,1,1,ok,True,14,1546015,1546.015,0.09914,0.500643,1,time_limit,solomon_exact_1000_v1,missing,,,,,0.5,,100,2,25,fb89464a08a8315316a993462b898339a1874a83f2825c9a1b6ff87072390d28,False,candidate,e6dbfbf4af082d1931b05cdf5e6025870dea04a3e7f83089c123ae878bc463bb
R103,solomon_txt,1f833e8648ba39e0edc76754fb49e81777a7175cf7b084c3f60a12607bfb3991,2,1,ok,True,14,1542786,1542.786,0.093393,0.500831,1,time_limit,solomon_exact_1000_v1,missing,,,,,0.5,,100,2,25,fb89464a08a8315316a993462b898339a1874a83f2825c9a1b6ff87072390d28,False,candidate,e6dbfbf4af082d1931b05cdf5e6025870dea04a3e7f83089c123ae878bc463bb
R104,solomon_txt,dd087124311d91facd81736debbfc7d0f351d27942917e2d76cbafd01e6183b7,0,1,ok,True,11,1186697,1186.697,0.118383,0.500462,2,time_limit,solomon_exact_1000_v1,missing,,,,,0.5,,100,2,25,fb89464a08a8315316a993462b898339a1874a83f2825c9a1b6ff87072390d28,False,candidate,e6dbfbf4af082d1931b05cdf5e6025870dea04a3e7f83089c123ae878bc463bb
R104,solomon_txt,dd087124311d91facd81736debbfc7d0f351d27942917e2d76cbafd01e6183b7,1,1,ok,True,11,1211176,1211.176,0.125174,0.500645,1,time_limit,solomon_exact_1000_v1,missing,,,,,0.5,,100,2,25,fb89464a08a8315316a993462b898339a1874a83f2825c9a1b6ff87072390d28,False,candidate,e6dbfbf4af082d1931b05cdf5e6025870dea04a3e7f83089c123ae878bc463bb
R104,solomon_txt,dd087124311d91facd81736debbfc7d0f351d27942917e2d76cbafd01e6183b7,2,1,ok,True,11,1321819,1321.819,0.158783,0.500805,1,time_limit,solomon_exact_1000_v1,missing,,,,,0.5,,100,2,25,fb89464a08a8315316a993462b898339a1874a83f2825c9a1b6ff87072390d28,False,candidate,e6dbfbf4af082d1931b05cdf5e6025870dea04a3e7f83089c123ae878bc463bb
R105,solomon_txt,ff1a614f8458d6339b3f54d8e4ca2dcf0a35c96012f477f6a819ae481de85ca4,0,1,ok,True,17,1734216,1734.216,0.101965,0.501047,1,time_limit,solomon_exact_1000_v1,missing,,,,,0.5,,100,2,25,fb89464a08a8315316a993462b898339a1874a83f2825c9a1b6ff87072390d28,False,candidate,e6dbfbf4af082d1931b05cdf5e6025870dea04a3e7f83089c123ae878bc463bb
R105,solomon_txt,ff1a614f8458d6339b3f54d8e4ca2dcf0a35c96012f477f6a819ae481de85ca4,1,1,ok,True,17,1670400,1670.4,0.083798,0.500576,1,time_limit,solomon_exact_1000_v1,missing,,,,,0.5,,100,2,25,fb89464a08a8315316a993462b898339a1874a83f2825c9a1b6ff87072390d28,False,candidate,e6dbfbf4af082d1931b05cdf5e6025870dea04a3e7f83089c123ae878bc463bb
R105,solomon_txt,ff1a614f8458d6339b3f54d8e4ca2dcf0a35c96012f477f6a819ae481de85ca4,2,1,ok,True,17,1829109,1829.109,0.082401,0.500737,1,time_limit,solomon_exact_1000_v1,missing,,,,,0.5,,100,2,25,fb89464a08a8315316a993462b898339a1874a83f2825c9a1b6ff87072390d28,False,candidate,e6dbfbf4af082d1931b05cdf5e6025870dea04a3e7f83089c123ae878bc463bb
R106,solomon_txt,31b8783d177f0fbe1c84b8f085fbf28b1989a80e4c00f49f5654ebef99835e97,0,1,ok,True,14,1540595,1540.595,0.09321,0.500597,1,time_limit,solomon_exact_1000_v1,missing,,,,,0.5,,100,2,25,fb89464a08a8315316a993462b898339a1874a83f2825c9a1b6ff87072390d28,False,candidate,e6dbfbf4af082d1931b05cdf5e6025870dea04a3e7f83089c123ae878bc463bb
R106,solomon_txt,31b8783d177f0fbe1c84b8f085fbf28b1989a80e4c00f49f5654ebef99835e97,1,1,ok,True,14,1642821,1642.821,0.086884,0.500555,1,time_limit,solomon_exact_1000_v1,missing,,,,,0.5,,100,2,25,fb89464a08a8315316a993462b898339a1874a83f2825c9a1b6ff87072390d28,False,candidate,e6dbfbf4af082d1931b05cdf5e6025870dea04a3e7f83089c123ae878bc463bb
R106,solomon_txt,31b8783d177f0fbe1c84b8f085fbf28b1989a80e4c00f49f5654ebef99835e97,2,1,ok,True,14,1559373,1559.373,0.0593,0.500469,1,time_limit,solomon_exact_1000_v1,missing,,,,,0.5,,100,2,25,fb89464a08a8315316a993462b898339a1874a83f2825c9a1b6ff87072390d28,False,candidate,e6dbfbf4af082d1931b05cdf5e6025870dea04a3e7f83089c123ae878bc463bb
R107,solomon_txt,dba2b257a1d43d7c78d5e3a9f09091a2b125d3fbec78c0c8a1782add669a1275,0,1,ok,True,12,1283469,1283.469,0.06722,0.500391,1,time_limit,solomon_exact_1000_v1,missing,,,,,0.5,,100,2,25,fb89464a08a8315316a993462b898339a1874a83f2825c9a1b6ff87072390d28,False,candidate,e6dbfbf4af082d1931b05cdf5e6025870dea04a3e7f83089c123ae878bc463bb
R107,solomon_txt,dba2b257a1d43d7c78d5e3a9f09091a2b125d3fbec78c0c8a1782add669a1275,1,1,ok,True,12,1513908,1513.908,0.0665,0.500384,1,time_limit,solomon_exact_1000_v1,missing,,,,,0.5,,100,2,25,fb89464a08a8315316a993462b898339a1874a83f2825c9a1b6ff87072390d28,False,candidate,e6dbfbf4af082d1931b05cdf5e6025870dea04a3e7f83089c123ae878bc463bb
R107,solomon_txt,dba2b257a1d43d7c78d5e3a9f09091a2b125d3fbec78c0c8a1782add669a1275,2,1,ok,True,12,1486083,1486.083,0.073551,0.500422,1,time_limit,solomon_exact_1000_v1,missing,,,,,0.5,,100,2,25,fb89464a08a8315316a993462b898339a1874a83f2825c9a1b6ff87072390d28,False,candidate,e6dbfbf4af082d1931b05cdf5e6025870dea04a3e7f83089c123ae878bc463bb
R108,solomon_txt,65cae09f4099b7e70d2b723e0e3a30aa1494c75a367bb894a3fd13241ee639d4,0,1,ok,True,11,1315436,1315.436,0.075587,0.500459,1,time_limit,solomon_exact_1000_v1,missing,,,,,0.5,,100,2,25,fb89464a08a8315316a993462b898339a1874a83f2825c9a1b6ff87072390d28,False,candidate,e6dbfbf4af082d1931b05cdf5e6025870dea04a3e7f83089c123ae878bc463bb
R108,solomon_txt,65cae09f4099b7e70d2b723e0e3a30aa1494c75a367bb894a3fd13241ee639d4,1,1,ok,True,10,1128679,1128.679,0.072251,0.50039,1,time_limit,solomon_exact_1000_v1,missing,,,,,0.5,,100,2,25,fb89464a08a8315316a993462b898339a1874a83f2825c9a1b6ff87072390d28,False,candidate,e6dbfbf4af082d1931b05cdf5e6025870dea04a3e7f83089c123ae878bc463bb
R108,solomon_txt,65cae09f4099b7e70d2b723e0e3a30aa1494c75a367bb894a3fd13241ee639d4,2,1,ok,True,11,1356475,1356.475,0.072612,0.5004,1,time_limit,solomon_exact_1000_v1,missing,,,,,0.5,,100,2,25,fb89464a08a8315316a993462b898339a1874a83f2825c9a1b6ff87072390d28,False,candidate,e6dbfbf4af082d1931b05cdf5e6025870dea04a3e7f83089c123ae878bc463bb
R109,solomon_txt,4ef24030e8c48de5f85dcd90c5739186004fc8dec87533b6467013cf996f4777,0,1,ok,True,14,1518755,1518.755,0.061997,0.500404,1,time_limit,solomon_exact_1000_v1,missing,,,,,0.5,,100,2,25,fb89464a08a8315316a993462b898339a1874a83f2825c9a1b6ff87072390d28,False,candidate,e6dbfbf4af082d1931b05cdf5e6025870dea04a3e7f83089c123ae878bc463bb
R109,solomon_txt,4ef24030e8c48de5f85dcd90c5739186004fc8dec87533b6467013cf996f4777,1,1,ok,True,15,1615547,1615.547,0.057408,0.500449,2,time_limit,solomon_exact_1000_v1,missing,,,,,0.5,,100,2,25,fb89464a08a8315316a993462b898339a1874a83f2825c9a1b6ff87072390d28,False,candidate,e6dbfbf4af082d1931b05cdf5e6025870dea04a3e7f83089c123ae878bc463bb
R109,solomon_txt,4ef24030e8c48de5f85dcd90c5739186004fc8dec87533b6467013cf996f4777,2,1,ok,True,15,1645296,1645.296,0.06093,0.500443,1,time_limit,solomon_exact_1000_v1,missing,,,,,0.5,,100,2,25,fb89464a08a8315316a993462b898339a1874a83f2825c9a1b6ff87072390d28,False,candidate,e6dbfbf4af082d1931b05cdf5e6025870dea04a3e7f83089c123ae878bc463bb
R110,solomon_txt,14cb53cb99af61d3d708f07564b9a72d146e7c26b4f10507cfaf3bc828f34bfa,0,1,ok,True,13,1561904,1561.904,0.068244,0.500399,1,time_limit,solomon_exact_1000_v1,missing,,,,,0.5,,100,2,25,fb89464a08a8315316a993462b898339a1874a83f2825c9a1b6ff87072390d28,False,candidate,e6dbfbf4af082d1931b05cdf5e6025870dea04a3e7f83089c123ae878bc463bb
R110,solomon_txt,14cb53cb99af61d3d708f07564b9a72d146e7c26b4f10507cfaf3bc828f34bfa,1,1,ok,True,13,1523698,1523.698,0.065917,0.500418,1,time_limit,solomon_exact_1000_v1,missing,,,,,0.5,,100,2,25,fb89464a08a8315316a993462b898339a1874a83f2825c9a1b6ff87072390d28,False,candidate,e6dbfbf4af082d1931b05cdf5e6025870dea04a3e7f83089c123ae878bc463bb
R110,solomon_txt,14cb53cb99af61d3d708f07564b9a72d146e7c26b4f10507cfaf3bc828f34bfa,2,1,ok,True,13,1564765,1564.765,0.062962,0.500389,1,time_limit,solomon_exact_1000_v1,missing,,,,,0.5,,100,2,25,fb89464a08a8315316a993462b898339a1874a83f2825c9a1b6ff87072390d28,False,candidate,e6dbfbf4af082d1931b05cdf5e6025870dea04a3e7f83089c123ae878bc463bb
R111,solomon_txt,3d94a73b1f2fe8aae4618b9d9ea254cff2e3924a6a841aa390096ec6c60f258d,0,1,ok,True,12,1400068,1400.068,0.06509,0.50044,1,time_limit,solomon_exact_1000_v1,missing,,,,,0.5,,100,2,25,fb89464a08a8315316a993462b898339a1874a83f2825c9a1b6ff87072390d28,False,candidate,e6dbfbf4af082d1931b05cdf5e6025870dea04a3e7f83089c123ae878bc463bb
R111,solomon_txt,3d94a73b1f2fe8aae4618b9d9ea254cff2e3924a6a841aa390096ec6c60f258d,1,1,ok,True,12,1466019,1466.019,0.068582,0.500413,1,time_limit,solomon_exact_1000_v1,missing,,,,,0.5,,100,2,25,fb89464a08a8315316a993462b898339a1874a83f2825c9a1b6ff87072390d28,False,candidate,e6dbfbf4af082d1931b05cdf5e6025870dea04a3e7f83089c123ae878bc463bb
R111,solomon_txt,3d94a73b1f2fe8aae4618b9d9ea254cff2e3924a6a841aa390096ec6c60f258d,2,1,ok,True,12,1307395,1307.395,0.069097,0.500465,1,time_limit,solomon_exact_1000_v1,missing,,,,,0.5,,100,2,25,fb89464a08a8315316a993462b898339a1874a83f2825c9a1b6ff87072390d28,False,candidate,e6dbfbf4af082d1931b05cdf5e6025870dea04a3e7f83089c123ae878bc463bb
R112,solomon_txt,a0e93149d59d30c356619891d192e86d0f16c3158e1dac3bd9f23c6deb718271,0,1,ok,True,12,1467338,1467.338,0.065471,0.500381,1,time_limit,solomon_exact_1000_v1,missing,,,,,0.5,,100,2,25,fb89464a08a8315316a993462b898339a1874a83f2825c9a1b6ff87072390d28,False,candidate,e6dbfbf4af082d1931b05cdf5e6025870dea04a3e7f83089c123ae878bc463bb
R112,solomon_txt,a0e93149d59d30c356619891d192e86d0f16c3158e1dac3bd9f23c6deb718271,1,1,ok,True,13,1430041,1430.041,0.06659,0.500476,1,time_limit,solomon_exact_1000_v1,missing,,,,,0.5,,100,2,25,fb89464a08a8315316a993462b898339a1874a83f2825c9a1b6ff87072390d28,False,candidate,e6dbfbf4af082d1931b05cdf5e6025870dea04a3e7f83089c123ae878bc463bb
R112,solomon_txt,a0e93149d59d30c356619891d192e86d0f16c3158e1dac3bd9f23c6deb718271,2,1,ok,True,12,1372893,1372.893,0.066738,0.500439,1,time_limit,solomon_exact_1000_v1,missing,,,,,0.5,,100,2,25,fb89464a08a8315316a993462b898339a1874a83f2825c9a1b6ff87072390d28,False,candidate,e6dbfbf4af082d1931b05cdf5e6025870dea04a3e7f83089c123ae878bc463bb
R201,solomon_txt,0be960ec998fff2cab0bdbcc5194c617e5ca0a79c82c5b32b1d4bd98b2cae210,0,1,ok,True,5,1726658,1726.658,0.141715,0.500218,1,time_limit,solomon_exact_1000_v1,missing,,,,,0.5,,100,2,25,fb89464a08a8315316a993462b898339a1874a83f2825c9a1b6ff87072390d28,False,candidate,e6dbfbf4af082d1931b05cdf5e6025870dea04a3e7f83089c123ae878bc463bb
R201,solomon_txt,0be960ec998fff2cab0bdbcc5194c617e5ca0a79c82c5b32b1d4bd98b2cae210,1,1,ok,True,4,1665126,1665.126,0.130784,0.500372,1,time_limit,solomon_exact_1000_v1,missing,,,,,0.5,,100,2,25,fb89464a08a8315316a993462b898339a1874a83f2825c9a1b6ff87072390d28,False,candidate,e6dbfbf4af082d1931b05cdf5e6025870dea04a3e7f83089c123ae878bc463bb
R201,solomon_txt,0be960ec998fff2cab0bdbcc5194c617e5ca0a79c82c5b32b1d4bd98b2cae210,2,1,ok,True,4,1605282,1605.282,0.128681,0.500422,1,time_limit,solomon_exact_1000_v1,missing,,,,,0.5,,100,2,25,fb89464a08a8315316a993462b898339a1874a83f2825c9a1b6ff87072390d28,False,candidate,e6dbfbf4af082d1931b05cdf5e6025870dea04a3e7f83089c123ae878bc463bb
R202,solomon_txt,1f7761bb33e9dd0c94837b32c72280296ffc283dba997379c7ad75ce00dffc8d,0,1,ok,True,4,1622244,1622.244,0.151556,0.500252,1,time_limit,solomon_exact_1000_v1,missing,,,,,0.5,,100,2,25,fb89464a08a8315316a993462b898339a1874a83f2825c9a1b6ff87072390d28,False,candidate,e6dbfbf4af082d1931b05cdf5e6025870dea04a3e7f83089c123ae878bc463bb
R202,solomon_txt,1f7761bb33e9dd0c94837b32c72280296ffc283dba997379c7ad75ce00dffc8d,1,1,ok,True,4,1622244,1622.244,0.159684,0.500484,1,time_limit,solomon_exact_1000_v1,missing,,,,,0.5,,100,2,25,fb89464a08a8315316a993462b898339a1874a83f2825c9a1b6ff87072390d28,False,candidate,e6dbfbf4af082d1931b05cdf5e6025870dea04a3e7f83089c123ae878bc463bb
R202,solomon_txt,1f7761bb33e9dd0c94837b32c72280296ffc283dba997379c7ad75ce00dffc8d,2,1,ok,True,4,1622244,1622.244,0.15664,0.500665,1,time_limit,solomon_exact_1000_v1,missing,,,,,0.5,,100,2,25,fb89464a08a8315316a993462b898339a1874a83f2825c9a1b6ff87072390d28,False,candidate,e6dbfbf4af082d1931b05cdf5e6025870dea04a3e7f83089c123ae878bc463bb
R203,solomon_txt,38c484db31bd7452a94d533e26a2348ef598df600b79d061d9ddc1c61466a731,0,1,ok,True,3,1300221,1300.221,0.17137,0.500528,1,time_limit,solomon_exact_1000_v1,missing,,,,,0.5,,100,2,25,fb89464a08a8315316a993462b898339a1874a83f2825c9a1b6ff87072390d28,False,candidate,e6dbfbf4af082d1931b05cdf5e6025870dea04a3e7f83089c123ae878bc463bb
R203,solomon_txt,38c484db31bd7452a94d533e26a2348ef598df600b79d061d9ddc1c61466a731,1,1,ok,True,3,1298706,1298.706,0.174635,0.500446,1,time_limit,solomon_exact_1000_v1,missing,,,,,0.5,,100,2,25,fb89464a08a8315316a993462b898339a1874a83f2825c9a1b6ff87072390d28,False,candidate,e6dbfbf4af082d1931b05cdf5e6025870dea04a3e7f83089c123ae878bc463bb
R203,solomon_txt,38c484db31bd7452a94d533e26a2348ef598df600b79d061d9ddc1c61466a731,2,1,ok,True,3,1290510,1290.51,0.170581,0.500581,1,time_limit,solomon_exact_1000_v1,missing,,,,,0.5,,100,2,25,fb89464a08a8315316a993462b898339a1874a83f2825c9a1b6ff87072390d28,False,candidate,e6dbfbf4af082d1931b05cdf5e6025870dea04a3e7f83089c123ae878bc463bb
R204,solomon_txt,5349e37d8df99bcbee1efa2e970d2662b5265e5f82fc609343a6af0a60257abf,0,1,ok,True,3,1331038,1331.038,0.20492,0.50022,1,time_limit,solomon_exact_1000_v1,missing,,,,,0.5,,100,2,25,fb89464a08a8315316a993462b898339a1874a83f2825c9a1b6ff87072390d28,False,candidate,e6dbfbf4af082d1931b05cdf5e6025870dea04a3e7f83089c123ae878bc463bb
R204,solomon_txt,5349e37d8df99bcbee1efa2e970d2662b5265e5f82fc609343a6af0a60257abf,1,1,ok,True,3,1331038,1331.038,0.201916,0.500218,1,time_limit,solomon_exact_1000_v1,missing,,,,,0.5,,100,2,25,fb89464a08a8315316a993462b898339a1874a83f2825c9a1b6ff87072390d28,False,candidate,e6dbfbf4af082d1931b05cdf5e6025870dea04a3e7f83089c123ae878bc463bb
R204,solomon_txt,5349e37d8df99bcbee1efa2e970d2662b5265e5f82fc609343a6af0a60257abf,2,1,ok,True,3,1310217,1310.217,0.200922,0.500436,1,time_limit,solomon_exact_1000_v1,missing,,,,,0.5,,100,2,25,fb89464a08a8315316a993462b898339a1874a83f2825c9a1b6ff87072390d28,False,candidate,e6dbfbf4af082d1931b05cdf5e6025870dea04a3e7f83089c123ae878bc463bb
R205,solomon_txt,1996bf8f10716fb8cfc1a585206a6a6e566f32347c1bb8f36c75ed6c887f77e3,0,1,ok,True,3,1303717,1303.717,0.168283,0.500268,1,time_limit,solomon_exact_1000_v1,missing,,,,,0.5,,100,2,25,fb89464a08a8315316a993462b898339a1874a83f2825c9a1b6ff87072390d28,False,candidate,e6dbfbf4af082d1931b05cdf5e6025870dea04a3e7f83089c123ae878bc463bb
R205,solomon_txt,1996bf8f10716fb8cfc1a585206a6a6e566f32347c1bb8f36c75ed6c887f77e3,1,1,ok,True,4,1700248,1700.248,0.168521,0.500259,1,time_limit,solomon_exact_1000_v1,missing,,,,,0.5,,100,2,25,fb89464a08a8315316a993462b898339a1874a83f2825c9a1b6ff87072390d28,False,candidate,e6dbfbf4af082d1931b05cdf5e6025870dea04a3e7f83089c123ae878bc463bb
R205,solomon_txt,1996bf8f10716fb8cfc1a585206a6a6e566f32347c1bb8f36c75ed6c887f77e3,2,1,ok,True,3,1408809,1408.809,0.161935,0.500622,1,time_limit,solomon_exact_1000_v1,missing,,,,,0.5,,100,2,25,fb89464a08a8315316a993462b898339a1874a83f2825c9a1b6ff87072390d28,False,candidate,e6dbfbf4af082d1931b05cdf5e6025870dea04a3e7f83089c123ae878bc463bb
R206,solomon_txt,c8754a0319264d076c038b1bf023c8c4710e8895fe3e03f485e9ae249f32fe43,0,1,ok,True,3,1533607,1533.607,0.189809,0.50027,1,time_limit,solomon_exact_1000_v1,missing,,,,,0.5,,100,2,25,fb89464a08a8315316a993462b898339a1874a83f2825c9a1b6ff87072390d28,False,candidate,e6dbfbf4af082d1931b05cdf5e6025870dea04a3e7f83089c123ae878bc463bb
R206,solomon_txt,c8754a0319264d076c038b1bf023c8c4710e8895fe3e03f485e9ae249f32fe43,1,1,ok,True,3,1533607,1533.607,0.170103,0.500265,1,time_limit,solomon_exact_1000_v1,missing,,,,,0.5,,100,2,25,fb89464a08a8315316a993462b898339a1874a83f2825c9a1b6ff87072390d28,False,candidate,e6dbfbf4af082d1931b05cdf5e6025870dea04a3e7f83089c123ae878bc463bb
R206,solomon_txt,c8754a0319264d076c038b1bf023c8c4710e8895fe3e03f485e9ae249f32fe43,2,1,ok,True,3,1531545,1531.545,0.173469,0.500474,1,time_limit,solomon_exact_1000_v1,missing,,,,,0.5,,100,2,25,fb89464a08a8315316a993462b898339a1874a83f2825c9a1b6ff87072390d28,False,candidate,e6dbfbf4af082d1931b05cdf5e6025870dea04a3e7f83089c123ae878bc463bb
R207,solomon_txt,52dc8eebba43fdc67ca9aadab228b75a297acb55a87db3e4748e82f623e3cbe6,0,1,ok,True,3,1164515,1164.515,0.207901,0.500257,1,time_limit,solomon_exact_1000_v1,missing,,,,,0.5,,100,2,25,fb89464a08a8315316a993462b898339a1874a83f2825c9a1b6ff87072390d28,False,candidate,e6dbfbf4af082d1931b05cdf5e6025870dea04a3e7f83089c123ae878bc463bb
R207,solomon_txt,52dc8eebba43fdc67ca9aadab228b75a297acb55a87db3e4748e82f623e3cbe6,1,1,ok,True,3,1102590,1102.59,0.207184,0.500375,1,time_limit,solomon_exact_1000_v1,missing,,,,,0.5,,100,2,25,fb89464a08a8315316a993462b898339a1874a83f2825c9a1b6ff87072390d28,False,candidate,e6dbfbf4af082d1931b05cdf5e6025870dea04a3e7f83089c123ae878bc463bb
R207,solomon_txt,52dc8eebba43fdc67ca9aadab228b75a297acb55a87db3e4748e82f623e3cbe6,2,1,ok,True,3,1035524,1035.524,0.221508,0.500216,1,time_limit,solomon_exact_1000_v1,missing,,,,,0.5,,100,2,25,fb89464a08a8315316a993462b898339a1874a83f2825c9a1b6ff87072390d28,False,candidate,e6dbfbf4af082d1931b05cdf5e6025870dea04a3e7f83089c123ae878bc463bb
R208,solomon_txt,7b4a95d500af9329dd08791d39898a619faec0f8fac039d57373e761545b980d,0,1,ok,True,3,957965,957.965,0.251014,0.50029,1,time_limit,solomon_exact_1000_v1,missing,,,,,0.5,,100,2,25,fb89464a08a8315316a993462b898339a1874a83f2825c9a1b6ff87072390d28,False,candidate,e6dbfbf4af082d1931b05cdf5e6025870dea04a3e7f83089c123ae878bc463bb
R208,solomon_txt,7b4a95d500af9329dd08791d39898a619faec0f8fac039d57373e761545b980d,1,1,ok,True,3,957965,957.965,0.236351,0.500217,1,time_limit,solomon_exact_1000_v1,missing,,,,,0.5,,100,2,25,fb89464a08a8315316a993462b898339a1874a83f2825c9a1b6ff87072390d28,False,candidate,e6dbfbf4af082d1931b05cdf5e6025870dea04a3e7f83089c123ae878bc463bb
R208,solomon_txt,7b4a95d500af9329dd08791d39898a619faec0f8fac039d57373e761545b980d,2,1,ok,True,3,957965,957.965,0.222845,0.500235,1,time_limit,solomon_exact_1000_v1,missing,,,,,0.5,,100,2,25,fb89464a08a8315316a993462b898339a1874a83f2825c9a1b6ff87072390d28,False,candidate,e6dbfbf4af082d1931b05cdf5e6025870dea04a3e7f83089c123ae878bc463bb
R209,solomon_txt,5b74156d032babcff853ccc693f94463eca8333cd425aa99a39ed996f6258933,0,1,ok,True,3,1278206,1278.206,0.157182,0.500225,1,time_limit,solomon_exact_1000_v1,missing,,,,,0.5,,100,2,25,fb89464a08a8315316a993462b898339a1874a83f2825c9a1b6ff87072390d28,False,candidate,e6dbfbf4af082d1931b05cdf5e6025870dea04a3e7f83089c123ae878bc463bb
R209,solomon_txt,5b74156d032babcff853ccc693f94463eca8333cd425aa99a39ed996f6258933,1,1,ok,True,3,1303297,1303.297,0.158032,0.500199,1,time_limit,solomon_exact_1000_v1,missing,,,,,0.5,,100,2,25,fb89464a08a8315316a993462b898339a1874a83f2825c9a1b6ff87072390d28,False,candidate,e6dbfbf4af082d1931b05cdf5e6025870dea04a3e7f83089c123ae878bc463bb
R209,solomon_txt,5b74156d032babcff853ccc693f94463eca8333cd425aa99a39ed996f6258933,2,1,ok,True,3,1388821,1388.821,0.157086,0.500856,1,time_limit,solomon_exact_1000_v1,missing,,,,,0.5,,100,2,25,fb89464a08a8315316a993462b898339a1874a83f2825c9a1b6ff87072390d28,False,candidate,e6dbfbf4af082d1931b05cdf5e6025870dea04a3e7f83089c123ae878bc463bb
R210,solomon_txt,4e5772f109fb6183e6a648d6a1edaba3435438c2dc11c42da370fecf7bdf3a14,0,1,ok,True,3,1424878,1424.878,0.202821,0.50083,1,time_limit,solomon_exact_1000_v1,missing,,,,,0.5,,100,2,25,fb89464a08a8315316a993462b898339a1874a83f2825c9a1b6ff87072390d28,False,candidate,e6dbfbf4af082d1931b05cdf5e6025870dea04a3e7f83089c123ae878bc463bb
R210,solomon_txt,4e5772f109fb6183e6a648d6a1edaba3435438c2dc11c42da370fecf7bdf3a14,1,1,ok,True,3,1442852,1442.852,0.190672,0.500465,1,time_limit,solomon_exact_1000_v1,missing,,,,,0.5,,100,2,25,fb89464a08a8315316a993462b898339a1874a83f2825c9a1b6ff87072390d28,False,candidate,e6dbfbf4af082d1931b05cdf5e6025870dea04a3e7f83089c123ae878bc463bb
R210,solomon_txt,4e5772f109fb6183e6a648d6a1edaba3435438c2dc11c42da370fecf7bdf3a14,2,1,ok,True,3,1433021,1433.021,0.204661,0.500257,3,time_limit,solomon_exact_1000_v1,missing,,,,,0.5,,100,2,25,fb89464a08a8315316a993462b898339a1874a83f2825c9a1b6ff87072390d28,False,candidate,e6dbfbf4af082d1931b05cdf5e6025870dea04a3e7f83089c123ae878bc463bb
R211,solomon_txt,2965507e467a2f92acd59035975910e36ae11e4f49590d4c7d20a883939227ad,0,1,ok,True,3,1516434,1516.434,0.197087,0.50026,1,time_limit,solomon_exact_1000_v1,missing,,,,,0.5,,100,2,25,fb89464a08a8315316a993462b898339a1874a83f2825c9a1b6ff87072390d28,False,candidate,e6dbfbf4af082d1931b05cdf5e6025870dea04a3e7f83089c123ae878bc463bb
R211,solomon_txt,2965507e467a2f92acd59035975910e36ae11e4f49590d4c7d20a883939227ad,1,1,ok,True,3,1516434,1516.434,0.182193,0.50026,1,time_limit,solomon_exact_1000_v1,missing,,,,,0.5,,100,2,25,fb89464a08a8315316a993462b898339a1874a83f2825c9a1b6ff87072390d28,False,candidate,e6dbfbf4af082d1931b05cdf5e6025870dea04a3e7f83089c123ae878bc463bb
R211,solomon_txt,2965507e467a2f92acd59035975910e36ae11e4f49590d4c7d20a883939227ad,2,1,ok,True,3,1507534,1507.534,0.181663,0.500407,1,time_limit,solomon_exact_1000_v1,missing,,,,,0.5,,100,2,25,fb89464a08a8315316a993462b898339a1874a83f2825c9a1b6ff87072390d28,False,candidate,e6dbfbf4af082d1931b05cdf5e6025870dea04a3e7f83089c123ae878bc463bb
RC101,solomon_txt,ef6893ffd9746ad96de8e4da6e64e2c4ba6e08a1c7eb9457276a9f1caf01ca12,0,1,ok,True,17,2197881,2197.881,0.059668,0.500447,2,time_limit,solomon_exact_1000_v1,missing,,,,,0.5,,100,2,25,fb89464a08a8315316a993462b898339a1874a83f2825c9a1b6ff87072390d28,False,candidate,e6dbfbf4af082d1931b05cdf5e6025870dea04a3e7f83089c123ae878bc463bb
RC101,solomon_txt,ef6893ffd9746ad96de8e4da6e64e2c4ba6e08a1c7eb9457276a9f1caf01ca12,1,1,ok,True,18,2074763,2074.763,0.057376,0.500501,1,time_limit,solomon_exact_1000_v1,missing,,,,,0.5,,100,2,25,fb89464a08a8315316a993462b898339a1874a83f2825c9a1b6ff87072390d28,False,candidate,e6dbfbf4af082d1931b05cdf5e6025870dea04a3e7f83089c123ae878bc463bb
RC101,solomon_txt,ef6893ffd9746ad96de8e4da6e64e2c4ba6e08a1c7eb9457276a9f1caf01ca12,2,1,ok,True,18,1981782,1981.782,0.061444,0.500431,1,time_limit,solomon_exact_1000_v1,missing,,,,,0.5,,100,2,25,fb89464a08a8315316a993462b898339a1874a83f2825c9a1b6ff87072390d28,False,candidate,e6dbfbf4af082d1931b05cdf5e6025870dea04a3e7f83089c123ae878bc463bb
RC102,solomon_txt,36acd349d34a577c7fadd61f78517c2cb74bd06a490273800c288f341e5785a4,0,1,ok,True,15,1756601,1756.601,0.062446,0.50042,2,time_limit,solomon_exact_1000_v1,missing,,,,,0.5,,100,2,25,fb89464a08a8315316a993462b898339a1874a83f2825c9a1b6ff87072390d28,False,candidate,e6dbfbf4af082d1931b05cdf5e6025870dea04a3e7f83089c123ae878bc463bb
RC102,solomon_txt,36acd349d34a577c7fadd61f78517c2cb74bd06a490273800c288f341e5785a4,1,1,ok,True,15,1834933,1834.933,0.059853,0.500475,1,time_limit,solomon_exact_1000_v1,missing,,,,,0.5,,100,2,25,fb89464a08a8315316a993462b898339a1874a83f2825c9a1b6ff87072390d28,False,candidate,e6dbfbf4af082d1931b05cdf5e6025870dea04a3e7f83089c123ae878bc463bb
RC102,solomon_txt,36acd349d34a577c7fadd61f78517c2cb74bd06a490273800c288f341e5785a4,2,1,ok,True,16,1812496,1812.496,0.064858,0.50046,1,time_limit,solomon_exact_1000_v1,missing,,,,,0.5,,100,2,25,fb89464a08a8315316a993462b898339a1874a83f2825c9a1b6ff87072390d28,False,candidate,e6dbfbf4af082d1931b05cdf5e6025870dea04a3e7f83089c123ae878bc463bb
RC103,solomon_txt,00f384138274d5d2bff5c41601db17cc4ad0cfc6315c27e223d4477bf435cc2d,0,1,ok,True,12,1733037,1733.037,0.068891,0.500413,1,time_limit,solomon_exact_1000_v1,missing,,,,,0.5,,100,2,25,fb89464a08a8315316a993462b898339a1874a83f2825c9a1b6ff87072390d28,False,candidate,e6dbfbf4af082d1931b05cdf5e6025870dea04a3e7f83089c123ae878bc463bb
RC103,solomon_txt,00f384138274d5d2bff5c41601db17cc4ad0cfc6315c27e223d4477bf435cc2d,1,1,ok,True,12,1703532,1703.532,0.067761,0.500416,1,time_limit,solomon_exact_1000_v1,missing,,,,,0.5,,100,2,25,fb89464a08a8315316a993462b898339a1874a83f2825c9a1b6ff87072390d28,False,candidate,e6dbfbf4af082d1931b05cdf5e6025870dea04a3e7f83089c123ae878bc463bb
RC103,solomon_txt,00f384138274d5d2bff5c41601db17cc4ad0cfc6315c27e223d4477bf435cc2d,2,1,ok,True,13,1952068,1952.068,0.073578,0.500467,1,time_limit,solomon_exact_1000_v1,missing,,,,,0.5,,100,2,25,fb89464a08a8315316a993462b898339a1874a83f2825c9a1b6ff87072390d28,False,candidate,e6dbfbf4af082d1931b05cdf5e6025870dea04a3e7f83089c123ae878bc463bb
RC104,solomon_txt,d150b2d61049a488fb89a2320c197d81a7ef9a1864abbbaea1d13a2b451253ee,0,1,ok,True,12,1624060,1624.06,0.070501,0.500929,1,time_limit,solomon_exact_1000_v1,missing,,,,,0.5,,100,2,25,fb89464a08a8315316a993462b898339a1874a83f2825c9a1b6ff87072390d28,False,candidate,e6dbfbf4af082d1931b05cdf5e6025870dea04a3e7f83089c123ae878bc463bb
RC104,solomon_txt,d150b2d61049a488fb89a2320c197d81a7ef9a1864abbbaea1d13a2b451253ee,1,1,ok,True,12,1626628,1626.628,0.069313,0.500439,1,time_limit,solomon_exact_1000_v1,missing,,,,,0.5,,100,2,25,fb89464a08a8315316a993462b898339a1874a83f2825c9a1b6ff87072390d28,False,candidate,e6dbfbf4af082d1931b05cdf5e6025870dea04a3e7f83089c123ae878bc463bb
RC104,solomon_txt,d150b2d61049a488fb89a2320c197d81a7ef9a1864abbbaea1d13a2b451253ee,2,1,ok,True,11,1482630,1482.63,0.069272,0.500418,1,time_limit,solomon_exact_1000_v1,missing,,,,,0.5,,100,2,25,fb89464a08a8315316a993462b898339a1874a83f2825c9a1b6ff87072390d28,False,candidate,e6dbfbf4af082d1931b05cdf5e6025870dea04a3e7f83089c123ae878bc463bb
RC105,solomon_txt,b9e912625c1ed80d2f565e0799ade2f4b17bf4f95056322ca23f1a21b37e7a49,0,1,ok,True,16,1911643,1911.643,0.059,0.500405,1,time_limit,solomon_exact_1000_v1,missing,,,,,0.5,,100,2,25,fb89464a08a8315316a993462b898339a1874a83f2825c9a1b6ff87072390d28,False,candidate,e6dbfbf4af082d1931b05cdf5e6025870dea04a3e7f83089c123ae878bc463bb
RC105,solomon_txt,b9e912625c1ed80d2f565e0799ade2f4b17bf4f95056322ca23f1a21b37e7a49,1,1,ok,True,16,2115609,2115.609,0.061055,0.500422,1,time_limit,solomon_exact_1000_v1,missing,,,,,0.5,,100,2,25,fb89464a08a8315316a993462b898339a1874a83f2825c9a1b6ff87072390d28,False,candidate,e6dbfbf4af082d1931b05cdf5e6025870dea04a3e7f83089c123ae878bc463bb
RC105,solomon_txt,b9e912625c1ed80d2f565e0799ade2f4b17bf4f95056322ca23f1a21b37e7a49,2,1,ok,True,16,1896344,1896.344,0.06383,0.500383,1,time_limit,solomon_exact_1000_v1,missing,,,,,0.5,,100,2,25,fb89464a08a8315316a993462b898339a1874a83f2825c9a1b6ff87072390d28,False,candidate,e6dbfbf4af082d1931b05cdf5e6025870dea04a3e7f83089c123ae878bc463bb
RC106,solomon_txt,bf016ffc567af2d108570357daf1d0cabb7f680c0bd977d2e4366787683fdbaf,0,1,ok,True,15,2117387,2117.387,0.057978,0.500454,1,time_limit,solomon_exact_1000_v1,missing,,,,,0.5,,100,2,25,fb89464a08a8315316a993462b898339a1874a83f2825c9a1b6ff87072390d28,False,candidate,e6dbfbf4af082d1931b05cdf5e6025870dea04a3e7f83089c123ae878bc463bb
RC106,solomon_txt,bf016ffc567af2d108570357daf1d0cabb7f680c0bd977d2e4366787683fdbaf,1,1,ok,True,15,1915368,1915.368,0.061884,0.500229,3,time_limit,solomon_exact_1000_v1,missing,,,,,0.5,,100,2,25,fb89464a08a8315316a993462b898339a1874a83f2825c9a1b6ff87072390d28,False,candidate,e6dbfbf4af082d1931b05cdf5e6025870dea04a3e7f83089c123ae878bc463bb
RC106,solomon_txt,bf016ffc567af2d108570357daf1d0cabb7f680c0bd977d2e4366787683fdbaf,2,1,ok,True,15,1993373,1993.373,0.058812,0.500435,1,time_limit,solomon_exact_1000_v1,missing,,,,,0.5,,100,2,25,fb89464a08a8315316a993462b898339a1874a83f2825c9a1b6ff87072390d28,False,candidate,e6dbfbf4af082d1931b05cdf5e6025870dea04a3e7f83089c123ae878bc463bb
RC107,solomon_txt,fff3fd68d110671ed442575f07cc547291586f30b00c5f73934d521d31311582,0,1,ok,True,14,1708249,1708.249,0.061183,0.500414,1,time_limit,solomon_exact_1000_v1,missing,,,,,0.5,,100,2,25,fb89464a08a8315316a993462b898339a1874a83f2825c9a1b6ff87072390d28,False,candidate,e6dbfbf4af082d1931b05cdf5e6025870dea04a3e7f83089c123ae878bc463bb
RC107,solomon_txt,fff3fd68d110671ed442575f07cc547291586f30b00c5f73934d521d31311582,1,1,ok,True,14,1796393,1796.393,0.062432,0.500214,2,time_limit,solomon_exact_1000_v1,missing,,,,,0.5,,100,2,25,fb89464a08a8315316a993462b898339a1874a83f2825c9a1b6ff87072390d28,False,candidate,e6dbfbf4af082d1931b05cdf5e6025870dea04a3e7f83089c123ae878bc463bb
RC107,solomon_txt,fff3fd68d110671ed442575f07cc547291586f30b00c5f73934d521d31311582,2,1,ok,True,14,1879873,1879.873,0.063772,0.500423,2,time_limit,solomon_exact_1000_v1,missing,,,,,0.5,,100,2,25,fb89464a08a8315316a993462b898339a1874a83f2825c9a1b6ff87072390d28,False,candidate,e6dbfbf4af082d1931b05cdf5e6025870dea04a3e7f83089c123ae878bc463bb
RC108,solomon_txt,006bc8817bf09f9a8c66af8d6f088bdec239b2eb435556e9d11193cf456f7aeb,0,1,ok,True,14,1952048,1952.048,0.064655,0.500435,1,time_limit,solomon_exact_1000_v1,missing,,,,,0.5,,100,2,25,fb89464a08a8315316a993462b898339a1874a83f2825c9a1b6ff87072390d28,False,candidate,e6dbfbf4af082d1931b05cdf5e6025870dea04a3e7f83089c123ae878bc463bb
RC108,solomon_txt,006bc8817bf09f9a8c66af8d6f088bdec239b2eb435556e9d11193cf456f7aeb,1,1,ok,True,14,1697714,1697.714,0.063479,0.500414,1,time_limit,solomon_exact_1000_v1,missing,,,,,0.5,,100,2,25,fb89464a08a8315316a993462b898339a1874a83f2825c9a1b6ff87072390d28,False,candidate,e6dbfbf4af082d1931b05cdf5e6025870dea04a3e7f83089c123ae878bc463bb
RC108,solomon_txt,006bc8817bf09f9a8c66af8d6f088bdec239b2eb435556e9d11193cf456f7aeb,2,1,ok,True,14,1714193,1714.193,0.063742,0.500427,1,time_limit,solomon_exact_1000_v1,missing,,,,,0.5,,100,2,25,fb89464a08a8315316a993462b898339a1874a83f2825c9a1b6ff87072390d28,False,candidate,e6dbfbf4af082d1931b05cdf5e6025870dea04a3e7f83089c123ae878bc463bb
RC201,solomon_txt,288836e2d8c2ace83ebbff77e03ac8cdffc574fc134cade21ef92713f8c52d44,0,1,ok,True,5,2429811,2429.811,0.127776,0.500193,1,time_limit,solomon_exact_1000_v1,missing,,,,,0.5,,100,2,25,fb89464a08a8315316a993462b898339a1874a83f2825c9a1b6ff87072390d28,False,candidate,e6dbfbf4af082d1931b05cdf5e6025870dea04a3e7f83089c123ae878bc463bb
RC201,solomon_txt,288836e2d8c2ace83ebbff77e03ac8cdffc574fc134cade21ef92713f8c52d44,1,1,ok,True,5,2396597,2396.597,0.130096,0.500441,1,time_limit,solomon_exact_1000_v1,missing,,,,,0.5,,100,2,25,fb89464a08a8315316a993462b898339a1874a83f2825c9a1b6ff87072390d28,False,candidate,e6dbfbf4af082d1931b05cdf5e6025870dea04a3e7f83089c123ae878bc463bb
RC201,solomon_txt,288836e2d8c2ace83ebbff77e03ac8cdffc574fc134cade21ef92713f8c52d44,2,1,ok,True,5,2411572,2411.572,0.133693,0.500394,1,time_limit,solomon_exact_1000_v1,missing,,,,,0.5,,100,2,25,fb89464a08a8315316a993462b898339a1874a83f2825c9a1b6ff87072390d28,False,candidate,e6dbfbf4af082d1931b05cdf5e6025870dea04a3e7f83089c123ae878bc463bb
RC202,solomon_txt,5a1dee2017ab0ca4fe280b392678c96e8b5bc71f22d02c8058fbde7c4cfebcf4,0,1,ok,True,4,1920411,1920.411,0.121266,0.500222,1,time_limit,solomon_exact_1000_v1,missing,,,,,0.5,,100,2,25,fb89464a08a8315316a993462b898339a1874a83f2825c9a1b6ff87072390d28,False,candidate,e6dbfbf4af082d1931b05cdf5e6025870dea04a3e7f83089c123ae878bc463bb
RC202,solomon_txt,5a1dee2017ab0ca4fe280b392678c96e8b5bc71f22d02c8058fbde7c4cfebcf4,1,1,ok,True,4,1818035,1818.035,0.127813,0.500484,1,time_limit,solomon_exact_1000_v1,missing,,,,,0.5,,100,2,25,fb89464a08a8315316a993462b898339a1874a83f2825c9a1b6ff87072390d28,False,candidate,e6dbfbf4af082d1931b05cdf5e6025870dea04a3e7f83089c123ae878bc463bb
RC202,solomon_txt,5a1dee2017ab0ca4fe280b392678c96e8b5bc71f22d02c8058fbde7c4cfebcf4,2,1,ok,True,4,1619243,1619.243,0.124615,0.500409,1,time_limit,solomon_exact_1000_v1,missing,,,,,0.5,,100,2,25,fb89464a08a8315316a993462b898339a1874a83f2825c9a1b6ff87072390d28,False,candidate,e6dbfbf4af082d1931b05cdf5e6025870dea04a3e7f83089c123ae878bc463bb
RC203,solomon_txt,4adcb362c23df91f14b828d4964e9383ffb02ee74217afc2d84571f83ed91f8b,0,1,ok,True,3,1400007,1400.007,0.129662,0.500227,1,time_limit,solomon_exact_1000_v1,missing,,,,,0.5,,100,2,25,fb89464a08a8315316a993462b898339a1874a83f2825c9a1b6ff87072390d28,False,candidate,e6dbfbf4af082d1931b05cdf5e6025870dea04a3e7f83089c123ae878bc463bb
RC203,solomon_txt,4adcb362c23df91f14b828d4964e9383ffb02ee74217afc2d84571f83ed91f8b,1,1,ok,True,3,1545417,1545.417,0.131977,0.500269,1,time_limit,solomon_exact_1000_v1,missing,,,,,0.5,,100,2,25,fb89464a08a8315316a993462b898339a1874a83f2825c9a1b6ff87072390d28,False,candidate,e6dbfbf4af082d1931b05cdf5e6025870dea04a3e7f83089c123ae878bc463bb
RC203,solomon_txt,4adcb362c23df91f14b828d4964e9383ffb02ee74217afc2d84571f83ed91f8b,2,1,ok,True,3,1516613,1516.613,0.130089,0.500259,2,time_limit,solomon_exact_1000_v1,missing,,,,,0.5,,100,2,25,fb89464a08a8315316a993462b898339a1874a83f2825c9a1b6ff87072390d28,False,candidate,e6dbfbf4af082d1931b05cdf5e6025870dea04a3e7f83089c123ae878bc463bb
RC204,solomon_txt,11e827eab51a959ebab66344e7b7cfd1aeed895287653b36a72c86a4440ecd77,0,1,ok,True,3,1500593,1500.593,0.195376,0.500219,1,time_limit,solomon_exact_1000_v1,missing,,,,,0.5,,100,2,25,fb89464a08a8315316a993462b898339a1874a83f2825c9a1b6ff87072390d28,False,candidate,e6dbfbf4af082d1931b05cdf5e6025870dea04a3e7f83089c123ae878bc463bb
RC204,solomon_txt,11e827eab51a959ebab66344e7b7cfd1aeed895287653b36a72c86a4440ecd77,1,1,ok,True,3,1500593,1500.593,0.193913,0.500224,1,time_limit,solomon_exact_1000_v1,missing,,,,,0.5,,100,2,25,fb89464a08a8315316a993462b898339a1874a83f2825c9a1b6ff87072390d28,False,candidate,e6dbfbf4af082d1931b05cdf5e6025870dea04a3e7f83089c123ae878bc463bb
RC204,solomon_txt,11e827eab51a959ebab66344e7b7cfd1aeed895287653b36a72c86a4440ecd77,2,1,ok,True,3,1500132,1500.132,0.194909,0.500429,1,time_limit,solomon_exact_1000_v1,missing,,,,,0.5,,100,2,25,fb89464a08a8315316a993462b898339a1874a83f2825c9a1b6ff87072390d28,False,candidate,e6dbfbf4af082d1931b05cdf5e6025870dea04a3e7f83089c123ae878bc463bb
RC205,solomon_txt,c061d306cf42310b0f3ca15612089f6c5a8d5604c0733bf26852477c787662c9,0,1,ok,True,4,1959415,1959.415,0.138306,0.500227,1,time_limit,solomon_exact_1000_v1,missing,,,,,0.5,,100,2,25,fb89464a08a8315316a993462b898339a1874a83f2825c9a1b6ff87072390d28,False,candidate,e6dbfbf4af082d1931b05cdf5e6025870dea04a3e7f83089c123ae878bc463bb
RC205,solomon_txt,c061d306cf42310b0f3ca15612089f6c5a8d5604c0733bf26852477c787662c9,1,1,ok,True,4,1741837,1741.837,0.144401,0.500411,1,time_limit,solomon_exact_1000_v1,missing,,,,,0.5,,100,2,25,fb89464a08a8315316a993462b898339a1874a83f2825c9a1b6ff87072390d28,False,candidate,e6dbfbf4af082d1931b05cdf5e6025870dea04a3e7f83089c123ae878bc463bb
RC205,solomon_txt,c061d306cf42310b0f3ca15612089f6c5a8d5604c0733bf26852477c787662c9,2,1,ok,True,4,1695820,1695.82,0.138739,0.500509,1,time_limit,solomon_exact_1000_v1,missing,,,,,0.5,,100,2,25,fb89464a08a8315316a993462b898339a1874a83f2825c9a1b6ff87072390d28,False,candidate,e6dbfbf4af082d1931b05cdf5e6025870dea04a3e7f83089c123ae878bc463bb
RC206,solomon_txt,5203aecf67c84df49e152645312a837ffefde529314ff892ca061538816e43a9,0,1,ok,True,4,2080287,2080.287,0.137516,0.500206,1,time_limit,solomon_exact_1000_v1,missing,,,,,0.5,,100,2,25,fb89464a08a8315316a993462b898339a1874a83f2825c9a1b6ff87072390d28,False,candidate,e6dbfbf4af082d1931b05cdf5e6025870dea04a3e7f83089c123ae878bc463bb
RC206,solomon_txt,5203aecf67c84df49e152645312a837ffefde529314ff892ca061538816e43a9,1,1,ok,True,4,1771858,1771.858,0.141473,0.500505,1,time_limit,solomon_exact_1000_v1,missing,,,,,0.5,,100,2,25,fb89464a08a8315316a993462b898339a1874a83f2825c9a1b6ff87072390d28,False,candidate,e6dbfbf4af082d1931b05cdf5e6025870dea04a3e7f83089c123ae878bc463bb
RC206,solomon_txt,5203aecf67c84df49e152645312a837ffefde529314ff892ca061538816e43a9,2,1,ok,True,4,1725004,1725.004,0.142644,0.500485,1,time_limit,solomon_exact_1000_v1,missing,,,,,0.5,,100,2,25,fb89464a08a8315316a993462b898339a1874a83f2825c9a1b6ff87072390d28,False,candidate,e6dbfbf4af082d1931b05cdf5e6025870dea04a3e7f83089c123ae878bc463bb
RC207,solomon_txt,5cab65f99b350cdb8fb1c4d0a12dde85eb4ff6a6d6daf292b182cb73de9a8b63,0,1,ok,True,4,1907431,1907.431,0.157525,0.500228,1,time_limit,solomon_exact_1000_v1,missing,,,,,0.5,,100,2,25,fb89464a08a8315316a993462b898339a1874a83f2825c9a1b6ff87072390d28,False,candidate,e6dbfbf4af082d1931b05cdf5e6025870dea04a3e7f83089c123ae878bc463bb
RC207,solomon_txt,5cab65f99b350cdb8fb1c4d0a12dde85eb4ff6a6d6daf292b182cb73de9a8b63,1,1,ok,True,3,1405392,1405.392,0.172464,0.500226,1,time_limit,solomon_exact_1000_v1,missing,,,,,0.5,,100,2,25,fb89464a08a8315316a993462b898339a1874a83f2825c9a1b6ff87072390d28,False,candidate,e6dbfbf4af082d1931b05cdf5e6025870dea04a3e7f83089c123ae878bc463bb
RC207,solomon_txt,5cab65f99b350cdb8fb1c4d0a12dde85eb4ff6a6d6daf292b182cb73de9a8b63,2,1,ok,True,4,1907431,1907.431,0.151458,0.500503,1,time_limit,solomon_exact_1000_v1,missing,,,,,0.5,,100,2,25,fb89464a08a8315316a993462b898339a1874a83f2825c9a1b6ff87072390d28,False,candidate,e6dbfbf4af082d1931b05cdf5e6025870dea04a3e7f83089c123ae878bc463bb
RC208,solomon_txt,3d67d2a8e2758a324643f5d6c6ca87e8c56435273eaa04be33f213bb991f1f28,0,1,ok,True,3,1365201,1365.201,0.149057,0.500248,1,time_limit,solomon_exact_1000_v1,missing,,,,,0.5,,100,2,25,fb89464a08a8315316a993462b898339a1874a83f2825c9a1b6ff87072390d28,False,candidate,e6dbfbf4af082d1931b05cdf5e6025870dea04a3e7f83089c123ae878bc463bb
RC208,solomon_txt,3d67d2a8e2758a324643f5d6c6ca87e8c56435273eaa04be33f213bb991f1f28,1,1,ok,True,4,1913075,1913.075,0.161773,0.500444,1,time_limit,solomon_exact_1000_v1,missing,,,,,0.5,,100,2,25,fb89464a08a8315316a993462b898339a1874a83f2825c9a1b6ff87072390d28,False,candidate,e6dbfbf4af082d1931b05cdf5e6025870dea04a3e7f83089c123ae878bc463bb
RC208,solomon_txt,3d67d2a8e2758a324643f5d6c6ca87e8c56435273eaa04be33f213bb991f1f28,2,1,ok,True,4,1909257,1909.257,0.149221,0.500356,1,time_limit,solomon_exact_1000_v1,missing,,,,,0.5,,100,2,25,fb89464a08a8315316a993462b898339a1874a83f2825c9a1b6ff87072390d28,False,candidate,e6dbfbf4af082d1931b05cdf5e6025870dea04a3e7f83089c123ae878bc463bb
