instance,ours_vehicles,pyvrp_vehicles,vehicle_gap,ours_distance,pyvrp_distance,distance_gap,distance_gap_percent,winner,budget_seconds,seeds_compared,vehicle_cap,ours_feasible_runs,pyvrp_feasible_runs,ours_best_seed,pyvrp_best_seed
C101,10,10,0,828.937,828.937,0.000,0,tie,0.5,0;1;2,10,3,3,0,0
C102,10,10,0,1258.253,828.937,429.316,51.7911,pyvrp,0.5,0;1;2,10,3,3,0,0
C103,10,10,0,1788.945,828.065,960.880,116.0392,pyvrp,0.5,0;1;2,10,3,3,1,0
C104,10,10,0,1868.896,824.776,1044.120,126.5944,pyvrp,0.5,0;1;2,10,3,3,2,0
C105,10,10,0,1039.051,828.937,210.114,25.3474,pyvrp,0.5,0;1;2,10,3,3,1,0
C106,10,10,0,1084.912,828.937,255.975,30.8799,pyvrp,0.5,0;1;2,10,3,3,2,0
C107,10,10,0,1087.988,828.937,259.051,31.251,pyvrp,0.5,0;1;2,10,3,3,2,0
C108,10,10,0,1419.591,828.937,590.654,71.2544,pyvrp,0.5,0;1;2,10,3,3,2,0
C109,10,10,0,1613.769,828.937,784.832,94.6793,pyvrp,0.5,0;1;2,10,3,3,1,0
C201,3,3,0,704.252,591.555,112.697,19.051,pyvrp,0.5,0;1;2,3,3,3,0,0
C202,3,3,0,746.236,591.555,154.681,26.1482,pyvrp,0.5,0;1;2,3,3,3,0,0
C203,3,3,0,681.625,591.173,90.452,15.3004,pyvrp,0.5,0;1;2,3,3,3,0,0
C204,3,3,0,743.140,590.598,152.542,25.8284,pyvrp,0.5,0;1;2,3,3,3,2,0
C205,4,3,1,912.158,588.875,,,pyvrp,0.5,0;1;2,3,3,3,0,0
C206,4,3,1,1154.595,588.493,,,pyvrp,0.5,0;1;2,3,3,3,0,0
C207,4,3,1,980.937,588.287,,,pyvrp,0.5,0;1;2,3,3,3,0,0
C208,4,3,1,957.831,588.324,,,pyvrp,0.5,0;1;2,3,3,3,0,0
R101,21,21,0,1871.101,1666.366,204.735,12.2863,pyvrp,0.5,0;1;2,21,3,2,2,0
R102,19,19,0,1606.305,1501.935,104.370,6.949,pyvrp,0.5,0;1;2,19,3,3,2,0
R103,14,14,0,1542.786,1263.496,279.290,22.1045,pyvrp,0.5,0;1;2,14,3,1,2,2
R104,11,11,0,1186.697,1061.647,125.050,11.7789,pyvrp,0.5,0;1;2,11,3,3,0,0
R105,17,17,0,1670.400,1446.945,223.455,15.4432,pyvrp,0.5,0;1;2,17,3,3,1,1
R106,14,14,0,1540.595,1313.594,227.001,17.2809,pyvrp,0.5,0;1;2,14,3,3,0,2
R107,12,12,0,1283.469,1138.264,145.205,12.7567,pyvrp,0.5,0;1;2,12,3,3,0,1
R108,10,10,0,1128.679,964.866,163.813,16.9778,pyvrp,0.5,0;1;2,10,3,3,1,1
R109,14,12,2,1518.755,1159.346,,,pyvrp,0.5,0;1;2,14,3,3,0,0
R110,13,13,0,1523.698,1154.532,369.166,31.9754,pyvrp,0.5,0;1;2,13,3,3,1,0
R111,12,12,0,1307.395,1171.316,136.079,11.6176,pyvrp,0.5,0;1;2,12,3,2,2,1
R112,12,10,2,1372.893,967.561,,,pyvrp,0.5,0;1;2,12,3,3,2,0
R201,4,4,0,1605.282,1294.077,311.205,24.0484,pyvrp,0.5,0;1;2,4,3,3,2,0
R202,4,4,0,1622.244,1130.050,492.194,43.5551,pyvrp,0.5,0;1;2,4,3,3,0,1
R203,3,3,0,1290.510,948.497,342.013,36.0584,pyvrp,0.5,0;1;2,3,3,3,2,2
R204,3,3,0,1310.217,751.067,559.150,74.4474,pyvrp,0.5,0;1;2,3,3,3,2,0
R205,3,3,0,1303.717,994.429,309.288,31.1021,pyvrp,0.5,0;1;2,3,3,3,0,1
R206,3,3,0,1531.545,935.493,596.052,63.7153,pyvrp,0.5,0;1;2,3,3,3,2,0
R207,3,3,0,1035.524,811.502,224.022,27.6058,pyvrp,0.5,0;1;2,3,3,3,2,0
R208,3,3,0,957.965,717.325,240.640,33.5469,pyvrp,0.5,0;1;2,3,3,3,0,0
R209,3,3,0,1278.206,917.407,360.799,39.3281,pyvrp,0.5,0;1;2,3,3,3,0,1
R210,3,3,0,1424.878,962.486,462.392,48.0414,pyvrp,0.5,0;1;2,3,3,3,0,1
R211,3,3,0,1507.534,806.306,701.228,86.968,pyvrp,0.5,0;1;2,3,3,3,2,1
RC101,17,17,0,2197.881,1709.079,488.802,28.6003,pyvrp,0.5,0;1;2,17,3,2,0,0
RC102,15,15,0,1756.601,1515.312,241.289,15.9234,pyvrp,0.5,0;1;2,15,3,3,0,2
RC103,12,12,0,1703.532,1321.637,381.895,28.8956,pyvrp,0.5,0;1;2,12,3,3,1,0
RC104,11,11,0,1482.630,1257.020,225.610,17.948,pyvrp,0.5,0;1;2,11,3,3,2,2
RC105,16,16,0,1896.344,1583.513,312.831,19.7555,pyvrp,0.5,0;1;2,16,3,2,2,2
RC106,15,15,0,1915.368,1462.911,452.457,30.9285,pyvrp,0.5,0;1;2,15,3,3,1,2
RC107,14,13,1,1708.249,1352.098,,,pyvrp,0.5,0;1;2,14,3,3,0,0
RC108,14,13,1,1697.714,1267.940,,,pyvrp,0.5,0;1;2,13,3,3,1,2
RC201,5,4,1,2396.597,1525.618,,,pyvrp,0.5,0;1;2,4,3,3,1,2
RC202,4,4,0,1619.243,1162.114,457.129,39.336,pyvrp,0.5,0;1;2,4,3,3,2,0
RC203,3,3,0,1400.007,1097.474,302.533,27.5663,pyvrp,0.5,0;1;2,3,3,3,0,1
RC204,3,3,0,1500.132,803.102,697.030,86.7922,pyvrp,0.5,0;1;2,3,3,3,2,2
RC205,4,4,0,1695.820,1427.623,268.197,18.7863,pyvrp,0.5,0;1;2,4,3,3,2,2
RC206,4,4,0,1725.004,1082.283,642.721,59.3857,pyvrp,0.5,0;1;2,4,3,3,2,0
RC207,3,3,0,1405.392,1061.141,344.251,32.4416,pyvrp,0.5,0;1;2,3,3,3,1,0
RC208,3,3,0,1365.201,829.001,536.200,64.6803,pyvrp,0.5,0;1;2,3,3,3,0,0
