instance,input_format,input_sha256,seed,threads,status,feasible,vehicles,distance_ticks,distance,first_feasible_seconds,runtime_seconds,iterations,stop_reason,numeric_rule,error,time_limit_seconds,max_iterations,fleet_attempts_per_k,max_moves,vehicle_limit,code_sha256,diagnostics_enabled,fleet_stop_reason,fleet_trials,fleet_time_fraction,construction_order,repair_order,remove_min,remove_max,restart_after
C103,solomon_txt,a55cabf15e0da9d65696a5fb45c9852889479893f76f772a428ca15d1b415a51,0,1,ok,True,10,1819480,1819.48,0.14390579999962938,0.5005802999999105,3,time_limit,solomon_exact_1000_v1,,0.5,,100,2,25,fb89464a08a8315316a993462b898339a1874a83f2825c9a1b6ff87072390d28,False,lower_bound,0,1.0,due,due,3,8,20
C103,solomon_txt,a55cabf15e0da9d65696a5fb45c9852889479893f76f772a428ca15d1b415a51,1,1,ok,True,10,1789202,1789.202,0.11291819999996733,0.5002838000000338,3,time_limit,solomon_exact_1000_v1,,0.5,,100,2,25,fb89464a08a8315316a993462b898339a1874a83f2825c9a1b6ff87072390d28,False,lower_bound,0,1.0,due,due,3,8,20
C103,solomon_txt,a55cabf15e0da9d65696a5fb45c9852889479893f76f772a428ca15d1b415a51,2,1,ok,True,10,1797230,1797.23,0.12781109999968976,0.5005937999999333,3,time_limit,solomon_exact_1000_v1,,0.5,,100,2,25,fb89464a08a8315316a993462b898339a1874a83f2825c9a1b6ff87072390d28,False,lower_bound,0,1.0,due,due,3,8,20
C104,solomon_txt,fe333e81625ee5a75bb2ce98c2c9f356d07289237865b62a23ba2f32f0de5ee2,0,1,ok,True,10,1938129,1938.129,0.13954449999982899,0.500619199999619,3,time_limit,solomon_exact_1000_v1,,0.5,,100,2,25,fb89464a08a8315316a993462b898339a1874a83f2825c9a1b6ff87072390d28,False,lower_bound,0,1.0,due,due,3,8,20
C104,solomon_txt,fe333e81625ee5a75bb2ce98c2c9f356d07289237865b62a23ba2f32f0de5ee2,1,1,ok,True,10,1962401,1962.401,0.21369129999993675,0.5006357999995998,2,time_limit,solomon_exact_1000_v1,,0.5,,100,2,25,fb89464a08a8315316a993462b898339a1874a83f2825c9a1b6ff87072390d28,False,lower_bound,0,1.0,due,due,3,8,20
C104,solomon_txt,fe333e81625ee5a75bb2ce98c2c9f356d07289237865b62a23ba2f32f0de5ee2,2,1,ok,True,10,1871279,1871.279,0.18819540000004054,0.5009300000001531,3,time_limit,solomon_exact_1000_v1,,0.5,,100,2,25,fb89464a08a8315316a993462b898339a1874a83f2825c9a1b6ff87072390d28,False,lower_bound,0,1.0,due,due,3,8,20
R101,solomon_txt,3f3655182bc0fe44ce5de65fdcd2ee2f9c7fb9ed055f923635151d9d6f76d3ed,0,1,ok,True,22,1914025,1914.025,0.07462930000019696,0.5006148000002213,0,time_limit,solomon_exact_1000_v1,,0.5,,100,2,25,fb89464a08a8315316a993462b898339a1874a83f2825c9a1b6ff87072390d28,False,time_limit,16,1.0,due,due,3,8,20
R101,solomon_txt,3f3655182bc0fe44ce5de65fdcd2ee2f9c7fb9ed055f923635151d9d6f76d3ed,1,1,ok,True,22,2010315,2010.315,0.08516009999993912,0.5010839999999916,0,time_limit,solomon_exact_1000_v1,,0.5,,100,2,25,fb89464a08a8315316a993462b898339a1874a83f2825c9a1b6ff87072390d28,False,time_limit,7,1.0,due,due,3,8,20
R101,solomon_txt,3f3655182bc0fe44ce5de65fdcd2ee2f9c7fb9ed055f923635151d9d6f76d3ed,2,1,ok,True,21,1875855,1875.855,0.12693669999998747,0.5010678999997253,0,time_limit,solomon_exact_1000_v1,,0.5,,100,2,25,fb89464a08a8315316a993462b898339a1874a83f2825c9a1b6ff87072390d28,False,time_limit,8,1.0,due,due,3,8,20
RC101,solomon_txt,ef6893ffd9746ad96de8e4da6e64e2c4ba6e08a1c7eb9457276a9f1caf01ca12,0,1,ok,True,19,2031958,2031.958,0.08300699999972494,0.5008926000000429,0,time_limit,solomon_exact_1000_v1,,0.5,,100,2,25,fb89464a08a8315316a993462b898339a1874a83f2825c9a1b6ff87072390d28,False,time_limit,9,1.0,due,due,3,8,20
RC101,solomon_txt,ef6893ffd9746ad96de8e4da6e64e2c4ba6e08a1c7eb9457276a9f1caf01ca12,1,1,ok,True,18,2077534,2077.534,0.08346650000021327,0.5006060999999136,0,time_limit,solomon_exact_1000_v1,,0.5,,100,2,25,fb89464a08a8315316a993462b898339a1874a83f2825c9a1b6ff87072390d28,False,time_limit,10,1.0,due,due,3,8,20
RC101,solomon_txt,ef6893ffd9746ad96de8e4da6e64e2c4ba6e08a1c7eb9457276a9f1caf01ca12,2,1,ok,True,18,1983759,1983.759,0.08906159999969532,0.500644199999897,0,time_limit,solomon_exact_1000_v1,,0.5,,100,2,25,fb89464a08a8315316a993462b898339a1874a83f2825c9a1b6ff87072390d28,False,time_limit,10,1.0,due,due,3,8,20
