iteration,current_vehicles,current_distance_ticks,candidate_vehicles,candidate_distance_ticks,candidate_feasible,best_vehicles,best_distance_ticks,accepted,event,elapsed_seconds,current_feasible,current_excess_load,current_time_warp,candidate_excess_load,candidate_time_warp,load_penalty,time_penalty,load_feasible_rate,time_feasible_rate,feasible_rate,penalty_updated,penalized_cost
0,10,1881698,10,1881698,True,10,1881698,True,construction,0.080411,True,0,0,,,,,,,,False,
1,10,1226430,10,1226430,True,10,1226430,True,best,0.203335,True,0,0,,,,,,,,False,
2,10,1226430,10,1226430,True,10,1226430,True,candidate,0.219885,True,0,0,,,,,,,,False,
3,10,1226430,10,1226430,True,10,1226430,True,candidate,0.239988,True,0,0,,,,,,,,False,
4,10,1226430,10,1226430,True,10,1226430,True,candidate,0.257354,True,0,0,,,,,,,,False,
5,10,1045970,10,1045970,True,10,1045970,True,best,0.351003,True,0,0,,,,,,,,False,
6,10,1045970,10,1045970,True,10,1045970,True,candidate,0.376132,True,0,0,,,,,,,,False,
7,10,1045970,10,1045970,True,10,1045970,True,candidate,0.397442,True,0,0,,,,,,,,False,
8,10,1045970,10,1045970,True,10,1045970,True,candidate,0.417781,True,0,0,,,,,,,,False,
9,10,1045970,10,1045970,True,10,1045970,True,candidate,0.437679,True,0,0,,,,,,,,False,
10,10,1045970,10,1045970,True,10,1045970,True,candidate,0.459249,True,0,0,,,,,,,,False,
11,10,1045970,10,1045970,True,10,1045970,True,candidate,0.476241,True,0,0,,,,,,,,False,
12,10,1045970,10,1045970,True,10,1045970,True,candidate,0.500223,True,0,0,,,,,,,,False,
