variant,instance,family,baseline_vehicles,baseline_distance_ticks,baseline_best_seed,variant_vehicles,variant_distance_ticks,variant_best_seed,result_vs_baseline,same_vehicle_distance_result_vs_baseline,distance_delta_ticks_vs_baseline,distance_delta_percent_vs_baseline
baseline,C101,C,10,828937,1,10,828937,1,tie,tie,0,0.000000
baseline,C102,C,10,1103932,0,10,1103932,0,tie,tie,0,0.000000
baseline,C103,C,10,1617749,0,10,1617749,0,tie,tie,0,0.000000
baseline,C104,C,10,1402161,1,10,1402161,1,tie,tie,0,0.000000
baseline,C105,C,10,874895,2,10,874895,2,tie,tie,0,0.000000
baseline,C106,C,10,942706,1,10,942706,1,tie,tie,0,0.000000
baseline,C107,C,10,892555,2,10,892555,2,tie,tie,0,0.000000
baseline,C108,C,10,1130295,2,10,1130295,2,tie,tie,0,0.000000
baseline,C109,C,10,1308492,2,10,1308492,2,tie,tie,0,0.000000
baseline,C201,C,3,626335,0,3,626335,0,tie,tie,0,0.000000
baseline,C202,C,3,717867,2,3,717867,2,tie,tie,0,0.000000
baseline,C203,C,3,625423,0,3,625423,0,tie,tie,0,0.000000
baseline,C204,C,3,714754,2,3,714754,2,tie,tie,0,0.000000
baseline,C205,C,3,606129,2,3,606129,2,tie,tie,0,0.000000
baseline,C206,C,3,613772,2,3,613772,2,tie,tie,0,0.000000
baseline,C207,C,3,621266,2,3,621266,2,tie,tie,0,0.000000
baseline,C208,C,3,638552,2,3,638552,2,tie,tie,0,0.000000
baseline,R101,R,20,1794075,1,20,1794075,1,tie,tie,0,0.000000
baseline,R102,R,18,1524295,2,18,1524295,2,tie,tie,0,0.000000
baseline,R103,R,14,1474118,2,14,1474118,2,tie,tie,0,0.000000
baseline,R104,R,10,1112596,2,10,1112596,2,tie,tie,0,0.000000
baseline,R105,R,15,1563538,1,15,1563538,1,tie,tie,0,0.000000
baseline,R106,R,13,1504472,2,13,1504472,2,tie,tie,0,0.000000
baseline,R107,R,11,1326111,1,11,1326111,1,tie,tie,0,0.000000
baseline,R108,R,10,1128679,1,10,1128679,1,tie,tie,0,0.000000
baseline,R109,R,13,1485981,0,13,1485981,0,tie,tie,0,0.000000
baseline,R110,R,12,1399004,1,12,1399004,1,tie,tie,0,0.000000
baseline,R111,R,12,1370638,0,12,1370638,0,tie,tie,0,0.000000
baseline,R112,R,11,1169434,1,11,1169434,1,tie,tie,0,0.000000
baseline,R201,R,4,1562030,1,4,1562030,1,tie,tie,0,0.000000
baseline,R202,R,4,1553838,1,4,1553838,1,tie,tie,0,0.000000
baseline,R203,R,3,1204657,2,3,1204657,2,tie,tie,0,0.000000
baseline,R204,R,3,1170085,1,3,1170085,1,tie,tie,0,0.000000
baseline,R205,R,3,1285766,0,3,1285766,0,tie,tie,0,0.000000
baseline,R206,R,3,1439196,2,3,1439196,2,tie,tie,0,0.000000
baseline,R207,R,3,1024827,2,3,1024827,2,tie,tie,0,0.000000
baseline,R208,R,2,914568,1,2,914568,1,tie,tie,0,0.000000
baseline,R209,R,3,1275954,1,3,1275954,1,tie,tie,0,0.000000
baseline,R210,R,3,1374580,2,3,1374580,2,tie,tie,0,0.000000
baseline,R211,R,3,1368028,1,3,1368028,1,tie,tie,0,0.000000
baseline,RC101,RC,16,1857651,2,16,1857651,2,tie,tie,0,0.000000
baseline,RC102,RC,14,1691663,2,14,1691663,2,tie,tie,0,0.000000
baseline,RC103,RC,12,1655238,1,12,1655238,1,tie,tie,0,0.000000
baseline,RC104,RC,11,1269334,2,11,1269334,2,tie,tie,0,0.000000
baseline,RC105,RC,14,1934928,0,14,1934928,0,tie,tie,0,0.000000
baseline,RC106,RC,13,1605029,2,13,1605029,2,tie,tie,0,0.000000
baseline,RC107,RC,13,1600755,0,13,1600755,0,tie,tie,0,0.000000
baseline,RC108,RC,12,1450694,1,12,1450694,1,tie,tie,0,0.000000
baseline,RC201,RC,5,2163673,1,5,2163673,1,tie,tie,0,0.000000
baseline,RC202,RC,4,1554012,2,4,1554012,2,tie,tie,0,0.000000
baseline,RC203,RC,3,1195626,0,3,1195626,0,tie,tie,0,0.000000
baseline,RC204,RC,3,1424468,2,3,1424468,2,tie,tie,0,0.000000
baseline,RC205,RC,4,1895759,0,4,1895759,0,tie,tie,0,0.000000
baseline,RC206,RC,4,1592193,2,4,1592193,2,tie,tie,0,0.000000
baseline,RC207,RC,3,1392608,1,3,1392608,1,tie,tie,0,0.000000
baseline,RC208,RC,3,1309873,0,3,1309873,0,tie,tie,0,0.000000
fixed_penalties,C101,C,10,828937,1,10,828937,0,tie,tie,0,0.000000
fixed_penalties,C102,C,10,1103932,0,10,1018628,2,better,better,-85304,-7.727288
fixed_penalties,C103,C,10,1617749,0,10,1482963,1,better,better,-134786,-8.331700
fixed_penalties,C104,C,10,1402161,1,10,1307623,2,better,better,-94538,-6.742307
fixed_penalties,C105,C,10,874895,2,10,886161,1,worse,worse,11266,1.287697
fixed_penalties,C106,C,10,942706,1,10,939048,1,better,better,-3658,-0.388032
fixed_penalties,C107,C,10,892555,2,10,983753,2,worse,worse,91198,10.217634
fixed_penalties,C108,C,10,1130295,2,10,1103084,2,better,better,-27211,-2.407425
fixed_penalties,C109,C,10,1308492,2,10,1195950,2,better,better,-112542,-8.600893
fixed_penalties,C201,C,3,626335,0,3,704252,0,worse,worse,77917,12.440148
fixed_penalties,C202,C,3,717867,2,3,724988,1,worse,worse,7121,0.991966
fixed_penalties,C203,C,3,625423,0,3,632006,0,worse,worse,6583,1.052568
fixed_penalties,C204,C,3,714754,2,3,737060,2,worse,worse,22306,3.120794
fixed_penalties,C205,C,3,606129,2,3,615656,2,worse,worse,9527,1.571778
fixed_penalties,C206,C,3,613772,2,3,645289,0,worse,worse,31517,5.134969
fixed_penalties,C207,C,3,621266,2,3,631278,2,worse,worse,10012,1.611548
fixed_penalties,C208,C,3,638552,2,3,656955,2,worse,worse,18403,2.881989
fixed_penalties,R101,R,20,1794075,1,20,1868572,1,worse,worse,74497,4.152391
fixed_penalties,R102,R,18,1524295,2,18,1548987,0,worse,worse,24692,1.619896
fixed_penalties,R103,R,14,1474118,2,14,1543316,0,worse,worse,69198,4.694197
fixed_penalties,R104,R,10,1112596,2,10,1119070,2,worse,worse,6474,0.581882
fixed_penalties,R105,R,15,1563538,1,15,1644168,1,worse,worse,80630,5.156894
fixed_penalties,R106,R,13,1504472,2,13,1558794,2,worse,worse,54322,3.610702
fixed_penalties,R107,R,11,1326111,1,11,1344856,0,worse,worse,18745,1.413532
fixed_penalties,R108,R,10,1128679,1,10,1128679,1,tie,tie,0,0.000000
fixed_penalties,R109,R,13,1485981,0,13,1527854,0,worse,worse,41873,2.817869
fixed_penalties,R110,R,12,1399004,1,12,1462696,1,worse,worse,63692,4.552667
fixed_penalties,R111,R,12,1370638,0,12,1406336,0,worse,worse,35698,2.604481
fixed_penalties,R112,R,11,1169434,1,11,1158070,1,better,better,-11364,-0.971752
fixed_penalties,R201,R,4,1562030,1,4,1605282,2,worse,worse,43252,2.768961
fixed_penalties,R202,R,4,1553838,1,4,1622145,2,worse,worse,68307,4.396018
fixed_penalties,R203,R,3,1204657,2,3,1250918,2,worse,worse,46261,3.840180
fixed_penalties,R204,R,3,1170085,1,3,1199995,2,worse,worse,29910,2.556225
fixed_penalties,R205,R,3,1285766,0,3,1286878,0,worse,worse,1112,0.086485
fixed_penalties,R206,R,3,1439196,2,3,1389279,1,better,better,-49917,-3.468395
fixed_penalties,R207,R,3,1024827,2,3,1024827,2,tie,tie,0,0.000000
fixed_penalties,R208,R,2,914568,1,2,877884,1,better,better,-36684,-4.011074
fixed_penalties,R209,R,3,1275954,1,3,1303297,1,worse,worse,27343,2.142946
fixed_penalties,R210,R,3,1374580,2,3,1406463,2,worse,worse,31883,2.319472
fixed_penalties,R211,R,3,1368028,1,3,1411885,2,worse,worse,43857,3.205855
fixed_penalties,RC101,RC,16,1857651,2,16,1899838,2,worse,worse,42187,2.270986
fixed_penalties,RC102,RC,14,1691663,2,14,1711987,2,worse,worse,20324,1.201421
fixed_penalties,RC103,RC,12,1655238,1,12,1703532,1,worse,worse,48294,2.917647
fixed_penalties,RC104,RC,11,1269334,2,11,1316206,2,worse,worse,46872,3.692645
fixed_penalties,RC105,RC,14,1934928,0,14,1995938,0,worse,worse,61010,3.153089
fixed_penalties,RC106,RC,13,1605029,2,13,1679980,1,worse,worse,74951,4.669760
fixed_penalties,RC107,RC,13,1600755,0,13,1705395,0,worse,worse,104640,6.536915
fixed_penalties,RC108,RC,12,1450694,1,12,1604346,2,worse,worse,153652,10.591620
fixed_penalties,RC201,RC,5,2163673,1,5,2327126,2,worse,worse,163453,7.554423
fixed_penalties,RC202,RC,4,1554012,2,4,1619243,2,worse,worse,65231,4.197587
fixed_penalties,RC203,RC,3,1195626,0,3,1211454,0,worse,worse,15828,1.323825
fixed_penalties,RC204,RC,3,1424468,2,3,1482620,1,worse,worse,58152,4.082366
fixed_penalties,RC205,RC,4,1895759,0,4,1959415,0,worse,worse,63656,3.357811
fixed_penalties,RC206,RC,4,1592193,2,4,1725004,2,worse,worse,132811,8.341388
fixed_penalties,RC207,RC,3,1392608,1,3,1398319,1,worse,worse,5711,0.410094
fixed_penalties,RC208,RC,3,1309873,0,3,1365201,0,worse,worse,55328,4.223921
adaptive_penalties,C101,C,10,828937,1,10,828937,0,tie,tie,0,0.000000
adaptive_penalties,C102,C,10,1103932,0,10,1018628,2,better,better,-85304,-7.727288
adaptive_penalties,C103,C,10,1617749,0,10,1482963,1,better,better,-134786,-8.331700
adaptive_penalties,C104,C,10,1402161,1,10,1306991,2,better,better,-95170,-6.787380
adaptive_penalties,C105,C,10,874895,2,10,886161,1,worse,worse,11266,1.287697
adaptive_penalties,C106,C,10,942706,1,10,939048,1,better,better,-3658,-0.388032
adaptive_penalties,C107,C,10,892555,2,10,948993,2,worse,worse,56438,6.323196
adaptive_penalties,C108,C,10,1130295,2,10,1103084,2,better,better,-27211,-2.407425
adaptive_penalties,C109,C,10,1308492,2,10,1195950,2,better,better,-112542,-8.600893
adaptive_penalties,C201,C,3,626335,0,3,704252,0,worse,worse,77917,12.440148
adaptive_penalties,C202,C,3,717867,2,3,724988,1,worse,worse,7121,0.991966
adaptive_penalties,C203,C,3,625423,0,3,632006,0,worse,worse,6583,1.052568
adaptive_penalties,C204,C,3,714754,2,3,737060,2,worse,worse,22306,3.120794
adaptive_penalties,C205,C,3,606129,2,3,615656,2,worse,worse,9527,1.571778
adaptive_penalties,C206,C,3,613772,2,3,638218,0,worse,worse,24446,3.982912
adaptive_penalties,C207,C,3,621266,2,3,631278,2,worse,worse,10012,1.611548
adaptive_penalties,C208,C,3,638552,2,3,656955,2,worse,worse,18403,2.881989
adaptive_penalties,R101,R,20,1794075,1,20,1868572,1,worse,worse,74497,4.152391
adaptive_penalties,R102,R,18,1524295,2,18,1548987,0,worse,worse,24692,1.619896
adaptive_penalties,R103,R,14,1474118,2,14,1543316,0,worse,worse,69198,4.694197
adaptive_penalties,R104,R,10,1112596,2,10,1119070,2,worse,worse,6474,0.581882
adaptive_penalties,R105,R,15,1563538,1,15,1644168,1,worse,worse,80630,5.156894
adaptive_penalties,R106,R,13,1504472,2,13,1558794,2,worse,worse,54322,3.610702
adaptive_penalties,R107,R,11,1326111,1,11,1344856,0,worse,worse,18745,1.413532
adaptive_penalties,R108,R,10,1128679,1,10,1128679,1,tie,tie,0,0.000000
adaptive_penalties,R109,R,13,1485981,0,13,1527854,0,worse,worse,41873,2.817869
adaptive_penalties,R110,R,12,1399004,1,12,1462696,1,worse,worse,63692,4.552667
adaptive_penalties,R111,R,12,1370638,0,12,1406336,0,worse,worse,35698,2.604481
adaptive_penalties,R112,R,11,1169434,1,11,1158070,1,better,better,-11364,-0.971752
adaptive_penalties,R201,R,4,1562030,1,4,1605282,2,worse,worse,43252,2.768961
adaptive_penalties,R202,R,4,1553838,1,4,1622145,2,worse,worse,68307,4.396018
adaptive_penalties,R203,R,3,1204657,2,3,1250918,2,worse,worse,46261,3.840180
adaptive_penalties,R204,R,3,1170085,1,3,1199995,2,worse,worse,29910,2.556225
adaptive_penalties,R205,R,3,1285766,0,3,1286878,0,worse,worse,1112,0.086485
adaptive_penalties,R206,R,3,1439196,2,3,1389279,1,better,better,-49917,-3.468395
adaptive_penalties,R207,R,3,1024827,2,3,1024827,2,tie,tie,0,0.000000
adaptive_penalties,R208,R,2,914568,1,2,877884,1,better,better,-36684,-4.011074
adaptive_penalties,R209,R,3,1275954,1,3,1303297,1,worse,worse,27343,2.142946
adaptive_penalties,R210,R,3,1374580,2,3,1406463,2,worse,worse,31883,2.319472
adaptive_penalties,R211,R,3,1368028,1,3,1413936,2,worse,worse,45908,3.355779
adaptive_penalties,RC101,RC,16,1857651,2,16,1899838,2,worse,worse,42187,2.270986
adaptive_penalties,RC102,RC,14,1691663,2,14,1711987,2,worse,worse,20324,1.201421
adaptive_penalties,RC103,RC,12,1655238,1,12,1703532,1,worse,worse,48294,2.917647
adaptive_penalties,RC104,RC,11,1269334,2,11,1316206,2,worse,worse,46872,3.692645
adaptive_penalties,RC105,RC,14,1934928,0,14,1995938,0,worse,worse,61010,3.153089
adaptive_penalties,RC106,RC,13,1605029,2,13,1679980,1,worse,worse,74951,4.669760
adaptive_penalties,RC107,RC,13,1600755,0,13,1705395,0,worse,worse,104640,6.536915
adaptive_penalties,RC108,RC,12,1450694,1,12,1604346,2,worse,worse,153652,10.591620
adaptive_penalties,RC201,RC,5,2163673,1,5,2327126,2,worse,worse,163453,7.554423
adaptive_penalties,RC202,RC,4,1554012,2,4,1619243,2,worse,worse,65231,4.197587
adaptive_penalties,RC203,RC,3,1195626,0,3,1211454,0,worse,worse,15828,1.323825
adaptive_penalties,RC204,RC,3,1424468,2,3,1482620,1,worse,worse,58152,4.082366
adaptive_penalties,RC205,RC,4,1895759,0,4,1959415,0,worse,worse,63656,3.357811
adaptive_penalties,RC206,RC,4,1592193,2,4,1725004,2,worse,worse,132811,8.341388
adaptive_penalties,RC207,RC,3,1392608,1,3,1398319,1,worse,worse,5711,0.410094
adaptive_penalties,RC208,RC,3,1309873,0,3,1365201,0,worse,worse,55328,4.223921
adaptive_fast,C101,C,10,828937,1,10,828937,0,tie,tie,0,0.000000
adaptive_fast,C102,C,10,1103932,0,10,1018628,2,better,better,-85304,-7.727288
adaptive_fast,C103,C,10,1617749,0,10,1364561,1,better,better,-253188,-15.650636
adaptive_fast,C104,C,10,1402161,1,10,1366076,0,better,better,-36085,-2.573528
adaptive_fast,C105,C,10,874895,2,10,886161,1,worse,worse,11266,1.287697
adaptive_fast,C106,C,10,942706,1,10,939048,1,better,better,-3658,-0.388032
adaptive_fast,C107,C,10,892555,2,10,948993,2,worse,worse,56438,6.323196
adaptive_fast,C108,C,10,1130295,2,10,1103084,2,better,better,-27211,-2.407425
adaptive_fast,C109,C,10,1308492,2,10,1319827,0,worse,worse,11335,0.866264
adaptive_fast,C201,C,3,626335,0,3,704252,0,worse,worse,77917,12.440148
adaptive_fast,C202,C,3,717867,2,3,724988,1,worse,worse,7121,0.991966
adaptive_fast,C203,C,3,625423,0,3,632006,0,worse,worse,6583,1.052568
adaptive_fast,C204,C,3,714754,2,3,737060,2,worse,worse,22306,3.120794
adaptive_fast,C205,C,3,606129,2,3,615656,2,worse,worse,9527,1.571778
adaptive_fast,C206,C,3,613772,2,3,645289,0,worse,worse,31517,5.134969
adaptive_fast,C207,C,3,621266,2,3,631278,2,worse,worse,10012,1.611548
adaptive_fast,C208,C,3,638552,2,3,656955,2,worse,worse,18403,2.881989
adaptive_fast,R101,R,20,1794075,1,20,1868572,1,worse,worse,74497,4.152391
adaptive_fast,R102,R,18,1524295,2,18,1548987,0,worse,worse,24692,1.619896
adaptive_fast,R103,R,14,1474118,2,14,1543316,0,worse,worse,69198,4.694197
adaptive_fast,R104,R,10,1112596,2,10,1119070,2,worse,worse,6474,0.581882
adaptive_fast,R105,R,15,1563538,1,15,1644168,1,worse,worse,80630,5.156894
adaptive_fast,R106,R,13,1504472,2,13,1558794,2,worse,worse,54322,3.610702
adaptive_fast,R107,R,11,1326111,1,11,1344856,0,worse,worse,18745,1.413532
adaptive_fast,R108,R,10,1128679,1,10,1128679,1,tie,tie,0,0.000000
adaptive_fast,R109,R,13,1485981,0,13,1527854,0,worse,worse,41873,2.817869
adaptive_fast,R110,R,12,1399004,1,12,1462696,1,worse,worse,63692,4.552667
adaptive_fast,R111,R,12,1370638,0,12,1406336,0,worse,worse,35698,2.604481
adaptive_fast,R112,R,11,1169434,1,11,1158070,1,better,better,-11364,-0.971752
adaptive_fast,R201,R,4,1562030,1,4,1605282,2,worse,worse,43252,2.768961
adaptive_fast,R202,R,4,1553838,1,4,1622145,2,worse,worse,68307,4.396018
adaptive_fast,R203,R,3,1204657,2,3,1250918,2,worse,worse,46261,3.840180
adaptive_fast,R204,R,3,1170085,1,3,1199995,2,worse,worse,29910,2.556225
adaptive_fast,R205,R,3,1285766,0,3,1286878,0,worse,worse,1112,0.086485
adaptive_fast,R206,R,3,1439196,2,3,1389279,1,better,better,-49917,-3.468395
adaptive_fast,R207,R,3,1024827,2,3,1024827,2,tie,tie,0,0.000000
adaptive_fast,R208,R,2,914568,1,2,877884,1,better,better,-36684,-4.011074
adaptive_fast,R209,R,3,1275954,1,3,1303297,1,worse,worse,27343,2.142946
adaptive_fast,R210,R,3,1374580,2,3,1406463,2,worse,worse,31883,2.319472
adaptive_fast,R211,R,3,1368028,1,3,1411885,2,worse,worse,43857,3.205855
adaptive_fast,RC101,RC,16,1857651,2,16,1899838,2,worse,worse,42187,2.270986
adaptive_fast,RC102,RC,14,1691663,2,14,1711987,2,worse,worse,20324,1.201421
adaptive_fast,RC103,RC,12,1655238,1,12,1438228,2,better,better,-217010,-13.110501
adaptive_fast,RC104,RC,11,1269334,2,11,1316206,2,worse,worse,46872,3.692645
adaptive_fast,RC105,RC,14,1934928,0,14,1995938,0,worse,worse,61010,3.153089
adaptive_fast,RC106,RC,13,1605029,2,13,1679980,1,worse,worse,74951,4.669760
adaptive_fast,RC107,RC,13,1600755,0,13,1705395,0,worse,worse,104640,6.536915
adaptive_fast,RC108,RC,12,1450694,1,12,1604346,2,worse,worse,153652,10.591620
adaptive_fast,RC201,RC,5,2163673,1,5,2327126,2,worse,worse,163453,7.554423
adaptive_fast,RC202,RC,4,1554012,2,4,1619243,2,worse,worse,65231,4.197587
adaptive_fast,RC203,RC,3,1195626,0,3,1211454,0,worse,worse,15828,1.323825
adaptive_fast,RC204,RC,3,1424468,2,3,1482620,1,worse,worse,58152,4.082366
adaptive_fast,RC205,RC,4,1895759,0,4,1959415,0,worse,worse,63656,3.357811
adaptive_fast,RC206,RC,4,1592193,2,4,1725004,2,worse,worse,132811,8.341388
adaptive_fast,RC207,RC,3,1392608,1,3,1398319,1,worse,worse,5711,0.410094
adaptive_fast,RC208,RC,3,1309873,0,3,1365201,0,worse,worse,55328,4.223921
