instance,seed,phase,elapsed_seconds,inclusive_seconds,calls,candidates,feasible_candidates,infeasible_candidates,route_evaluations,validation_calls,accepted,capacity_prefilter_skips,rejected_capacity,rejected_time_window,rejected_depot_close,rejected_empty_route,trials,failures,removed_customers,route_cache_builds,incremental_route_evaluations,reused_prefix_customers,reused_suffix_customers,neighbour_filtered
C103,0,construction,0.0910293000015372,0.0910293000015372,1,5715,498,5217,5815,1,100,0,1514,5158,2749,0,0,0,0,0,0,0,0,0
C103,0,fleet_reduction,0.00019669999892357737,0.00019669999892357737,1,0,0,0,10,1,0,0,0,0,0,0,0,0,0,0,0,0,0,0
C103,0,perturbation,8.97999998414889e-05,0.006883999998535728,1,0,0,0,0,0,0,0,0,0,0,0,0,0,6,0,0,0,0,0
C103,0,repair,0.006794199998694239,0.006794199998694239,1,361,31,330,371,0,6,25,0,330,303,0,0,0,0,0,0,0,0,0
C103,0,local_search,0.40152739999757614,0.40152739999757614,1,31343,1433,29910,59578,45,44,0,15380,29265,23824,194,0,0,0,81,59128,249204,174476,0
C103,0,ils_control,0.0006735000060871243,0.409084900002199,1,0,0,0,20,2,0,0,0,0,0,0,0,0,0,0,0,0,0,0
C103,0,validation,0.00046469999870168976,0.00046469999870168976,2,0,0,0,20,2,0,0,0,0,0,0,0,0,0,0,0,0,0,0
C103,0,other,8.219999654102139e-05,8.219999654102139e-05,0,0,0,0,0,0,0,0,0,0,0,0,0,0,0,0,0,0,0,0
C103,1,construction,0.09754289999909815,0.09754289999909815,1,5715,498,5217,5815,1,100,0,1514,5158,2749,0,0,0,0,0,0,0,0,0
C103,1,fleet_reduction,0.00024020000273594633,0.00024020000273594633,1,0,0,0,10,1,0,0,0,0,0,0,0,0,0,0,0,0,0,0
C103,1,perturbation,0.0001351000028080307,0.004121400001167785,1,0,0,0,0,0,0,0,0,0,0,0,0,0,4,0,0,0,0,0
C103,1,repair,0.003986299998359755,0.003986299998359755,1,207,35,172,217,0,4,20,0,172,155,0,0,0,0,0,0,0,0,0
C103,1,local_search,0.3976531999978761,0.3976531999978761,1,31022,1423,29599,58966,45,44,0,15226,28954,23579,194,0,0,0,81,58516,246380,171268,0
C103,1,ils_control,0.0005510000009962823,0.40232560000004014,1,0,0,0,20,2,0,0,0,0,0,0,0,0,0,0,0,0,0,0
C103,1,validation,0.0003814000010606833,0.0003814000010606833,2,0,0,0,20,2,0,0,0,0,0,0,0,0,0,0,0,0,0,0
C103,1,other,7.339999865507707e-05,7.339999865507707e-05,0,0,0,0,0,0,0,0,0,0,0,0,0,0,0,0,0,0,0,0
C103,2,construction,0.09673909999764874,0.09673909999764874,1,5715,498,5217,5815,1,100,0,1514,5158,2749,0,0,0,0,0,0,0,0,0
C103,2,fleet_reduction,0.00021560000095632859,0.00021560000095632859,1,0,0,0,10,1,0,0,0,0,0,0,0,0,0,0,0,0,0,0
C103,2,perturbation,9.230000068782829e-05,0.0026753999991342425,1,0,0,0,0,0,0,0,0,0,0,0,0,0,3,0,0,0,0,0
C103,2,repair,0.0025830999984464142,0.0025830999984464142,1,130,11,119,140,0,3,17,0,119,82,0,0,0,0,0,0,0,0,0
C103,2,local_search,0.3999546000013652,0.3999546000013652,1,31884,1478,30406,60625,46,45,0,15518,29756,24182,194,0,0,0,82,60165,254001,178752,0
C103,2,ils_control,0.0004953999996359926,0.4031254000001354,1,0,0,0,20,2,0,0,0,0,0,0,0,0,0,0,0,0,0,0
C103,2,validation,0.00036810000165132806,0.00036810000165132806,2,0,0,0,20,2,0,0,0,0,0,0,0,0,0,0,0,0,0,0
C103,2,other,7.750000077066943e-05,7.750000077066943e-05,0,0,0,0,0,0,0,0,0,0,0,0,0,0,0,0,0,0,0,0
C104,0,construction,0.09182750000036322,0.09182750000036322,1,5575,511,5064,5675,1,100,0,2314,4499,3354,0,0,0,0,0,0,0,0,0
C104,0,fleet_reduction,0.00019470000188448466,0.00019470000188448466,1,0,0,0,10,1,0,0,0,0,0,0,0,0,0,0,0,0,0,0
C104,0,perturbation,8.540000271750614e-05,0.006550500002049375,1,0,0,0,0,0,0,0,0,0,0,0,0,0,6,0,0,0,0,0
C104,0,repair,0.006465099999331869,0.006465099999331869,1,384,102,282,394,0,6,24,0,282,277,0,0,0,0,0,0,0,0,0
C104,0,local_search,0.4010428999972646,0.4010428999972646,1,33117,2741,30376,60560,63,62,0,12283,29502,22017,97,0,0,0,114,59930,247840,225088,0
C104,0,ils_control,0.00042580000081215985,0.40801920000012615,1,0,0,0,20,2,0,0,0,0,0,0,0,0,0,0,0,0,0,0
C104,0,validation,0.00034529999538790435,0.00034529999538790435,2,0,0,0,20,2,0,0,0,0,0,0,0,0,0,0,0,0,0,0
C104,0,other,6.480000229203142e-05,6.480000229203142e-05,0,0,0,0,0,0,0,0,0,0,0,0,0,0,0,0,0,0,0,0
C104,1,construction,0.09291979999761679,0.09291979999761679,1,5575,511,5064,5675,1,100,0,2314,4499,3354,0,0,0,0,0,0,0,0,0
C104,1,fleet_reduction,0.00019080000129179098,0.00019080000129179098,1,0,0,0,10,1,0,0,0,0,0,0,0,0,0,0,0,0,0,0
C104,1,perturbation,8.960000195656903e-05,0.0056753000026219524,1,0,0,0,0,0,0,0,0,0,0,0,0,0,4,0,0,0,0,0
C104,1,repair,0.005585700000665383,0.005585700000665383,1,306,59,247,316,0,4,12,0,247,247,0,0,0,0,0,0,0,0,0
C104,1,local_search,0.40083990000130143,0.40083990000130143,1,30969,2619,28350,56333,54,53,0,11532,27584,20427,110,0,0,0,97,55793,230910,200997,0
C104,1,ils_control,0.0004945999971823767,0.40700980000110576,1,0,0,0,20,2,0,0,0,0,0,0,0,0,0,0,0,0,0,0
C104,1,validation,0.0003505000022414606,0.0003505000022414606,2,0,0,0,20,2,0,0,0,0,0,0,0,0,0,0,0,0,0,0
C104,1,other,6.44999963697046e-05,6.44999963697046e-05,0,0,0,0,0,0,0,0,0,0,0,0,0,0,0,0,0,0,0,0
C104,2,construction,0.09403699999893433,0.09403699999893433,1,5575,511,5064,5675,1,100,0,2314,4499,3354,0,0,0,0,0,0,0,0,0
C104,2,fleet_reduction,0.00020139999833190814,0.00020139999833190814,1,0,0,0,10,1,0,0,0,0,0,0,0,0,0,0,0,0,0,0
C104,2,perturbation,8.460000026389025e-05,0.0024388000019825995,1,0,0,0,0,0,0,0,0,0,0,0,0,0,3,0,0,0,0,0
C104,2,repair,0.0023542000017187092,0.0023542000017187092,1,126,12,114,136,0,3,18,0,114,83,0,0,0,0,0,0,0,0,0
C104,2,local_search,0.40294169999833684,0.40294169999833684,1,32709,2094,30615,61460,47,46,0,15748,29288,21993,170,0,0,0,81,60990,261228,196444,0
C104,2,ils_control,0.000438300001405878,0.4058188000017253,1,0,0,0,20,2,0,0,0,0,0,0,0,0,0,0,0,0,0,0
C104,2,validation,0.0003479999977571424,0.0003479999977571424,2,0,0,0,20,2,0,0,0,0,0,0,0,0,0,0,0,0,0,0
C104,2,other,6.480000593001023e-05,6.480000593001023e-05,0,0,0,0,0,0,0,0,0,0,0,0,0,0,0,0,0,0,0,0
R101,0,construction,0.06241489999956684,0.06241489999956684,1,6754,444,6310,6854,1,100,0,0,6310,2604,0,0,0,0,0,0,0,0,0
R101,0,fleet_reduction,0.04256470001564594,0.4155285000015283,1,0,0,0,488,3,0,0,0,0,0,0,20,19,0,0,0,0,0,0
R101,0,perturbation,8.999999772640876e-05,0.008711799997399794,1,0,0,0,0,0,0,0,0,0,0,0,0,0,6,0,0,0,0,0
R101,0,repair,0.38158559998555575,0.38158559998555575,21,47992,4472,43520,48435,0,735,0,0,43520,7763,0,0,18,0,0,0,0,0,0
R101,0,local_search,0.012827499998820713,0.012827499998820713,1,1122,23,1099,2081,4,3,0,0,1079,525,20,0,0,0,28,1993,2813,3348,0
R101,0,ils_control,0.0005450000026030466,0.022084299998823553,1,0,0,0,44,2,0,0,0,0,0,0,0,0,0,0,0,0,0,0
R101,0,validation,0.00038019999919924885,0.00038019999919924885,2,0,0,0,45,2,0,0,0,0,0,0,0,0,0,0,0,0,0,0
R101,0,other,9.979999958886765e-05,9.979999958886765e-05,0,0,0,0,0,0,0,0,0,0,0,0,0,0,0,0,0,0,0,0
R101,1,construction,0.06304710000040359,0.06304710000040359,1,6754,444,6310,6854,1,100,0,0,6310,2604,0,0,0,0,0,0,0,0,0
R101,1,fleet_reduction,0.03069139999570325,0.414932099996804,1,0,0,0,399,5,0,0,0,0,0,0,14,12,0,0,0,0,0,0
R101,1,perturbation,9.639999916544184e-05,0.006867899999633664,1,0,0,0,0,0,0,0,0,0,0,0,0,0,4,0,0,0,0,0
R101,1,repair,0.391012200001569,0.391012200001569,15,43980,3625,40355,44291,0,646,0,0,40355,9798,0,0,11,0,0,0,0,0,0
R101,1,local_search,0.014650600001914427,0.014650600001914427,1,1271,13,1258,2483,3,2,0,0,1258,756,0,0,0,0,25,2420,4509,4992,0
R101,1,ils_control,0.0005247000008239411,0.022043200002372032,1,0,0,0,42,2,0,0,0,0,0,0,0,0,0,0,0,0,0,0
R101,1,validation,0.00039489999835495837,0.00039489999835495837,2,0,0,0,44,2,0,0,0,0,0,0,0,0,0,0,0,0,0,0
R101,1,other,8.010000237845816e-05,8.010000237845816e-05,0,0,0,0,0,0,0,0,0,0,0,0,0,0,0,0,0,0,0,0
R101,2,construction,0.06480440000086674,0.06480440000086674,1,6754,444,6310,6854,1,100,0,0,6310,2604,0,0,0,0,0,0,0,0,0
R101,2,fleet_reduction,0.03938059999563848,0.41326889999982086,1,0,0,0,518,5,0,0,0,0,0,0,20,18,0,0,0,0,0,0
R101,2,perturbation,0.00010029999975813553,0.0032686999984434806,1,0,0,0,0,0,0,0,0,0,0,0,0,0,2,0,0,0,0,0
R101,2,repair,0.37705670000286773,0.37705670000286773,21,47849,4544,43305,48279,0,742,0,0,43305,9220,0,0,17,0,0,0,0,0,0
R101,2,local_search,0.018168599999626167,0.018168599999626167,1,1579,31,1548,2834,6,5,0,0,1535,782,13,0,0,0,31,2708,4629,4576,0
R101,2,ils_control,0.0005280000041238964,0.021965300002193544,1,0,0,0,42,2,0,0,0,0,0,0,0,0,0,0,0,0,0,0
R101,2,validation,0.000392399997508619,0.000392399997508619,2,0,0,0,44,2,0,0,0,0,0,0,0,0,0,0,0,0,0,0
R101,2,other,8.439999874099158e-05,8.439999874099158e-05,0,0,0,0,0,0,0,0,0,0,0,0,0,0,0,0,0,0,0,0
RC101,0,construction,0.0660349000027054,0.0660349000027054,1,6468,380,6088,6568,1,100,0,0,6088,3291,0,0,0,0,0,0,0,0,0
RC101,0,fleet_reduction,0.022668400004477007,0.41207050000230083,1,0,0,0,341,7,0,0,0,0,0,0,12,9,0,0,0,0,0,0
RC101,0,perturbation,0.00016900000264286064,0.01819180000165943,2,0,0,0,0,0,0,0,0,0,0,0,0,0,11,0,0,0,0,0
RC101,0,repair,0.4074248999968404,0.4074248999968404,14,41126,3972,37154,41373,0,623,2,0,37154,17158,0,0,9,0,0,0,0,0,0
RC101,0,local_search,0.003182399999786867,0.003182399999786867,1,188,6,182,345,3,2,0,0,182,158,0,0,0,0,20,294,440,1113,0
RC101,0,ils_control,0.0004819999958272092,0.021856199997273507,1,0,0,0,34,2,0,0,0,0,0,0,0,0,0,0,0,0,0,0
RC101,0,validation,0.00038190000122995116,0.00038190000122995116,2,0,0,0,37,2,0,0,0,0,0,0,0,0,0,0,0,0,0,0
RC101,0,other,9.659999705036171e-05,9.659999705036171e-05,0,0,0,0,0,0,0,0,0,0,0,0,0,0,0,0,0,0,0,0
RC101,1,construction,0.0718297999992501,0.0718297999992501,1,6468,380,6088,6568,1,100,0,0,6088,3291,0,0,0,0,0,0,0,0,0
RC101,1,fleet_reduction,0.025504200009891065,0.4065571000028285,1,0,0,0,326,5,0,0,0,0,0,0,13,11,0,0,0,0,0,0
RC101,1,perturbation,0.0001241000027221162,0.00710840000101598,1,0,0,0,0,0,0,0,0,0,0,0,0,0,4,0,0,0,0,0
RC101,1,repair,0.3880371999912313,0.3880371999912313,14,39010,4191,34819,39260,0,607,1,0,34819,14597,0,0,10,0,0,0,0,0,0
RC101,1,local_search,0.01396999999997206,0.01396999999997206,1,1235,24,1211,2426,1,0,0,0,1211,1020,0,0,0,0,18,2408,6407,7361,0
RC101,1,ils_control,0.0005560999998124316,0.021634500000800472,1,0,0,0,36,2,0,0,0,0,0,0,0,0,0,0,0,0,0,0
RC101,1,validation,0.000398300002416363,0.000398300002416363,2,0,0,0,38,2,0,0,0,0,0,0,0,0,0,0,0,0,0,0
RC101,1,other,8.739999248064123e-05,8.739999248064123e-05,0,0,0,0,0,0,0,0,0,0,0,0,0,0,0,0,0,0,0,0
RC101,2,construction,0.06637510000291513,0.06637510000291513,1,6468,380,6088,6568,1,100,0,0,6088,3291,0,0,0,0,0,0,0,0,0
RC101,2,fleet_reduction,0.023756800008413848,0.41188989999864134,1,0,0,0,344,5,0,0,0,0,0,0,14,12,0,0,0,0,0,0
RC101,2,perturbation,9.010000212583691e-05,0.004896300000837073,1,0,0,0,0,0,0,0,0,0,0,0,0,0,3,0,0,0,0,0
RC101,2,repair,0.39293929998893873,0.39293929998893873,15,41793,4316,37477,42061,0,666,5,0,37477,14718,0,0,11,0,0,0,0,0,0
RC101,2,local_search,0.016358900000341237,0.016358900000341237,1,1314,15,1299,2481,4,3,0,53,1296,1133,3,0,0,0,21,2409,6744,7977,0
RC101,2,ils_control,0.0005037999981141184,0.021758999999292428,1,0,0,0,36,2,0,0,0,0,0,0,0,0,0,0,0,0,0,0
RC101,2,validation,0.0003727000002982095,0.0003727000002982095,2,0,0,0,38,2,0,0,0,0,0,0,0,0,0,0,0,0,0,0
RC101,2,other,8.24999988253694e-05,8.24999988253694e-05,0,0,0,0,0,0,0,0,0,0,0,0,0,0,0,0,0,0,0,0
